timestamp,product,capacity,shop,price,cost_price,profit,decision,previous_delta,yesterday_delta,status,message,url
2026-06-23T07:01:47.623058+00:00,iPhone 17 Pro 256GB,256GB,海峡通信,178000,179800,-1800,WAIT,,,ok,目標未達,https://www.mobile-ichiban.com/Prod/1/01/36
2026-06-23T07:01:47.623058+00:00,iPhone 17 Pro 512GB,512GB,海峡通信,214000,214800,-800,WAIT,,,ok,目標未達,https://www.mobile-ichiban.com/Prod/1/01/36
2026-06-23T07:01:47.623058+00:00,iPhone 17 Pro Max 256GB,256GB,海峡通信,192500,194800,-2300,WAIT,,,ok,目標未達,https://www.mobile-ichiban.com/Prod/1/01/37
2026-06-23T07:01:47.623058+00:00,iPhone 17 Pro Max 512GB,512GB,海峡通信,229000,229800,-800,WAIT,,,ok,目標未達,https://www.mobile-ichiban.com/Prod/1/01/37
2026-06-23T07:07:43.996337+00:00,iPhone 17 Pro 256GB,256GB,海峡通信,178000,179800,-1800,WAIT,0,,ok,目標未達,https://www.mobile-ichiban.com/Prod/1/01/36
2026-06-23T07:07:43.996337+00:00,iPhone 17 Pro 512GB,512GB,海峡通信,214000,214800,-800,WAIT,0,,ok,目標未達,https://www.mobile-ichiban.com/Prod/1/01/36
2026-06-23T07:07:43.996337+00:00,iPhone 17 Pro Max 256GB,256GB,海峡通信,192500,194800,-2300,WAIT,0,,ok,目標未達,https://www.mobile-ichiban.com/Prod/1/01/37
2026-06-23T07:07:43.996337+00:00,iPhone 17 Pro Max 512GB,512GB,海峡通信,229000,229800,-800,WAIT,0,,ok,目標未達,https://www.mobile-ichiban.com/Prod/1/01/37
2026-06-23T16:16:06.173273+00:00,iPhone 17 Pro 256GB,256GB,海峡通信,,179800,,ALERT,,,failed,"海峡通信の取得に失敗: 3回リトライ後も取得失敗: HTTPSConnectionPool(host='www.mobile-ichiban.com', port=443): Max retries exceeded with url: /Prod/1/01/36 (Caused by ConnectTimeoutError(<HTTPSConnection(host='www.mobile-ichiban.com', port=443) at 0x7f0104762c30>, 'Connection to www.mobile-ichiban.com timed out. (connect timeout=20)'))",https://www.mobile-ichiban.com/Prod/1/01/36
2026-06-23T16:16:06.173273+00:00,iPhone 17 Pro 512GB,512GB,海峡通信,,214800,,ALERT,,,failed,"海峡通信の取得に失敗: 3回リトライ後も取得失敗: HTTPSConnectionPool(host='www.mobile-ichiban.com', port=443): Max retries exceeded with url: /Prod/1/01/36 (Caused by ConnectTimeoutError(<HTTPSConnection(host='www.mobile-ichiban.com', port=443) at 0x7f0104762c30>, 'Connection to www.mobile-ichiban.com timed out. (connect timeout=20)'))",https://www.mobile-ichiban.com/Prod/1/01/36
2026-06-23T16:16:06.173273+00:00,iPhone 17 Pro Max 256GB,256GB,海峡通信,,194800,,ALERT,,,failed,"海峡通信の取得に失敗: 3回リトライ後も取得失敗: HTTPSConnectionPool(host='www.mobile-ichiban.com', port=443): Max retries exceeded with url: /Prod/1/01/37 (Caused by ConnectTimeoutError(<HTTPSConnection(host='www.mobile-ichiban.com', port=443) at 0x7f0103f24e90>, 'Connection to www.mobile-ichiban.com timed out. (connect timeout=20)'))",https://www.mobile-ichiban.com/Prod/1/01/37
2026-06-23T16:16:06.173273+00:00,iPhone 17 Pro Max 512GB,512GB,海峡通信,,229800,,ALERT,,,failed,"海峡通信の取得に失敗: 3回リトライ後も取得失敗: HTTPSConnectionPool(host='www.mobile-ichiban.com', port=443): Max retries exceeded with url: /Prod/1/01/37 (Caused by ConnectTimeoutError(<HTTPSConnection(host='www.mobile-ichiban.com', port=443) at 0x7f0103f24e90>, 'Connection to www.mobile-ichiban.com timed out. (connect timeout=20)'))",https://www.mobile-ichiban.com/Prod/1/01/37
2026-06-23T22:04:40.745347+00:00,iPhone 17 Pro 256GB,256GB,海峡通信,178000,179800,-1800,WAIT,0,,ok,目標未達,https://www.mobile-ichiban.com/Prod/1/01/36
2026-06-23T22:04:40.745347+00:00,iPhone 17 Pro 512GB,512GB,海峡通信,178000,214800,-36800,ALERT,-36000,,ok,"前回比 -36,000円",https://www.mobile-ichiban.com/Prod/1/01/36
2026-06-23T22:04:40.745347+00:00,iPhone 17 Pro Max 256GB,256GB,海峡通信,192500,194800,-2300,WAIT,0,,ok,目標未達,https://www.mobile-ichiban.com/Prod/1/01/37
2026-06-23T22:04:40.745347+00:00,iPhone 17 Pro Max 512GB,512GB,海峡通信,192500,229800,-37300,ALERT,-36500,,ok,"前回比 -36,500円",https://www.mobile-ichiban.com/Prod/1/01/37
2026-06-24T10:35:04.661108+00:00,iPhone 17 Pro 256GB,256GB,海峡通信,178000,179800,-1800,WAIT,0,,ok,目標未達,https://www.mobile-ichiban.com/Prod/1/01/36
2026-06-24T10:35:04.661108+00:00,iPhone 17 Pro 512GB,512GB,海峡通信,178000,214800,-36800,WAIT,0,,ok,損益が監視ライン以下,https://www.mobile-ichiban.com/Prod/1/01/36
2026-06-24T10:35:04.661108+00:00,iPhone 17 Pro Max 256GB,256GB,海峡通信,192000,194800,-2800,WAIT,-500,,ok,目標未達,https://www.mobile-ichiban.com/Prod/1/01/37
2026-06-24T10:35:04.661108+00:00,iPhone 17 Pro Max 512GB,512GB,海峡通信,192000,229800,-37800,WAIT,-500,,ok,損益が監視ライン以下,https://www.mobile-ichiban.com/Prod/1/01/37
2026-06-24T18:13:30.681909+00:00,iPhone 17 Pro 256GB,256GB,海峡通信,,179800,,ALERT,,,failed,"海峡通信の取得に失敗: 3回リトライ後も取得失敗: HTTPSConnectionPool(host='www.mobile-ichiban.com', port=443): Max retries exceeded with url: /Prod/1/01/36 (Caused by ConnectTimeoutError(<HTTPSConnection(host='www.mobile-ichiban.com', port=443) at 0x7f4534a62120>, 'Connection to www.mobile-ichiban.com timed out. (connect timeout=20)'))",https://www.mobile-ichiban.com/Prod/1/01/36
2026-06-24T18:13:30.681909+00:00,iPhone 17 Pro 512GB,512GB,海峡通信,,214800,,ALERT,,,failed,"海峡通信の取得に失敗: 3回リトライ後も取得失敗: HTTPSConnectionPool(host='www.mobile-ichiban.com', port=443): Max retries exceeded with url: /Prod/1/01/36 (Caused by ConnectTimeoutError(<HTTPSConnection(host='www.mobile-ichiban.com', port=443) at 0x7f4534a62120>, 'Connection to www.mobile-ichiban.com timed out. (connect timeout=20)'))",https://www.mobile-ichiban.com/Prod/1/01/36
2026-06-24T18:13:30.681909+00:00,iPhone 17 Pro Max 256GB,256GB,海峡通信,,194800,,ALERT,,,failed,"海峡通信の取得に失敗: 3回リトライ後も取得失敗: HTTPSConnectionPool(host='www.mobile-ichiban.com', port=443): Max retries exceeded with url: /Prod/1/01/37 (Caused by ConnectTimeoutError(<HTTPSConnection(host='www.mobile-ichiban.com', port=443) at 0x7f45347fed80>, 'Connection to www.mobile-ichiban.com timed out. (connect timeout=20)'))",https://www.mobile-ichiban.com/Prod/1/01/37
2026-06-24T18:13:30.681909+00:00,iPhone 17 Pro Max 512GB,512GB,海峡通信,,229800,,ALERT,,,failed,"海峡通信の取得に失敗: 3回リトライ後も取得失敗: HTTPSConnectionPool(host='www.mobile-ichiban.com', port=443): Max retries exceeded with url: /Prod/1/01/37 (Caused by ConnectTimeoutError(<HTTPSConnection(host='www.mobile-ichiban.com', port=443) at 0x7f45347fed80>, 'Connection to www.mobile-ichiban.com timed out. (connect timeout=20)'))",https://www.mobile-ichiban.com/Prod/1/01/37
2026-06-24T22:56:30.318689+00:00,iPhone 17 Pro 256GB,256GB,海峡通信,178000,179800,-1800,WAIT,0,0,ok,目標未達,https://www.mobile-ichiban.com/Prod/1/01/36
2026-06-24T22:56:30.318689+00:00,iPhone 17 Pro 512GB,512GB,海峡通信,178000,214800,-36800,WAIT,0,0,ok,損益が監視ライン以下,https://www.mobile-ichiban.com/Prod/1/01/36
2026-06-24T22:56:30.318689+00:00,iPhone 17 Pro Max 256GB,256GB,海峡通信,192000,194800,-2800,WAIT,0,-500,ok,目標未達,https://www.mobile-ichiban.com/Prod/1/01/37
2026-06-24T22:56:30.318689+00:00,iPhone 17 Pro Max 512GB,512GB,海峡通信,192000,229800,-37800,WAIT,0,-500,ok,損益が監視ライン以下,https://www.mobile-ichiban.com/Prod/1/01/37
2026-06-25T10:24:53.568212+00:00,iPhone 17 Pro 256GB,256GB,海峡通信,177000,179800,-2800,WAIT,-1000,-1000,ok,目標未達,https://www.mobile-ichiban.com/Prod/1/01/36
2026-06-25T10:24:53.568212+00:00,iPhone 17 Pro 512GB,512GB,海峡通信,177000,214800,-37800,WAIT,-1000,-1000,ok,損益が監視ライン以下,https://www.mobile-ichiban.com/Prod/1/01/36
2026-06-25T10:24:53.568212+00:00,iPhone 17 Pro Max 256GB,256GB,海峡通信,192000,194800,-2800,WAIT,0,0,ok,目標未達,https://www.mobile-ichiban.com/Prod/1/01/37
2026-06-25T10:24:53.568212+00:00,iPhone 17 Pro Max 512GB,512GB,海峡通信,192000,229800,-37800,WAIT,0,0,ok,損益が監視ライン以下,https://www.mobile-ichiban.com/Prod/1/01/37
2026-06-25T18:35:38.326721+00:00,iPhone 17 Pro 256GB,256GB,海峡通信,,179800,,ALERT,,,failed,"海峡通信の取得に失敗: 3回リトライ後も取得失敗: HTTPSConnectionPool(host='www.mobile-ichiban.com', port=443): Max retries exceeded with url: /Prod/1/01/36 (Caused by ConnectTimeoutError(<HTTPSConnection(host='www.mobile-ichiban.com', port=443) at 0x7f422f050c20>, 'Connection to www.mobile-ichiban.com timed out. (connect timeout=20)'))",https://www.mobile-ichiban.com/Prod/1/01/36
2026-06-25T18:35:38.326721+00:00,iPhone 17 Pro 512GB,512GB,海峡通信,,214800,,ALERT,,,failed,"海峡通信の取得に失敗: 3回リトライ後も取得失敗: HTTPSConnectionPool(host='www.mobile-ichiban.com', port=443): Max retries exceeded with url: /Prod/1/01/36 (Caused by ConnectTimeoutError(<HTTPSConnection(host='www.mobile-ichiban.com', port=443) at 0x7f422f050c20>, 'Connection to www.mobile-ichiban.com timed out. (connect timeout=20)'))",https://www.mobile-ichiban.com/Prod/1/01/36
2026-06-25T18:35:38.326721+00:00,iPhone 17 Pro Max 256GB,256GB,海峡通信,,194800,,ALERT,,,failed,"海峡通信の取得に失敗: 3回リトライ後も取得失敗: HTTPSConnectionPool(host='www.mobile-ichiban.com', port=443): Max retries exceeded with url: /Prod/1/01/37 (Caused by ConnectTimeoutError(<HTTPSConnection(host='www.mobile-ichiban.com', port=443) at 0x7f422e42afc0>, 'Connection to www.mobile-ichiban.com timed out. (connect timeout=20)'))",https://www.mobile-ichiban.com/Prod/1/01/37
2026-06-25T18:35:38.326721+00:00,iPhone 17 Pro Max 512GB,512GB,海峡通信,,229800,,ALERT,,,failed,"海峡通信の取得に失敗: 3回リトライ後も取得失敗: HTTPSConnectionPool(host='www.mobile-ichiban.com', port=443): Max retries exceeded with url: /Prod/1/01/37 (Caused by ConnectTimeoutError(<HTTPSConnection(host='www.mobile-ichiban.com', port=443) at 0x7f422e42afc0>, 'Connection to www.mobile-ichiban.com timed out. (connect timeout=20)'))",https://www.mobile-ichiban.com/Prod/1/01/37
2026-06-25T23:55:49.605566+00:00,iPhone 17 Pro 256GB,256GB,海峡通信,177000,179800,-2800,WAIT,0,-1000,ok,目標未達,https://www.mobile-ichiban.com/Prod/1/01/36
2026-06-25T23:55:49.605566+00:00,iPhone 17 Pro 512GB,512GB,海峡通信,177000,214800,-37800,WAIT,0,-1000,ok,損益が監視ライン以下,https://www.mobile-ichiban.com/Prod/1/01/36
2026-06-25T23:55:49.605566+00:00,iPhone 17 Pro Max 256GB,256GB,海峡通信,192000,194800,-2800,WAIT,0,0,ok,目標未達,https://www.mobile-ichiban.com/Prod/1/01/37
2026-06-25T23:55:49.605566+00:00,iPhone 17 Pro Max 512GB,512GB,海峡通信,192000,229800,-37800,WAIT,0,0,ok,損益が監視ライン以下,https://www.mobile-ichiban.com/Prod/1/01/37
2026-06-26T11:20:35.539157+00:00,iPhone 17 Pro 256GB,256GB,海峡通信,177000,179800,-2800,WAIT,0,0,ok,目標未達,https://www.mobile-ichiban.com/Prod/1/01/36
2026-06-26T11:20:35.539157+00:00,iPhone 17 Pro 512GB,512GB,海峡通信,177000,214800,-37800,WAIT,0,0,ok,損益が監視ライン以下,https://www.mobile-ichiban.com/Prod/1/01/36
2026-06-26T11:20:35.539157+00:00,iPhone 17 Pro Max 256GB,256GB,海峡通信,192000,194800,-2800,WAIT,0,0,ok,目標未達,https://www.mobile-ichiban.com/Prod/1/01/37
2026-06-26T11:20:35.539157+00:00,iPhone 17 Pro Max 512GB,512GB,海峡通信,192000,229800,-37800,WAIT,0,0,ok,損益が監視ライン以下,https://www.mobile-ichiban.com/Prod/1/01/37
2026-06-26T18:13:32.206555+00:00,iPhone 17 Pro 256GB,256GB,海峡通信,177000,179800,-2800,WAIT,0,,ok,目標未達,https://www.mobile-ichiban.com/Prod/1/01/36
2026-06-26T18:13:32.206555+00:00,iPhone 17 Pro 512GB,512GB,海峡通信,177000,214800,-37800,WAIT,0,,ok,損益が監視ライン以下,https://www.mobile-ichiban.com/Prod/1/01/36
2026-06-26T18:13:32.206555+00:00,iPhone 17 Pro Max 256GB,256GB,海峡通信,192000,194800,-2800,WAIT,0,,ok,目標未達,https://www.mobile-ichiban.com/Prod/1/01/37
2026-06-26T18:13:32.206555+00:00,iPhone 17 Pro Max 512GB,512GB,海峡通信,192000,229800,-37800,WAIT,0,,ok,損益が監視ライン以下,https://www.mobile-ichiban.com/Prod/1/01/37
2026-06-26T22:56:00.450817+00:00,iPhone 17 Pro 256GB,256GB,海峡通信,177000,179800,-2800,WAIT,0,0,ok,目標未達,https://www.mobile-ichiban.com/Prod/1/01/36
2026-06-26T22:56:00.450817+00:00,iPhone 17 Pro 512GB,512GB,海峡通信,177000,214800,-37800,WAIT,0,0,ok,損益が監視ライン以下,https://www.mobile-ichiban.com/Prod/1/01/36
2026-06-26T22:56:00.450817+00:00,iPhone 17 Pro Max 256GB,256GB,海峡通信,192000,194800,-2800,WAIT,0,0,ok,目標未達,https://www.mobile-ichiban.com/Prod/1/01/37
2026-06-26T22:56:00.450817+00:00,iPhone 17 Pro Max 512GB,512GB,海峡通信,192000,229800,-37800,WAIT,0,0,ok,損益が監視ライン以下,https://www.mobile-ichiban.com/Prod/1/01/37
2026-06-27T09:14:43.351891+00:00,iPhone 17 Pro 256GB,256GB,海峡通信,178000,179800,-1800,WAIT,1000,1000,ok,目標未達,https://www.mobile-ichiban.com/Prod/1/01/36
2026-06-27T09:14:43.351891+00:00,iPhone 17 Pro 512GB,512GB,海峡通信,212000,214800,-2800,WAIT,35000,35000,ok,"前回比 +35,000円",https://www.mobile-ichiban.com/Prod/1/01/36
2026-06-27T09:14:43.351891+00:00,iPhone 17 Pro Max 256GB,256GB,海峡通信,193500,194800,-1300,WAIT,1500,1500,ok,目標未達,https://www.mobile-ichiban.com/Prod/1/01/37
2026-06-27T09:14:43.351891+00:00,iPhone 17 Pro Max 512GB,512GB,海峡通信,228000,229800,-1800,WAIT,36000,36000,ok,"前回比 +36,000円",https://www.mobile-ichiban.com/Prod/1/01/37
2026-06-27T15:04:36.208200+00:00,iPhone 17 Pro 256GB,256GB,海峡通信,178000,179800,-1800,WAIT,0,,ok,目標未達,https://www.mobile-ichiban.com/Prod/1/01/36
2026-06-27T15:04:36.208200+00:00,iPhone 17 Pro 512GB,512GB,海峡通信,178000,214800,-36800,ALERT,-34000,,ok,"前回比 -34,000円",https://www.mobile-ichiban.com/Prod/1/01/36
2026-06-27T15:04:36.208200+00:00,iPhone 17 Pro Max 256GB,256GB,海峡通信,193500,194800,-1300,WAIT,0,,ok,目標未達,https://www.mobile-ichiban.com/Prod/1/01/37
2026-06-27T15:04:36.208200+00:00,iPhone 17 Pro Max 512GB,512GB,海峡通信,193500,229800,-36300,ALERT,-34500,,ok,"前回比 -34,500円",https://www.mobile-ichiban.com/Prod/1/01/37
2026-06-27T20:18:01.672261+00:00,iPhone 17 Pro 256GB,256GB,海峡通信,178000,179800,-1800,WAIT,0,1000,ok,目標未達,https://www.mobile-ichiban.com/Prod/1/01/36
2026-06-27T20:18:01.672261+00:00,iPhone 17 Pro 512GB,512GB,海峡通信,178000,214800,-36800,WAIT,0,1000,ok,損益が監視ライン以下,https://www.mobile-ichiban.com/Prod/1/01/36
2026-06-27T20:18:01.672261+00:00,iPhone 17 Pro Max 256GB,256GB,海峡通信,193500,194800,-1300,WAIT,0,1500,ok,目標未達,https://www.mobile-ichiban.com/Prod/1/01/37
2026-06-27T20:18:01.672261+00:00,iPhone 17 Pro Max 512GB,512GB,海峡通信,193500,229800,-36300,WAIT,0,1500,ok,損益が監視ライン以下,https://www.mobile-ichiban.com/Prod/1/01/37
2026-06-28T08:34:21.017000+00:00,iPhone 17 Pro 256GB,256GB,海峡通信,178200,179800,-1600,WAIT,200,200,ok,目標未達,https://www.mobile-ichiban.com/Prod/1/01/36
2026-06-28T08:34:21.017000+00:00,iPhone 17 Pro 512GB,512GB,海峡通信,212500,214800,-2300,WAIT,34500,500,ok,"前回比 +34,500円",https://www.mobile-ichiban.com/Prod/1/01/36
2026-06-28T08:34:21.017000+00:00,iPhone 17 Pro Max 256GB,256GB,海峡通信,194000,194800,-800,WAIT,500,500,ok,目標未達,https://www.mobile-ichiban.com/Prod/1/01/37
2026-06-28T08:34:21.017000+00:00,iPhone 17 Pro Max 512GB,512GB,海峡通信,228200,229800,-1600,WAIT,34700,200,ok,"前回比 +34,700円",https://www.mobile-ichiban.com/Prod/1/01/37
2026-06-28T14:59:45.083300+00:00,iPhone 17 Pro 256GB,256GB,海峡通信,178200,179800,-1600,WAIT,0,200,ok,目標未達,https://www.mobile-ichiban.com/Prod/1/01/36
2026-06-28T14:59:45.083300+00:00,iPhone 17 Pro 512GB,512GB,海峡通信,178200,214800,-36600,ALERT,-34300,200,ok,"前回比 -34,300円",https://www.mobile-ichiban.com/Prod/1/01/36
2026-06-28T14:59:45.083300+00:00,iPhone 17 Pro Max 256GB,256GB,海峡通信,194000,194800,-800,WAIT,0,500,ok,目標未達,https://www.mobile-ichiban.com/Prod/1/01/37
2026-06-28T14:59:45.083300+00:00,iPhone 17 Pro Max 512GB,512GB,海峡通信,194000,229800,-35800,ALERT,-34200,500,ok,"前回比 -34,200円",https://www.mobile-ichiban.com/Prod/1/01/37
2026-06-28T18:57:20.129024+00:00,iPhone 17 Pro 256GB,256GB,海峡通信,178200,179800,-1600,WAIT,0,200,ok,目標未達,https://www.mobile-ichiban.com/Prod/1/01/36
2026-06-28T18:57:20.129024+00:00,iPhone 17 Pro 512GB,512GB,海峡通信,178200,214800,-36600,WAIT,0,200,ok,損益が監視ライン以下,https://www.mobile-ichiban.com/Prod/1/01/36
2026-06-28T18:57:20.129024+00:00,iPhone 17 Pro Max 256GB,256GB,海峡通信,194000,194800,-800,WAIT,0,500,ok,目標未達,https://www.mobile-ichiban.com/Prod/1/01/37
2026-06-28T18:57:20.129024+00:00,iPhone 17 Pro Max 512GB,512GB,海峡通信,194000,229800,-35800,WAIT,0,500,ok,損益が監視ライン以下,https://www.mobile-ichiban.com/Prod/1/01/37
2026-06-28T22:43:17.309562+00:00,iPhone 17 Pro 256GB,256GB,海峡通信,178200,179800,-1600,WAIT,0,200,ok,目標未達,https://www.mobile-ichiban.com/Prod/1/01/36
2026-06-28T22:43:17.309562+00:00,iPhone 17 Pro 512GB,512GB,海峡通信,178200,214800,-36600,WAIT,0,200,ok,損益が監視ライン以下,https://www.mobile-ichiban.com/Prod/1/01/36
2026-06-28T22:43:17.309562+00:00,iPhone 17 Pro Max 256GB,256GB,海峡通信,194000,194800,-800,WAIT,0,500,ok,目標未達,https://www.mobile-ichiban.com/Prod/1/01/37
2026-06-28T22:43:17.309562+00:00,iPhone 17 Pro Max 512GB,512GB,海峡通信,194000,229800,-35800,WAIT,0,500,ok,損益が監視ライン以下,https://www.mobile-ichiban.com/Prod/1/01/37
2026-06-29T14:37:27.628984+00:00,iPhone 17 Pro 256GB,256GB,海峡通信,182000,179800,2200,SELL,3800,3800,ok,売却目標に到達,https://www.mobile-ichiban.com/Prod/1/01/36
2026-06-29T14:37:27.628984+00:00,iPhone 17 Pro 512GB,512GB,海峡通信,182000,214800,-32800,WAIT,3800,3800,ok,"前回比 +3,800円",https://www.mobile-ichiban.com/Prod/1/01/36
2026-06-29T14:37:27.628984+00:00,iPhone 17 Pro Max 256GB,256GB,海峡通信,197500,194800,2700,SELL,3500,3500,ok,売却目標に到達,https://www.mobile-ichiban.com/Prod/1/01/37
2026-06-29T14:37:27.628984+00:00,iPhone 17 Pro Max 512GB,512GB,海峡通信,197500,229800,-32300,WAIT,3500,3500,ok,"前回比 +3,500円",https://www.mobile-ichiban.com/Prod/1/01/37
2026-06-29T21:11:05.324011+00:00,iPhone 17 Pro 256GB,256GB,海峡通信,182000,179800,2200,SELL,0,3800,ok,売却目標に到達,https://www.mobile-ichiban.com/Prod/1/01/36
2026-06-29T21:11:05.324011+00:00,iPhone 17 Pro 512GB,512GB,海峡通信,182000,214800,-32800,WAIT,0,3800,ok,損益が監視ライン以下,https://www.mobile-ichiban.com/Prod/1/01/36
2026-06-29T21:11:05.324011+00:00,iPhone 17 Pro Max 256GB,256GB,海峡通信,197500,194800,2700,SELL,0,3500,ok,売却目標に到達,https://www.mobile-ichiban.com/Prod/1/01/37
2026-06-29T21:11:05.324011+00:00,iPhone 17 Pro Max 512GB,512GB,海峡通信,197500,229800,-32300,WAIT,0,3500,ok,損益が監視ライン以下,https://www.mobile-ichiban.com/Prod/1/01/37
2026-06-30T10:42:33.749519+00:00,iPhone 17 Pro 256GB,256GB,海峡通信,185000,179800,5200,SELL,3000,,ok,売却目標に到達,https://www.mobile-ichiban.com/Prod/1/01/36
2026-06-30T10:42:33.749519+00:00,iPhone 17 Pro 512GB,512GB,海峡通信,185000,214800,-29800,WAIT,3000,,ok,"前回比 +3,000円",https://www.mobile-ichiban.com/Prod/1/01/36
2026-06-30T10:42:33.749519+00:00,iPhone 17 Pro Max 256GB,256GB,海峡通信,204000,194800,9200,SELL,6500,,ok,売却目標に到達,https://www.mobile-ichiban.com/Prod/1/01/37
2026-06-30T10:42:33.749519+00:00,iPhone 17 Pro Max 512GB,512GB,海峡通信,204000,229800,-25800,WAIT,6500,,ok,"前回比 +6,500円",https://www.mobile-ichiban.com/Prod/1/01/37
2026-06-30T17:31:00.837626+00:00,iPhone 17 Pro 256GB,256GB,海峡通信,185000,179800,5200,SELL,0,3000,ok,売却目標に到達,https://www.mobile-ichiban.com/Prod/1/01/36
2026-06-30T17:31:00.837626+00:00,iPhone 17 Pro 512GB,512GB,海峡通信,185000,214800,-29800,WAIT,0,3000,ok,損益が監視ライン以下,https://www.mobile-ichiban.com/Prod/1/01/36
2026-06-30T17:31:00.837626+00:00,iPhone 17 Pro Max 256GB,256GB,海峡通信,204000,194800,9200,SELL,0,6500,ok,売却目標に到達,https://www.mobile-ichiban.com/Prod/1/01/37
2026-06-30T17:31:00.837626+00:00,iPhone 17 Pro Max 512GB,512GB,海峡通信,204000,229800,-25800,WAIT,0,6500,ok,損益が監視ライン以下,https://www.mobile-ichiban.com/Prod/1/01/37
2026-06-30T22:53:23.444872+00:00,iPhone 17 Pro 256GB,256GB,海峡通信,,179800,,ALERT,,,failed,"海峡通信の取得に失敗: 3回リトライ後も取得失敗: HTTPSConnectionPool(host='www.mobile-ichiban.com', port=443): Max retries exceeded with url: /Prod/1/01/36 (Caused by ConnectTimeoutError(<HTTPSConnection(host='www.mobile-ichiban.com', port=443) at 0x7fa9e4bc02c0>, 'Connection to www.mobile-ichiban.com timed out. (connect timeout=20)'))",https://www.mobile-ichiban.com/Prod/1/01/36
2026-06-30T22:53:23.444872+00:00,iPhone 17 Pro 512GB,512GB,海峡通信,,214800,,ALERT,,,failed,"海峡通信の取得に失敗: 3回リトライ後も取得失敗: HTTPSConnectionPool(host='www.mobile-ichiban.com', port=443): Max retries exceeded with url: /Prod/1/01/36 (Caused by ConnectTimeoutError(<HTTPSConnection(host='www.mobile-ichiban.com', port=443) at 0x7fa9e4bc02c0>, 'Connection to www.mobile-ichiban.com timed out. (connect timeout=20)'))",https://www.mobile-ichiban.com/Prod/1/01/36
2026-06-30T22:53:23.444872+00:00,iPhone 17 Pro Max 256GB,256GB,海峡通信,,194800,,ALERT,,,failed,"海峡通信の取得に失敗: 3回リトライ後も取得失敗: HTTPSConnectionPool(host='www.mobile-ichiban.com', port=443): Max retries exceeded with url: /Prod/1/01/37 (Caused by ConnectTimeoutError(<HTTPSConnection(host='www.mobile-ichiban.com', port=443) at 0x7fa9e4986e40>, 'Connection to www.mobile-ichiban.com timed out. (connect timeout=20)'))",https://www.mobile-ichiban.com/Prod/1/01/37
2026-06-30T22:53:23.444872+00:00,iPhone 17 Pro Max 512GB,512GB,海峡通信,,229800,,ALERT,,,failed,"海峡通信の取得に失敗: 3回リトライ後も取得失敗: HTTPSConnectionPool(host='www.mobile-ichiban.com', port=443): Max retries exceeded with url: /Prod/1/01/37 (Caused by ConnectTimeoutError(<HTTPSConnection(host='www.mobile-ichiban.com', port=443) at 0x7fa9e4986e40>, 'Connection to www.mobile-ichiban.com timed out. (connect timeout=20)'))",https://www.mobile-ichiban.com/Prod/1/01/37
2026-07-01T10:58:23.967477+00:00,iPhone 17 Pro 256GB,256GB,海峡通信,,179800,,ALERT,,,failed,"海峡通信の取得に失敗: 3回リトライ後も取得失敗: HTTPSConnectionPool(host='www.mobile-ichiban.com', port=443): Max retries exceeded with url: /Prod/1/01/36 (Caused by ConnectTimeoutError(<HTTPSConnection(host='www.mobile-ichiban.com', port=443) at 0x7febbd40bd10>, 'Connection to www.mobile-ichiban.com timed out. (connect timeout=20)'))",https://www.mobile-ichiban.com/Prod/1/01/36
2026-07-01T10:58:23.967477+00:00,iPhone 17 Pro 512GB,512GB,海峡通信,,214800,,ALERT,,,failed,"海峡通信の取得に失敗: 3回リトライ後も取得失敗: HTTPSConnectionPool(host='www.mobile-ichiban.com', port=443): Max retries exceeded with url: /Prod/1/01/36 (Caused by ConnectTimeoutError(<HTTPSConnection(host='www.mobile-ichiban.com', port=443) at 0x7febbd40bd10>, 'Connection to www.mobile-ichiban.com timed out. (connect timeout=20)'))",https://www.mobile-ichiban.com/Prod/1/01/36
2026-07-01T10:58:23.967477+00:00,iPhone 17 Pro Max 256GB,256GB,海峡通信,,194800,,ALERT,,,failed,"海峡通信の取得に失敗: 3回リトライ後も取得失敗: HTTPSConnectionPool(host='www.mobile-ichiban.com', port=443): Max retries exceeded with url: /Prod/1/01/37 (Caused by ConnectTimeoutError(<HTTPSConnection(host='www.mobile-ichiban.com', port=443) at 0x7febbc7cecc0>, 'Connection to www.mobile-ichiban.com timed out. (connect timeout=20)'))",https://www.mobile-ichiban.com/Prod/1/01/37
2026-07-01T10:58:23.967477+00:00,iPhone 17 Pro Max 512GB,512GB,海峡通信,,229800,,ALERT,,,failed,"海峡通信の取得に失敗: 3回リトライ後も取得失敗: HTTPSConnectionPool(host='www.mobile-ichiban.com', port=443): Max retries exceeded with url: /Prod/1/01/37 (Caused by ConnectTimeoutError(<HTTPSConnection(host='www.mobile-ichiban.com', port=443) at 0x7febbc7cecc0>, 'Connection to www.mobile-ichiban.com timed out. (connect timeout=20)'))",https://www.mobile-ichiban.com/Prod/1/01/37
2026-07-01T18:25:57.250792+00:00,iPhone 17 Pro 256GB,256GB,海峡通信,,179800,,ALERT,,,failed,"海峡通信の取得に失敗: 3回リトライ後も取得失敗: HTTPSConnectionPool(host='www.mobile-ichiban.com', port=443): Max retries exceeded with url: /Prod/1/01/36 (Caused by ConnectTimeoutError(<HTTPSConnection(host='www.mobile-ichiban.com', port=443) at 0x7f129fe81e50>, 'Connection to www.mobile-ichiban.com timed out. (connect timeout=20)'))",https://www.mobile-ichiban.com/Prod/1/01/36
2026-07-01T18:25:57.250792+00:00,iPhone 17 Pro 512GB,512GB,海峡通信,,214800,,ALERT,,,failed,"海峡通信の取得に失敗: 3回リトライ後も取得失敗: HTTPSConnectionPool(host='www.mobile-ichiban.com', port=443): Max retries exceeded with url: /Prod/1/01/36 (Caused by ConnectTimeoutError(<HTTPSConnection(host='www.mobile-ichiban.com', port=443) at 0x7f129fe81e50>, 'Connection to www.mobile-ichiban.com timed out. (connect timeout=20)'))",https://www.mobile-ichiban.com/Prod/1/01/36
2026-07-01T18:25:57.250792+00:00,iPhone 17 Pro Max 256GB,256GB,海峡通信,,194800,,ALERT,,,failed,"海峡通信の取得に失敗: 3回リトライ後も取得失敗: HTTPSConnectionPool(host='www.mobile-ichiban.com', port=443): Max retries exceeded with url: /Prod/1/01/37 (Caused by ConnectTimeoutError(<HTTPSConnection(host='www.mobile-ichiban.com', port=443) at 0x7f129fbde810>, 'Connection to www.mobile-ichiban.com timed out. (connect timeout=20)'))",https://www.mobile-ichiban.com/Prod/1/01/37
2026-07-01T18:25:57.250792+00:00,iPhone 17 Pro Max 512GB,512GB,海峡通信,,229800,,ALERT,,,failed,"海峡通信の取得に失敗: 3回リトライ後も取得失敗: HTTPSConnectionPool(host='www.mobile-ichiban.com', port=443): Max retries exceeded with url: /Prod/1/01/37 (Caused by ConnectTimeoutError(<HTTPSConnection(host='www.mobile-ichiban.com', port=443) at 0x7f129fbde810>, 'Connection to www.mobile-ichiban.com timed out. (connect timeout=20)'))",https://www.mobile-ichiban.com/Prod/1/01/37
2026-07-01T22:58:01.944095+00:00,iPhone 17 Pro 256GB,256GB,海峡通信,,179800,,ALERT,,,failed,"海峡通信の取得に失敗: 3回リトライ後も取得失敗: HTTPSConnectionPool(host='www.mobile-ichiban.com', port=443): Max retries exceeded with url: /Prod/1/01/36 (Caused by ConnectTimeoutError(<HTTPSConnection(host='www.mobile-ichiban.com', port=443) at 0x7fabb35f3800>, 'Connection to www.mobile-ichiban.com timed out. (connect timeout=20)'))",https://www.mobile-ichiban.com/Prod/1/01/36
2026-07-01T22:58:01.944095+00:00,iPhone 17 Pro 512GB,512GB,海峡通信,,214800,,ALERT,,,failed,"海峡通信の取得に失敗: 3回リトライ後も取得失敗: HTTPSConnectionPool(host='www.mobile-ichiban.com', port=443): Max retries exceeded with url: /Prod/1/01/36 (Caused by ConnectTimeoutError(<HTTPSConnection(host='www.mobile-ichiban.com', port=443) at 0x7fabb35f3800>, 'Connection to www.mobile-ichiban.com timed out. (connect timeout=20)'))",https://www.mobile-ichiban.com/Prod/1/01/36
2026-07-01T22:58:01.944095+00:00,iPhone 17 Pro Max 256GB,256GB,海峡通信,,194800,,ALERT,,,failed,"海峡通信の取得に失敗: 3回リトライ後も取得失敗: HTTPSConnectionPool(host='www.mobile-ichiban.com', port=443): Max retries exceeded with url: /Prod/1/01/37 (Caused by ConnectTimeoutError(<HTTPSConnection(host='www.mobile-ichiban.com', port=443) at 0x7fabb297e2a0>, 'Connection to www.mobile-ichiban.com timed out. (connect timeout=20)'))",https://www.mobile-ichiban.com/Prod/1/01/37
2026-07-01T22:58:01.944095+00:00,iPhone 17 Pro Max 512GB,512GB,海峡通信,,229800,,ALERT,,,failed,"海峡通信の取得に失敗: 3回リトライ後も取得失敗: HTTPSConnectionPool(host='www.mobile-ichiban.com', port=443): Max retries exceeded with url: /Prod/1/01/37 (Caused by ConnectTimeoutError(<HTTPSConnection(host='www.mobile-ichiban.com', port=443) at 0x7fabb297e2a0>, 'Connection to www.mobile-ichiban.com timed out. (connect timeout=20)'))",https://www.mobile-ichiban.com/Prod/1/01/37
2026-07-02T10:16:45.799890+00:00,iPhone 17 Pro 256GB,256GB,海峡通信,181500,179800,1700,SELL,-3500,,ok,売却目標に到達,https://www.mobile-ichiban.com/Prod/1/01/36
2026-07-02T10:16:45.799890+00:00,iPhone 17 Pro 512GB,512GB,海峡通信,181500,214800,-33300,ALERT,-3500,,ok,"前回比 -3,500円",https://www.mobile-ichiban.com/Prod/1/01/36
2026-07-02T10:16:45.799890+00:00,iPhone 17 Pro Max 256GB,256GB,海峡通信,196000,194800,1200,SELL,-8000,,ok,売却目標に到達,https://www.mobile-ichiban.com/Prod/1/01/37
2026-07-02T10:16:45.799890+00:00,iPhone 17 Pro Max 512GB,512GB,海峡通信,196000,229800,-33800,ALERT,-8000,,ok,"前回比 -8,000円",https://www.mobile-ichiban.com/Prod/1/01/37
2026-07-02T17:14:36.713614+00:00,iPhone 17 Pro 256GB,256GB,海峡通信,,179800,,ALERT,,,failed,"海峡通信の取得に失敗: 3回リトライ後も取得失敗: HTTPSConnectionPool(host='www.mobile-ichiban.com', port=443): Max retries exceeded with url: /Prod/1/01/36 (Caused by ConnectTimeoutError(<HTTPSConnection(host='www.mobile-ichiban.com', port=443) at 0x7f2087a61580>, 'Connection to www.mobile-ichiban.com timed out. (connect timeout=20)'))",https://www.mobile-ichiban.com/Prod/1/01/36
2026-07-02T17:14:36.713614+00:00,iPhone 17 Pro 512GB,512GB,海峡通信,,214800,,ALERT,,,failed,"海峡通信の取得に失敗: 3回リトライ後も取得失敗: HTTPSConnectionPool(host='www.mobile-ichiban.com', port=443): Max retries exceeded with url: /Prod/1/01/36 (Caused by ConnectTimeoutError(<HTTPSConnection(host='www.mobile-ichiban.com', port=443) at 0x7f2087a61580>, 'Connection to www.mobile-ichiban.com timed out. (connect timeout=20)'))",https://www.mobile-ichiban.com/Prod/1/01/36
2026-07-02T17:14:36.713614+00:00,iPhone 17 Pro Max 256GB,256GB,海峡通信,,194800,,ALERT,,,failed,"海峡通信の取得に失敗: 3回リトライ後も取得失敗: HTTPSConnectionPool(host='www.mobile-ichiban.com', port=443): Max retries exceeded with url: /Prod/1/01/37 (Caused by ConnectTimeoutError(<HTTPSConnection(host='www.mobile-ichiban.com', port=443) at 0x7f20874eef90>, 'Connection to www.mobile-ichiban.com timed out. (connect timeout=20)'))",https://www.mobile-ichiban.com/Prod/1/01/37
2026-07-02T17:14:36.713614+00:00,iPhone 17 Pro Max 512GB,512GB,海峡通信,,229800,,ALERT,,,failed,"海峡通信の取得に失敗: 3回リトライ後も取得失敗: HTTPSConnectionPool(host='www.mobile-ichiban.com', port=443): Max retries exceeded with url: /Prod/1/01/37 (Caused by ConnectTimeoutError(<HTTPSConnection(host='www.mobile-ichiban.com', port=443) at 0x7f20874eef90>, 'Connection to www.mobile-ichiban.com timed out. (connect timeout=20)'))",https://www.mobile-ichiban.com/Prod/1/01/37
2026-07-02T21:53:39.679471+00:00,iPhone 17 Pro 256GB,256GB,海峡通信,181500,179800,1700,SELL,0,,ok,売却目標に到達,https://www.mobile-ichiban.com/Prod/1/01/36
2026-07-02T21:53:39.679471+00:00,iPhone 17 Pro 512GB,512GB,海峡通信,181500,214800,-33300,WAIT,0,,ok,損益が監視ライン以下,https://www.mobile-ichiban.com/Prod/1/01/36
2026-07-02T21:53:39.679471+00:00,iPhone 17 Pro Max 256GB,256GB,海峡通信,196000,194800,1200,SELL,0,,ok,売却目標に到達,https://www.mobile-ichiban.com/Prod/1/01/37
2026-07-02T21:53:39.679471+00:00,iPhone 17 Pro Max 512GB,512GB,海峡通信,196000,229800,-33800,WAIT,0,,ok,損益が監視ライン以下,https://www.mobile-ichiban.com/Prod/1/01/37
2026-07-03T09:45:33.280124+00:00,iPhone 17 Pro 256GB,256GB,海峡通信,178000,179800,-1800,ALERT,-3500,-3500,ok,"前回比 -3,500円",https://www.mobile-ichiban.com/Prod/1/01/36
2026-07-03T09:45:33.280124+00:00,iPhone 17 Pro 512GB,512GB,海峡通信,213000,214800,-1800,WAIT,31500,31500,ok,"前回比 +31,500円",https://www.mobile-ichiban.com/Prod/1/01/36
2026-07-03T09:45:33.280124+00:00,iPhone 17 Pro Max 256GB,256GB,海峡通信,193000,194800,-1800,ALERT,-3000,-3000,ok,"前回比 -3,000円",https://www.mobile-ichiban.com/Prod/1/01/37
2026-07-03T09:45:33.280124+00:00,iPhone 17 Pro Max 512GB,512GB,海峡通信,228000,229800,-1800,WAIT,32000,32000,ok,"前回比 +32,000円",https://www.mobile-ichiban.com/Prod/1/01/37
2026-07-03T16:07:05.051336+00:00,iPhone 17 Pro 256GB,256GB,海峡通信,178000,179800,-1800,WAIT,0,,ok,目標未達,https://www.mobile-ichiban.com/Prod/1/01/36
2026-07-03T16:07:05.051336+00:00,iPhone 17 Pro 512GB,512GB,海峡通信,178000,214800,-36800,ALERT,-35000,,ok,"前回比 -35,000円",https://www.mobile-ichiban.com/Prod/1/01/36
2026-07-03T16:07:05.051336+00:00,iPhone 17 Pro Max 256GB,256GB,海峡通信,193000,194800,-1800,WAIT,0,,ok,目標未達,https://www.mobile-ichiban.com/Prod/1/01/37
2026-07-03T16:07:05.051336+00:00,iPhone 17 Pro Max 512GB,512GB,海峡通信,193000,229800,-36800,ALERT,-35000,,ok,"前回比 -35,000円",https://www.mobile-ichiban.com/Prod/1/01/37
2026-07-03T20:42:35.908932+00:00,iPhone 17 Pro 256GB,256GB,海峡通信,178000,179800,-1800,WAIT,0,-3500,ok,目標未達,https://www.mobile-ichiban.com/Prod/1/01/36
2026-07-03T20:42:35.908932+00:00,iPhone 17 Pro 512GB,512GB,海峡通信,178000,214800,-36800,WAIT,0,-3500,ok,損益が監視ライン以下,https://www.mobile-ichiban.com/Prod/1/01/36
2026-07-03T20:42:35.908932+00:00,iPhone 17 Pro Max 256GB,256GB,海峡通信,193000,194800,-1800,WAIT,0,-3000,ok,目標未達,https://www.mobile-ichiban.com/Prod/1/01/37
2026-07-03T20:42:35.908932+00:00,iPhone 17 Pro Max 512GB,512GB,海峡通信,193000,229800,-36800,WAIT,0,-3000,ok,損益が監視ライン以下,https://www.mobile-ichiban.com/Prod/1/01/37
2026-07-04T07:31:03.557342+00:00,iPhone 17 Pro 256GB,256GB,海峡通信,,179800,,ALERT,,,failed,"海峡通信の取得に失敗: 3回リトライ後も取得失敗: HTTPSConnectionPool(host='www.mobile-ichiban.com', port=443): Max retries exceeded with url: /Prod/1/01/36 (Caused by ConnectTimeoutError(<HTTPSConnection(host='www.mobile-ichiban.com', port=443) at 0x7fcb001e6780>, 'Connection to www.mobile-ichiban.com timed out. (connect timeout=20)'))",https://www.mobile-ichiban.com/Prod/1/01/36
2026-07-04T07:31:03.557342+00:00,iPhone 17 Pro 512GB,512GB,海峡通信,,214800,,ALERT,,,failed,"海峡通信の取得に失敗: 3回リトライ後も取得失敗: HTTPSConnectionPool(host='www.mobile-ichiban.com', port=443): Max retries exceeded with url: /Prod/1/01/36 (Caused by ConnectTimeoutError(<HTTPSConnection(host='www.mobile-ichiban.com', port=443) at 0x7fcb001e6780>, 'Connection to www.mobile-ichiban.com timed out. (connect timeout=20)'))",https://www.mobile-ichiban.com/Prod/1/01/36
2026-07-04T07:31:03.557342+00:00,iPhone 17 Pro Max 256GB,256GB,海峡通信,,194800,,ALERT,,,failed,"海峡通信の取得に失敗: 3回リトライ後も取得失敗: HTTPSConnectionPool(host='www.mobile-ichiban.com', port=443): Max retries exceeded with url: /Prod/1/01/37 (Caused by ConnectTimeoutError(<HTTPSConnection(host='www.mobile-ichiban.com', port=443) at 0x7fcaff2e27e0>, 'Connection to www.mobile-ichiban.com timed out. (connect timeout=20)'))",https://www.mobile-ichiban.com/Prod/1/01/37
2026-07-04T07:31:03.557342+00:00,iPhone 17 Pro Max 512GB,512GB,海峡通信,,229800,,ALERT,,,failed,"海峡通信の取得に失敗: 3回リトライ後も取得失敗: HTTPSConnectionPool(host='www.mobile-ichiban.com', port=443): Max retries exceeded with url: /Prod/1/01/37 (Caused by ConnectTimeoutError(<HTTPSConnection(host='www.mobile-ichiban.com', port=443) at 0x7fcaff2e27e0>, 'Connection to www.mobile-ichiban.com timed out. (connect timeout=20)'))",https://www.mobile-ichiban.com/Prod/1/01/37
2026-07-04T11:58:42.281737+00:00,iPhone 17 Pro 256GB,256GB,海峡通信,177000,179800,-2800,WAIT,-1000,-1000,ok,目標未達,https://www.mobile-ichiban.com/Prod/1/01/36
2026-07-04T11:58:42.281737+00:00,iPhone 17 Pro 512GB,512GB,海峡通信,177000,214800,-37800,WAIT,-1000,-36000,ok,損益が監視ライン以下,https://www.mobile-ichiban.com/Prod/1/01/36
2026-07-04T11:58:42.281737+00:00,iPhone 17 Pro Max 256GB,256GB,海峡通信,193000,194800,-1800,WAIT,0,0,ok,目標未達,https://www.mobile-ichiban.com/Prod/1/01/37
2026-07-04T11:58:42.281737+00:00,iPhone 17 Pro Max 512GB,512GB,海峡通信,193000,229800,-36800,WAIT,0,-35000,ok,損益が監視ライン以下,https://www.mobile-ichiban.com/Prod/1/01/37
2026-07-04T15:47:39.279918+00:00,iPhone 17 Pro 256GB,256GB,海峡通信,177000,179800,-2800,WAIT,0,-1000,ok,目標未達,https://www.mobile-ichiban.com/Prod/1/01/36
2026-07-04T15:47:39.279918+00:00,iPhone 17 Pro 512GB,512GB,海峡通信,177000,214800,-37800,WAIT,0,-1000,ok,損益が監視ライン以下,https://www.mobile-ichiban.com/Prod/1/01/36
2026-07-04T15:47:39.279918+00:00,iPhone 17 Pro Max 256GB,256GB,海峡通信,193000,194800,-1800,WAIT,0,0,ok,目標未達,https://www.mobile-ichiban.com/Prod/1/01/37
2026-07-04T15:47:39.279918+00:00,iPhone 17 Pro Max 512GB,512GB,海峡通信,193000,229800,-36800,WAIT,0,0,ok,損益が監視ライン以下,https://www.mobile-ichiban.com/Prod/1/01/37
2026-07-04T20:15:30.689665+00:00,iPhone 17 Pro 256GB,256GB,海峡通信,177000,179800,-2800,WAIT,0,-1000,ok,目標未達,https://www.mobile-ichiban.com/Prod/1/01/36
2026-07-04T20:15:30.689665+00:00,iPhone 17 Pro 512GB,512GB,海峡通信,177000,214800,-37800,WAIT,0,-1000,ok,損益が監視ライン以下,https://www.mobile-ichiban.com/Prod/1/01/36
2026-07-04T20:15:30.689665+00:00,iPhone 17 Pro Max 256GB,256GB,海峡通信,193000,194800,-1800,WAIT,0,0,ok,目標未達,https://www.mobile-ichiban.com/Prod/1/01/37
2026-07-04T20:15:30.689665+00:00,iPhone 17 Pro Max 512GB,512GB,海峡通信,193000,229800,-36800,WAIT,0,0,ok,損益が監視ライン以下,https://www.mobile-ichiban.com/Prod/1/01/37
2026-07-05T08:25:37.854227+00:00,iPhone 17 Pro 256GB,256GB,海峡通信,177000,179800,-2800,WAIT,0,,ok,目標未達,https://www.mobile-ichiban.com/Prod/1/01/36
2026-07-05T08:25:37.854227+00:00,iPhone 17 Pro 512GB,512GB,海峡通信,213000,214800,-1800,WAIT,36000,,ok,"前回比 +36,000円",https://www.mobile-ichiban.com/Prod/1/01/36
2026-07-05T08:25:37.854227+00:00,iPhone 17 Pro Max 256GB,256GB,海峡通信,192000,194800,-2800,WAIT,-1000,,ok,目標未達,https://www.mobile-ichiban.com/Prod/1/01/37
2026-07-05T08:25:37.854227+00:00,iPhone 17 Pro Max 512GB,512GB,海峡通信,228000,229800,-1800,WAIT,35000,,ok,"前回比 +35,000円",https://www.mobile-ichiban.com/Prod/1/01/37
2026-07-05T14:54:51.146000+00:00,iPhone 17 Pro 256GB,256GB,海峡通信,177000,179800,-2800,WAIT,0,0,ok,目標未達,https://www.mobile-ichiban.com/Prod/1/01/36
2026-07-05T14:54:51.146000+00:00,iPhone 17 Pro 512GB,512GB,海峡通信,213000,214800,-1800,WAIT,0,36000,ok,目標未達,https://www.mobile-ichiban.com/Prod/1/01/36
2026-07-05T14:54:51.146000+00:00,iPhone 17 Pro Max 256GB,256GB,海峡通信,192000,194800,-2800,WAIT,0,-1000,ok,目標未達,https://www.mobile-ichiban.com/Prod/1/01/37
2026-07-05T14:54:51.146000+00:00,iPhone 17 Pro Max 512GB,512GB,海峡通信,228000,229800,-1800,WAIT,0,35000,ok,目標未達,https://www.mobile-ichiban.com/Prod/1/01/37
2026-07-05T18:45:52.578936+00:00,iPhone 17 Pro 256GB,256GB,海峡通信,177000,179800,-2800,WAIT,0,0,ok,目標未達,https://www.mobile-ichiban.com/Prod/1/01/36
2026-07-05T18:45:52.578936+00:00,iPhone 17 Pro 512GB,512GB,海峡通信,213000,214800,-1800,WAIT,0,36000,ok,目標未達,https://www.mobile-ichiban.com/Prod/1/01/36
2026-07-05T18:45:52.578936+00:00,iPhone 17 Pro Max 256GB,256GB,海峡通信,192000,194800,-2800,WAIT,0,-1000,ok,目標未達,https://www.mobile-ichiban.com/Prod/1/01/37
2026-07-05T18:45:52.578936+00:00,iPhone 17 Pro Max 512GB,512GB,海峡通信,228000,229800,-1800,WAIT,0,35000,ok,目標未達,https://www.mobile-ichiban.com/Prod/1/01/37
2026-07-05T22:35:36.078761+00:00,iPhone 17 Pro 256GB,256GB,海峡通信,,179800,,ALERT,,,failed,"海峡通信の取得に失敗: 3回リトライ後も取得失敗: HTTPSConnectionPool(host='www.mobile-ichiban.com', port=443): Max retries exceeded with url: /Prod/1/01/36 (Caused by ConnectTimeoutError(<HTTPSConnection(host='www.mobile-ichiban.com', port=443) at 0x7fe245a6e240>, 'Connection to www.mobile-ichiban.com timed out. (connect timeout=20)'))",https://www.mobile-ichiban.com/Prod/1/01/36
2026-07-05T22:35:36.078761+00:00,iPhone 17 Pro 512GB,512GB,海峡通信,,214800,,ALERT,,,failed,"海峡通信の取得に失敗: 3回リトライ後も取得失敗: HTTPSConnectionPool(host='www.mobile-ichiban.com', port=443): Max retries exceeded with url: /Prod/1/01/36 (Caused by ConnectTimeoutError(<HTTPSConnection(host='www.mobile-ichiban.com', port=443) at 0x7fe245a6e240>, 'Connection to www.mobile-ichiban.com timed out. (connect timeout=20)'))",https://www.mobile-ichiban.com/Prod/1/01/36
2026-07-05T22:35:36.078761+00:00,iPhone 17 Pro Max 256GB,256GB,海峡通信,,194800,,ALERT,,,failed,"海峡通信の取得に失敗: 3回リトライ後も取得失敗: HTTPSConnectionPool(host='www.mobile-ichiban.com', port=443): Max retries exceeded with url: /Prod/1/01/37 (Caused by ConnectTimeoutError(<HTTPSConnection(host='www.mobile-ichiban.com', port=443) at 0x7fe244ba2c60>, 'Connection to www.mobile-ichiban.com timed out. (connect timeout=20)'))",https://www.mobile-ichiban.com/Prod/1/01/37
2026-07-05T22:35:36.078761+00:00,iPhone 17 Pro Max 512GB,512GB,海峡通信,,229800,,ALERT,,,failed,"海峡通信の取得に失敗: 3回リトライ後も取得失敗: HTTPSConnectionPool(host='www.mobile-ichiban.com', port=443): Max retries exceeded with url: /Prod/1/01/37 (Caused by ConnectTimeoutError(<HTTPSConnection(host='www.mobile-ichiban.com', port=443) at 0x7fe244ba2c60>, 'Connection to www.mobile-ichiban.com timed out. (connect timeout=20)'))",https://www.mobile-ichiban.com/Prod/1/01/37
2026-07-06T13:03:05.542214+00:00,iPhone 17 Pro 256GB,256GB,海峡通信,,179800,,ALERT,,,failed,"海峡通信の取得に失敗: 3回リトライ後も取得失敗: HTTPSConnectionPool(host='www.mobile-ichiban.com', port=443): Max retries exceeded with url: /Prod/1/01/36 (Caused by ConnectTimeoutError(<HTTPSConnection(host='www.mobile-ichiban.com', port=443) at 0x7f54ebbdfda0>, 'Connection to www.mobile-ichiban.com timed out. (connect timeout=20)'))",https://www.mobile-ichiban.com/Prod/1/01/36
2026-07-06T13:03:05.542214+00:00,iPhone 17 Pro 512GB,512GB,海峡通信,,214800,,ALERT,,,failed,"海峡通信の取得に失敗: 3回リトライ後も取得失敗: HTTPSConnectionPool(host='www.mobile-ichiban.com', port=443): Max retries exceeded with url: /Prod/1/01/36 (Caused by ConnectTimeoutError(<HTTPSConnection(host='www.mobile-ichiban.com', port=443) at 0x7f54ebbdfda0>, 'Connection to www.mobile-ichiban.com timed out. (connect timeout=20)'))",https://www.mobile-ichiban.com/Prod/1/01/36
2026-07-06T13:03:05.542214+00:00,iPhone 17 Pro Max 256GB,256GB,海峡通信,,194800,,ALERT,,,failed,"海峡通信の取得に失敗: 3回リトライ後も取得失敗: HTTPSConnectionPool(host='www.mobile-ichiban.com', port=443): Max retries exceeded with url: /Prod/1/01/37 (Caused by ConnectTimeoutError(<HTTPSConnection(host='www.mobile-ichiban.com', port=443) at 0x7f54ebbe2630>, 'Connection to www.mobile-ichiban.com timed out. (connect timeout=20)'))",https://www.mobile-ichiban.com/Prod/1/01/37
2026-07-06T13:03:05.542214+00:00,iPhone 17 Pro Max 512GB,512GB,海峡通信,,229800,,ALERT,,,failed,"海峡通信の取得に失敗: 3回リトライ後も取得失敗: HTTPSConnectionPool(host='www.mobile-ichiban.com', port=443): Max retries exceeded with url: /Prod/1/01/37 (Caused by ConnectTimeoutError(<HTTPSConnection(host='www.mobile-ichiban.com', port=443) at 0x7f54ebbe2630>, 'Connection to www.mobile-ichiban.com timed out. (connect timeout=20)'))",https://www.mobile-ichiban.com/Prod/1/01/37
2026-07-06T20:58:46.804274+00:00,iPhone 17 Pro 256GB,256GB,海峡通信,177000,179800,-2800,WAIT,0,0,ok,目標未達,https://www.mobile-ichiban.com/Prod/1/01/36
2026-07-06T20:58:46.804274+00:00,iPhone 17 Pro 512GB,512GB,海峡通信,177000,214800,-37800,ALERT,-36000,-36000,ok,"前回比 -36,000円",https://www.mobile-ichiban.com/Prod/1/01/36
2026-07-06T20:58:46.804274+00:00,iPhone 17 Pro Max 256GB,256GB,海峡通信,192000,194800,-2800,WAIT,0,0,ok,目標未達,https://www.mobile-ichiban.com/Prod/1/01/37
2026-07-06T20:58:46.804274+00:00,iPhone 17 Pro Max 512GB,512GB,海峡通信,192000,229800,-37800,ALERT,-36000,-36000,ok,"前回比 -36,000円",https://www.mobile-ichiban.com/Prod/1/01/37
2026-07-07T10:14:54.963893+00:00,iPhone 17 Pro 256GB,256GB,海峡通信,,179800,,ALERT,,,failed,"海峡通信の取得に失敗: 3回リトライ後も取得失敗: HTTPSConnectionPool(host='www.mobile-ichiban.com', port=443): Max retries exceeded with url: /Prod/1/01/36 (Caused by ConnectTimeoutError(<HTTPSConnection(host='www.mobile-ichiban.com', port=443) at 0x7f6f50d56510>, 'Connection to www.mobile-ichiban.com timed out. (connect timeout=20)'))",https://www.mobile-ichiban.com/Prod/1/01/36
2026-07-07T10:14:54.963893+00:00,iPhone 17 Pro 512GB,512GB,海峡通信,,214800,,ALERT,,,failed,"海峡通信の取得に失敗: 3回リトライ後も取得失敗: HTTPSConnectionPool(host='www.mobile-ichiban.com', port=443): Max retries exceeded with url: /Prod/1/01/36 (Caused by ConnectTimeoutError(<HTTPSConnection(host='www.mobile-ichiban.com', port=443) at 0x7f6f50d56510>, 'Connection to www.mobile-ichiban.com timed out. (connect timeout=20)'))",https://www.mobile-ichiban.com/Prod/1/01/36
2026-07-07T10:14:54.963893+00:00,iPhone 17 Pro Max 256GB,256GB,海峡通信,,194800,,ALERT,,,failed,"海峡通信の取得に失敗: 3回リトライ後も取得失敗: HTTPSConnectionPool(host='www.mobile-ichiban.com', port=443): Max retries exceeded with url: /Prod/1/01/37 (Caused by ConnectTimeoutError(<HTTPSConnection(host='www.mobile-ichiban.com', port=443) at 0x7f6f50d57680>, 'Connection to www.mobile-ichiban.com timed out. (connect timeout=20)'))",https://www.mobile-ichiban.com/Prod/1/01/37
2026-07-07T10:14:54.963893+00:00,iPhone 17 Pro Max 512GB,512GB,海峡通信,,229800,,ALERT,,,failed,"海峡通信の取得に失敗: 3回リトライ後も取得失敗: HTTPSConnectionPool(host='www.mobile-ichiban.com', port=443): Max retries exceeded with url: /Prod/1/01/37 (Caused by ConnectTimeoutError(<HTTPSConnection(host='www.mobile-ichiban.com', port=443) at 0x7f6f50d57680>, 'Connection to www.mobile-ichiban.com timed out. (connect timeout=20)'))",https://www.mobile-ichiban.com/Prod/1/01/37
2026-07-07T18:32:52.150089+00:00,iPhone 17 Pro 256GB,256GB,海峡通信,178500,179800,-1300,WAIT,1500,1500,ok,目標未達,https://www.mobile-ichiban.com/Prod/1/01/36
2026-07-07T18:32:52.150089+00:00,iPhone 17 Pro 512GB,512GB,海峡通信,178500,214800,-36300,WAIT,1500,1500,ok,損益が監視ライン以下,https://www.mobile-ichiban.com/Prod/1/01/36
2026-07-07T18:32:52.150089+00:00,iPhone 17 Pro Max 256GB,256GB,海峡通信,194500,194800,-300,WAIT,2500,2500,ok,目標未達,https://www.mobile-ichiban.com/Prod/1/01/37
2026-07-07T18:32:52.150089+00:00,iPhone 17 Pro Max 512GB,512GB,海峡通信,194500,229800,-35300,WAIT,2500,2500,ok,損益が監視ライン以下,https://www.mobile-ichiban.com/Prod/1/01/37
2026-07-07T22:42:44.597603+00:00,iPhone 17 Pro 256GB,256GB,海峡通信,178500,179800,-1300,WAIT,0,1500,ok,目標未達,https://www.mobile-ichiban.com/Prod/1/01/36
2026-07-07T22:42:44.597603+00:00,iPhone 17 Pro 512GB,512GB,海峡通信,178500,214800,-36300,WAIT,0,1500,ok,損益が監視ライン以下,https://www.mobile-ichiban.com/Prod/1/01/36
2026-07-07T22:42:44.597603+00:00,iPhone 17 Pro Max 256GB,256GB,海峡通信,194500,194800,-300,WAIT,0,2500,ok,目標未達,https://www.mobile-ichiban.com/Prod/1/01/37
2026-07-07T22:42:44.597603+00:00,iPhone 17 Pro Max 512GB,512GB,海峡通信,194500,229800,-35300,WAIT,0,2500,ok,損益が監視ライン以下,https://www.mobile-ichiban.com/Prod/1/01/37
2026-07-08T07:56:30.535358+00:00,iPhone 17 Pro 256GB,256GB,海峡通信,178500,179800,-1300,WAIT,0,,ok,目標未達,https://www.mobile-ichiban.com/Prod/1/01/36
2026-07-08T07:56:30.535358+00:00,iPhone 17 Pro 512GB,512GB,海峡通信,213500,214800,-1300,WAIT,35000,,ok,"前回比 +35,000円",https://www.mobile-ichiban.com/Prod/1/01/36
2026-07-08T07:56:30.535358+00:00,iPhone 17 Pro Max 256GB,256GB,海峡通信,194500,194800,-300,WAIT,0,,ok,目標未達,https://www.mobile-ichiban.com/Prod/1/01/37
2026-07-08T07:56:30.535358+00:00,iPhone 17 Pro Max 512GB,512GB,海峡通信,229000,229800,-800,WAIT,34500,,ok,"前回比 +34,500円",https://www.mobile-ichiban.com/Prod/1/01/37
2026-07-08T15:54:34.322001+00:00,iPhone 17 Pro 256GB,256GB,海峡通信,178000,179800,-1800,WAIT,-500,-500,ok,目標未達,https://www.mobile-ichiban.com/Prod/1/01/36
2026-07-08T15:54:34.322001+00:00,iPhone 17 Pro 512GB,512GB,海峡通信,178000,214800,-36800,ALERT,-35500,-500,ok,"前回比 -35,500円",https://www.mobile-ichiban.com/Prod/1/01/36
2026-07-08T15:54:34.322001+00:00,iPhone 17 Pro Max 256GB,256GB,海峡通信,194000,194800,-800,WAIT,-500,-500,ok,目標未達,https://www.mobile-ichiban.com/Prod/1/01/37
2026-07-08T15:54:34.322001+00:00,iPhone 17 Pro Max 512GB,512GB,海峡通信,194000,229800,-35800,ALERT,-35000,-500,ok,"前回比 -35,000円",https://www.mobile-ichiban.com/Prod/1/01/37
2026-07-08T20:40:55.179425+00:00,iPhone 17 Pro 256GB,256GB,海峡通信,,179800,,ALERT,,,failed,"海峡通信の取得に失敗: 3回リトライ後も取得失敗: HTTPSConnectionPool(host='www.mobile-ichiban.com', port=443): Max retries exceeded with url: /Prod/1/01/36 (Caused by ConnectTimeoutError(<HTTPSConnection(host='www.mobile-ichiban.com', port=443) at 0x7fd34d66e780>, 'Connection to www.mobile-ichiban.com timed out. (connect timeout=20)'))",https://www.mobile-ichiban.com/Prod/1/01/36
2026-07-08T20:40:55.179425+00:00,iPhone 17 Pro 512GB,512GB,海峡通信,,214800,,ALERT,,,failed,"海峡通信の取得に失敗: 3回リトライ後も取得失敗: HTTPSConnectionPool(host='www.mobile-ichiban.com', port=443): Max retries exceeded with url: /Prod/1/01/36 (Caused by ConnectTimeoutError(<HTTPSConnection(host='www.mobile-ichiban.com', port=443) at 0x7fd34d66e780>, 'Connection to www.mobile-ichiban.com timed out. (connect timeout=20)'))",https://www.mobile-ichiban.com/Prod/1/01/36
2026-07-08T20:40:55.179425+00:00,iPhone 17 Pro Max 256GB,256GB,海峡通信,,194800,,ALERT,,,failed,"海峡通信の取得に失敗: 3回リトライ後も取得失敗: HTTPSConnectionPool(host='www.mobile-ichiban.com', port=443): Max retries exceeded with url: /Prod/1/01/37 (Caused by ConnectTimeoutError(<HTTPSConnection(host='www.mobile-ichiban.com', port=443) at 0x7fd34c72bc20>, 'Connection to www.mobile-ichiban.com timed out. (connect timeout=20)'))",https://www.mobile-ichiban.com/Prod/1/01/37
2026-07-08T20:40:55.179425+00:00,iPhone 17 Pro Max 512GB,512GB,海峡通信,,229800,,ALERT,,,failed,"海峡通信の取得に失敗: 3回リトライ後も取得失敗: HTTPSConnectionPool(host='www.mobile-ichiban.com', port=443): Max retries exceeded with url: /Prod/1/01/37 (Caused by ConnectTimeoutError(<HTTPSConnection(host='www.mobile-ichiban.com', port=443) at 0x7fd34c72bc20>, 'Connection to www.mobile-ichiban.com timed out. (connect timeout=20)'))",https://www.mobile-ichiban.com/Prod/1/01/37
2026-07-09T08:55:54.523552+00:00,iPhone 17 Pro 256GB,256GB,海峡通信,178000,179800,-1800,WAIT,0,-500,ok,目標未達,https://www.mobile-ichiban.com/Prod/1/01/36
2026-07-09T08:55:54.523552+00:00,iPhone 17 Pro 512GB,512GB,海峡通信,213500,214800,-1300,WAIT,35500,0,ok,"前回比 +35,500円",https://www.mobile-ichiban.com/Prod/1/01/36
2026-07-09T08:55:54.523552+00:00,iPhone 17 Pro Max 256GB,256GB,海峡通信,193000,194800,-1800,WAIT,-1000,-1500,ok,目標未達,https://www.mobile-ichiban.com/Prod/1/01/37
2026-07-09T08:55:54.523552+00:00,iPhone 17 Pro Max 512GB,512GB,海峡通信,229000,229800,-800,WAIT,35000,0,ok,"前回比 +35,000円",https://www.mobile-ichiban.com/Prod/1/01/37
2026-07-09T17:25:59.380729+00:00,iPhone 17 Pro 256GB,256GB,海峡通信,,179800,,ALERT,,,failed,"海峡通信の取得に失敗: 3回リトライ後も取得失敗: HTTPSConnectionPool(host='www.mobile-ichiban.com', port=443): Max retries exceeded with url: /Prod/1/01/36 (Caused by ConnectTimeoutError(<HTTPSConnection(host='www.mobile-ichiban.com', port=443) at 0x7efc92691580>, 'Connection to www.mobile-ichiban.com timed out. (connect timeout=20)'))",https://www.mobile-ichiban.com/Prod/1/01/36
2026-07-09T17:25:59.380729+00:00,iPhone 17 Pro 512GB,512GB,海峡通信,,214800,,ALERT,,,failed,"海峡通信の取得に失敗: 3回リトライ後も取得失敗: HTTPSConnectionPool(host='www.mobile-ichiban.com', port=443): Max retries exceeded with url: /Prod/1/01/36 (Caused by ConnectTimeoutError(<HTTPSConnection(host='www.mobile-ichiban.com', port=443) at 0x7efc92691580>, 'Connection to www.mobile-ichiban.com timed out. (connect timeout=20)'))",https://www.mobile-ichiban.com/Prod/1/01/36
2026-07-09T17:25:59.380729+00:00,iPhone 17 Pro Max 256GB,256GB,海峡通信,,194800,,ALERT,,,failed,"海峡通信の取得に失敗: 3回リトライ後も取得失敗: HTTPSConnectionPool(host='www.mobile-ichiban.com', port=443): Max retries exceeded with url: /Prod/1/01/37 (Caused by ConnectTimeoutError(<HTTPSConnection(host='www.mobile-ichiban.com', port=443) at 0x7efc925e36b0>, 'Connection to www.mobile-ichiban.com timed out. (connect timeout=20)'))",https://www.mobile-ichiban.com/Prod/1/01/37
2026-07-09T17:25:59.380729+00:00,iPhone 17 Pro Max 512GB,512GB,海峡通信,,229800,,ALERT,,,failed,"海峡通信の取得に失敗: 3回リトライ後も取得失敗: HTTPSConnectionPool(host='www.mobile-ichiban.com', port=443): Max retries exceeded with url: /Prod/1/01/37 (Caused by ConnectTimeoutError(<HTTPSConnection(host='www.mobile-ichiban.com', port=443) at 0x7efc925e36b0>, 'Connection to www.mobile-ichiban.com timed out. (connect timeout=20)'))",https://www.mobile-ichiban.com/Prod/1/01/37
2026-07-09T22:51:28.335558+00:00,iPhone 17 Pro 256GB,256GB,海峡通信,,179800,,ALERT,,,failed,"海峡通信の取得に失敗: 3回リトライ後も取得失敗: HTTPSConnectionPool(host='www.mobile-ichiban.com', port=443): Max retries exceeded with url: /Prod/1/01/36 (Caused by ConnectTimeoutError(<HTTPSConnection(host='www.mobile-ichiban.com', port=443) at 0x7f7de45a74d0>, 'Connection to www.mobile-ichiban.com timed out. (connect timeout=20)'))",https://www.mobile-ichiban.com/Prod/1/01/36
2026-07-09T22:51:28.335558+00:00,iPhone 17 Pro 512GB,512GB,海峡通信,,214800,,ALERT,,,failed,"海峡通信の取得に失敗: 3回リトライ後も取得失敗: HTTPSConnectionPool(host='www.mobile-ichiban.com', port=443): Max retries exceeded with url: /Prod/1/01/36 (Caused by ConnectTimeoutError(<HTTPSConnection(host='www.mobile-ichiban.com', port=443) at 0x7f7de45a74d0>, 'Connection to www.mobile-ichiban.com timed out. (connect timeout=20)'))",https://www.mobile-ichiban.com/Prod/1/01/36
2026-07-09T22:51:28.335558+00:00,iPhone 17 Pro Max 256GB,256GB,海峡通信,,194800,,ALERT,,,failed,"海峡通信の取得に失敗: 3回リトライ後も取得失敗: HTTPSConnectionPool(host='www.mobile-ichiban.com', port=443): Max retries exceeded with url: /Prod/1/01/37 (Caused by ConnectTimeoutError(<HTTPSConnection(host='www.mobile-ichiban.com', port=443) at 0x7f7de3797b00>, 'Connection to www.mobile-ichiban.com timed out. (connect timeout=20)'))",https://www.mobile-ichiban.com/Prod/1/01/37
2026-07-09T22:51:28.335558+00:00,iPhone 17 Pro Max 512GB,512GB,海峡通信,,229800,,ALERT,,,failed,"海峡通信の取得に失敗: 3回リトライ後も取得失敗: HTTPSConnectionPool(host='www.mobile-ichiban.com', port=443): Max retries exceeded with url: /Prod/1/01/37 (Caused by ConnectTimeoutError(<HTTPSConnection(host='www.mobile-ichiban.com', port=443) at 0x7f7de3797b00>, 'Connection to www.mobile-ichiban.com timed out. (connect timeout=20)'))",https://www.mobile-ichiban.com/Prod/1/01/37
2026-07-10T10:36:44.135161+00:00,iPhone 17 Pro 256GB,256GB,海峡通信,176000,179800,-3800,WAIT,-2000,-2000,ok,目標未達,https://www.mobile-ichiban.com/Prod/1/01/36
2026-07-10T10:36:44.135161+00:00,iPhone 17 Pro 512GB,512GB,海峡通信,176000,214800,-38800,ALERT,-37500,-37500,ok,"前回比 -37,500円",https://www.mobile-ichiban.com/Prod/1/01/36
2026-07-10T10:36:44.135161+00:00,iPhone 17 Pro Max 256GB,256GB,海峡通信,191000,194800,-3800,WAIT,-2000,-2000,ok,目標未達,https://www.mobile-ichiban.com/Prod/1/01/37
2026-07-10T10:36:44.135161+00:00,iPhone 17 Pro Max 512GB,512GB,海峡通信,191000,229800,-38800,ALERT,-38000,-38000,ok,"前回比 -38,000円",https://www.mobile-ichiban.com/Prod/1/01/37
2026-07-10T17:29:58.334601+00:00,iPhone 17 Pro 256GB,256GB,海峡通信,176000,179800,-3800,WAIT,0,,ok,目標未達,https://www.mobile-ichiban.com/Prod/1/01/36
2026-07-10T17:29:58.334601+00:00,iPhone 17 Pro 512GB,512GB,海峡通信,176000,214800,-38800,WAIT,0,,ok,損益が監視ライン以下,https://www.mobile-ichiban.com/Prod/1/01/36
2026-07-10T17:29:58.334601+00:00,iPhone 17 Pro Max 256GB,256GB,海峡通信,191000,194800,-3800,WAIT,0,,ok,目標未達,https://www.mobile-ichiban.com/Prod/1/01/37
2026-07-10T17:29:58.334601+00:00,iPhone 17 Pro Max 512GB,512GB,海峡通信,191000,229800,-38800,WAIT,0,,ok,損益が監視ライン以下,https://www.mobile-ichiban.com/Prod/1/01/37
2026-07-10T21:39:13.448097+00:00,iPhone 17 Pro 256GB,256GB,海峡通信,176000,179800,-3800,WAIT,0,,ok,目標未達,https://www.mobile-ichiban.com/Prod/1/01/36
2026-07-10T21:39:13.448097+00:00,iPhone 17 Pro 512GB,512GB,海峡通信,176000,214800,-38800,WAIT,0,,ok,損益が監視ライン以下,https://www.mobile-ichiban.com/Prod/1/01/36
2026-07-10T21:39:13.448097+00:00,iPhone 17 Pro Max 256GB,256GB,海峡通信,191000,194800,-3800,WAIT,0,,ok,目標未達,https://www.mobile-ichiban.com/Prod/1/01/37
2026-07-10T21:39:13.448097+00:00,iPhone 17 Pro Max 512GB,512GB,海峡通信,191000,229800,-38800,WAIT,0,,ok,損益が監視ライン以下,https://www.mobile-ichiban.com/Prod/1/01/37
2026-07-11T06:27:07.015388+00:00,iPhone 17 Pro 256GB,256GB,海峡通信,176000,179800,-3800,WAIT,0,,ok,目標未達,https://www.mobile-ichiban.com/Prod/1/01/36
2026-07-11T06:27:07.015388+00:00,iPhone 17 Pro 512GB,512GB,海峡通信,211000,214800,-3800,WAIT,35000,,ok,"前回比 +35,000円",https://www.mobile-ichiban.com/Prod/1/01/36
2026-07-11T06:27:07.015388+00:00,iPhone 17 Pro Max 256GB,256GB,海峡通信,191000,194800,-3800,WAIT,0,,ok,目標未達,https://www.mobile-ichiban.com/Prod/1/01/37
2026-07-11T06:27:07.015388+00:00,iPhone 17 Pro Max 512GB,512GB,海峡通信,227000,229800,-2800,WAIT,36000,,ok,"前回比 +36,000円",https://www.mobile-ichiban.com/Prod/1/01/37
2026-07-11T10:45:31.711908+00:00,iPhone 17 Pro 256GB,256GB,海峡通信,176000,179800,-3800,WAIT,0,0,ok,目標未達,https://www.mobile-ichiban.com/Prod/1/01/36
2026-07-11T10:45:31.711908+00:00,iPhone 17 Pro 512GB,512GB,海峡通信,176000,214800,-38800,ALERT,-35000,0,ok,"前回比 -35,000円",https://www.mobile-ichiban.com/Prod/1/01/36
2026-07-11T10:45:31.711908+00:00,iPhone 17 Pro Max 256GB,256GB,海峡通信,191000,194800,-3800,WAIT,0,0,ok,目標未達,https://www.mobile-ichiban.com/Prod/1/01/37
2026-07-11T10:45:31.711908+00:00,iPhone 17 Pro Max 512GB,512GB,海峡通信,191000,229800,-38800,ALERT,-36000,0,ok,"前回比 -36,000円",https://www.mobile-ichiban.com/Prod/1/01/37
2026-07-11T14:37:30.151064+00:00,iPhone 17 Pro 256GB,256GB,海峡通信,176000,179800,-3800,WAIT,0,0,ok,目標未達,https://www.mobile-ichiban.com/Prod/1/01/36
2026-07-11T14:37:30.151064+00:00,iPhone 17 Pro 512GB,512GB,海峡通信,176000,214800,-38800,WAIT,0,0,ok,損益が監視ライン以下,https://www.mobile-ichiban.com/Prod/1/01/36
2026-07-11T14:37:30.151064+00:00,iPhone 17 Pro Max 256GB,256GB,海峡通信,191000,194800,-3800,WAIT,0,0,ok,目標未達,https://www.mobile-ichiban.com/Prod/1/01/37
2026-07-11T14:37:30.151064+00:00,iPhone 17 Pro Max 512GB,512GB,海峡通信,191000,229800,-38800,WAIT,0,0,ok,損益が監視ライン以下,https://www.mobile-ichiban.com/Prod/1/01/37
2026-07-11T18:09:02.882411+00:00,iPhone 17 Pro 256GB,256GB,海峡通信,,179800,,ALERT,,,failed,"海峡通信の取得に失敗: 3回リトライ後も取得失敗: HTTPSConnectionPool(host='www.mobile-ichiban.com', port=443): Max retries exceeded with url: /Prod/1/01/36 (Caused by ConnectTimeoutError(<HTTPSConnection(host='www.mobile-ichiban.com', port=443) at 0x7fe056a5b260>, 'Connection to www.mobile-ichiban.com timed out. (connect timeout=20)'))",https://www.mobile-ichiban.com/Prod/1/01/36
2026-07-11T18:09:02.882411+00:00,iPhone 17 Pro 512GB,512GB,海峡通信,,214800,,ALERT,,,failed,"海峡通信の取得に失敗: 3回リトライ後も取得失敗: HTTPSConnectionPool(host='www.mobile-ichiban.com', port=443): Max retries exceeded with url: /Prod/1/01/36 (Caused by ConnectTimeoutError(<HTTPSConnection(host='www.mobile-ichiban.com', port=443) at 0x7fe056a5b260>, 'Connection to www.mobile-ichiban.com timed out. (connect timeout=20)'))",https://www.mobile-ichiban.com/Prod/1/01/36
2026-07-11T18:09:02.882411+00:00,iPhone 17 Pro Max 256GB,256GB,海峡通信,,194800,,ALERT,,,failed,"海峡通信の取得に失敗: 3回リトライ後も取得失敗: HTTPSConnectionPool(host='www.mobile-ichiban.com', port=443): Max retries exceeded with url: /Prod/1/01/37 (Caused by ConnectTimeoutError(<HTTPSConnection(host='www.mobile-ichiban.com', port=443) at 0x7fe056807d10>, 'Connection to www.mobile-ichiban.com timed out. (connect timeout=20)'))",https://www.mobile-ichiban.com/Prod/1/01/37
2026-07-11T18:09:02.882411+00:00,iPhone 17 Pro Max 512GB,512GB,海峡通信,,229800,,ALERT,,,failed,"海峡通信の取得に失敗: 3回リトライ後も取得失敗: HTTPSConnectionPool(host='www.mobile-ichiban.com', port=443): Max retries exceeded with url: /Prod/1/01/37 (Caused by ConnectTimeoutError(<HTTPSConnection(host='www.mobile-ichiban.com', port=443) at 0x7fe056807d10>, 'Connection to www.mobile-ichiban.com timed out. (connect timeout=20)'))",https://www.mobile-ichiban.com/Prod/1/01/37
2026-07-11T21:35:20.162901+00:00,iPhone 17 Pro 256GB,256GB,海峡通信,176000,179800,-3800,WAIT,0,0,ok,目標未達,https://www.mobile-ichiban.com/Prod/1/01/36
2026-07-11T21:35:20.162901+00:00,iPhone 17 Pro 512GB,512GB,海峡通信,176000,214800,-38800,WAIT,0,0,ok,損益が監視ライン以下,https://www.mobile-ichiban.com/Prod/1/01/36
2026-07-11T21:35:20.162901+00:00,iPhone 17 Pro Max 256GB,256GB,海峡通信,191000,194800,-3800,WAIT,0,0,ok,目標未達,https://www.mobile-ichiban.com/Prod/1/01/37
2026-07-11T21:35:20.162901+00:00,iPhone 17 Pro Max 512GB,512GB,海峡通信,191000,229800,-38800,WAIT,0,0,ok,損益が監視ライン以下,https://www.mobile-ichiban.com/Prod/1/01/37
2026-07-12T07:35:20.740646+00:00,iPhone 17 Pro 256GB,256GB,海峡通信,176000,179800,-3800,WAIT,0,0,ok,目標未達,https://www.mobile-ichiban.com/Prod/1/01/36
2026-07-12T07:35:20.740646+00:00,iPhone 17 Pro 512GB,512GB,海峡通信,176000,214800,-38800,WAIT,0,-35000,ok,損益が監視ライン以下,https://www.mobile-ichiban.com/Prod/1/01/36
2026-07-12T07:35:20.740646+00:00,iPhone 17 Pro Max 256GB,256GB,海峡通信,191000,194800,-3800,WAIT,0,0,ok,目標未達,https://www.mobile-ichiban.com/Prod/1/01/37
2026-07-12T07:35:20.740646+00:00,iPhone 17 Pro Max 512GB,512GB,海峡通信,191000,229800,-38800,WAIT,0,-36000,ok,損益が監視ライン以下,https://www.mobile-ichiban.com/Prod/1/01/37
2026-07-12T09:54:25.582559+00:00,iPhone 17 Pro 256GB,256GB,海峡通信,,179800,,ALERT,,,failed,"海峡通信の取得に失敗: 3回リトライ後も取得失敗: HTTPSConnectionPool(host='www.mobile-ichiban.com', port=443): Max retries exceeded with url: /Prod/1/01/36 (Caused by ConnectTimeoutError(<HTTPSConnection(host='www.mobile-ichiban.com', port=443) at 0x7fa2cf738050>, 'Connection to www.mobile-ichiban.com timed out. (connect timeout=20)'))",https://www.mobile-ichiban.com/Prod/1/01/36
2026-07-12T09:54:25.582559+00:00,iPhone 17 Pro 512GB,512GB,海峡通信,,214800,,ALERT,,,failed,"海峡通信の取得に失敗: 3回リトライ後も取得失敗: HTTPSConnectionPool(host='www.mobile-ichiban.com', port=443): Max retries exceeded with url: /Prod/1/01/36 (Caused by ConnectTimeoutError(<HTTPSConnection(host='www.mobile-ichiban.com', port=443) at 0x7fa2cf738050>, 'Connection to www.mobile-ichiban.com timed out. (connect timeout=20)'))",https://www.mobile-ichiban.com/Prod/1/01/36
2026-07-12T09:54:25.582559+00:00,iPhone 17 Pro Max 256GB,256GB,海峡通信,,194800,,ALERT,,,failed,"海峡通信の取得に失敗: 3回リトライ後も取得失敗: HTTPSConnectionPool(host='www.mobile-ichiban.com', port=443): Max retries exceeded with url: /Prod/1/01/37 (Caused by ConnectTimeoutError(<HTTPSConnection(host='www.mobile-ichiban.com', port=443) at 0x7fa2cf517fe0>, 'Connection to www.mobile-ichiban.com timed out. (connect timeout=20)'))",https://www.mobile-ichiban.com/Prod/1/01/37
2026-07-12T09:54:25.582559+00:00,iPhone 17 Pro Max 512GB,512GB,海峡通信,,229800,,ALERT,,,failed,"海峡通信の取得に失敗: 3回リトライ後も取得失敗: HTTPSConnectionPool(host='www.mobile-ichiban.com', port=443): Max retries exceeded with url: /Prod/1/01/37 (Caused by ConnectTimeoutError(<HTTPSConnection(host='www.mobile-ichiban.com', port=443) at 0x7fa2cf517fe0>, 'Connection to www.mobile-ichiban.com timed out. (connect timeout=20)'))",https://www.mobile-ichiban.com/Prod/1/01/37
2026-07-12T11:14:35.265206+00:00,iPhone 17 Pro 256GB,256GB,海峡通信,176000,179800,-3800,WAIT,0,0,ok,目標未達,https://www.mobile-ichiban.com/Prod/1/01/36
2026-07-12T11:14:35.265206+00:00,iPhone 17 Pro 512GB,512GB,海峡通信,176000,214800,-38800,WAIT,0,0,ok,損益が監視ライン以下,https://www.mobile-ichiban.com/Prod/1/01/36
2026-07-12T11:14:35.265206+00:00,iPhone 17 Pro Max 256GB,256GB,海峡通信,191000,194800,-3800,WAIT,0,0,ok,目標未達,https://www.mobile-ichiban.com/Prod/1/01/37
2026-07-12T11:14:35.265206+00:00,iPhone 17 Pro Max 512GB,512GB,海峡通信,191000,229800,-38800,WAIT,0,0,ok,損益が監視ライン以下,https://www.mobile-ichiban.com/Prod/1/01/37
2026-07-12T13:36:22.186756+00:00,iPhone 17 Pro 256GB,256GB,海峡通信,176000,179800,-3800,WAIT,0,0,ok,目標未達,https://www.mobile-ichiban.com/Prod/1/01/36
2026-07-12T13:36:22.186756+00:00,iPhone 17 Pro 512GB,512GB,海峡通信,176000,214800,-38800,WAIT,0,0,ok,損益が監視ライン以下,https://www.mobile-ichiban.com/Prod/1/01/36
2026-07-12T13:36:22.186756+00:00,iPhone 17 Pro Max 256GB,256GB,海峡通信,191000,194800,-3800,WAIT,0,0,ok,目標未達,https://www.mobile-ichiban.com/Prod/1/01/37
2026-07-12T13:36:22.186756+00:00,iPhone 17 Pro Max 512GB,512GB,海峡通信,191000,229800,-38800,WAIT,0,0,ok,損益が監視ライン以下,https://www.mobile-ichiban.com/Prod/1/01/37
2026-07-12T15:00:51.282736+00:00,iPhone 17 Pro 256GB,256GB,海峡通信,176000,179800,-3800,WAIT,0,0,ok,目標未達,https://www.mobile-ichiban.com/Prod/1/01/36
2026-07-12T15:00:51.282736+00:00,iPhone 17 Pro 512GB,512GB,海峡通信,176000,214800,-38800,WAIT,0,0,ok,損益が監視ライン以下,https://www.mobile-ichiban.com/Prod/1/01/36
2026-07-12T15:00:51.282736+00:00,iPhone 17 Pro Max 256GB,256GB,海峡通信,191000,194800,-3800,WAIT,0,0,ok,目標未達,https://www.mobile-ichiban.com/Prod/1/01/37
2026-07-12T15:00:51.282736+00:00,iPhone 17 Pro Max 512GB,512GB,海峡通信,191000,229800,-38800,WAIT,0,0,ok,損益が監視ライン以下,https://www.mobile-ichiban.com/Prod/1/01/37
2026-07-12T17:03:40.446077+00:00,iPhone 17 Pro 256GB,256GB,海峡通信,176000,179800,-3800,WAIT,0,0,ok,目標未達,https://www.mobile-ichiban.com/Prod/1/01/36
2026-07-12T17:03:40.446077+00:00,iPhone 17 Pro 512GB,512GB,海峡通信,176000,214800,-38800,WAIT,0,0,ok,損益が監視ライン以下,https://www.mobile-ichiban.com/Prod/1/01/36
2026-07-12T17:03:40.446077+00:00,iPhone 17 Pro Max 256GB,256GB,海峡通信,191000,194800,-3800,WAIT,0,0,ok,目標未達,https://www.mobile-ichiban.com/Prod/1/01/37
2026-07-12T17:03:40.446077+00:00,iPhone 17 Pro Max 512GB,512GB,海峡通信,191000,229800,-38800,WAIT,0,0,ok,損益が監視ライン以下,https://www.mobile-ichiban.com/Prod/1/01/37
2026-07-12T19:11:06.133077+00:00,iPhone 17 Pro 256GB,256GB,海峡通信,176000,179800,-3800,WAIT,0,0,ok,目標未達,https://www.mobile-ichiban.com/Prod/1/01/36
2026-07-12T19:11:06.133077+00:00,iPhone 17 Pro 512GB,512GB,海峡通信,176000,214800,-38800,WAIT,0,0,ok,損益が監視ライン以下,https://www.mobile-ichiban.com/Prod/1/01/36
2026-07-12T19:11:06.133077+00:00,iPhone 17 Pro Max 256GB,256GB,海峡通信,191000,194800,-3800,WAIT,0,0,ok,目標未達,https://www.mobile-ichiban.com/Prod/1/01/37
2026-07-12T19:11:06.133077+00:00,iPhone 17 Pro Max 512GB,512GB,海峡通信,191000,229800,-38800,WAIT,0,0,ok,損益が監視ライン以下,https://www.mobile-ichiban.com/Prod/1/01/37
2026-07-12T20:55:42.558378+00:00,iPhone 17 Pro 256GB,256GB,海峡通信,,179800,,ALERT,,,failed,"海峡通信の取得に失敗: 3回リトライ後も取得失敗: HTTPSConnectionPool(host='www.mobile-ichiban.com', port=443): Max retries exceeded with url: /Prod/1/01/36 (Caused by ConnectTimeoutError(<HTTPSConnection(host='www.mobile-ichiban.com', port=443) at 0x7f9b397d2240>, 'Connection to www.mobile-ichiban.com timed out. (connect timeout=20)'))",https://www.mobile-ichiban.com/Prod/1/01/36
2026-07-12T20:55:42.558378+00:00,iPhone 17 Pro 512GB,512GB,海峡通信,,214800,,ALERT,,,failed,"海峡通信の取得に失敗: 3回リトライ後も取得失敗: HTTPSConnectionPool(host='www.mobile-ichiban.com', port=443): Max retries exceeded with url: /Prod/1/01/36 (Caused by ConnectTimeoutError(<HTTPSConnection(host='www.mobile-ichiban.com', port=443) at 0x7f9b397d2240>, 'Connection to www.mobile-ichiban.com timed out. (connect timeout=20)'))",https://www.mobile-ichiban.com/Prod/1/01/36
2026-07-12T20:55:42.558378+00:00,iPhone 17 Pro Max 256GB,256GB,海峡通信,,194800,,ALERT,,,failed,"海峡通信の取得に失敗: 3回リトライ後も取得失敗: HTTPSConnectionPool(host='www.mobile-ichiban.com', port=443): Max retries exceeded with url: /Prod/1/01/37 (Caused by ConnectTimeoutError(<HTTPSConnection(host='www.mobile-ichiban.com', port=443) at 0x7f9b3916f9e0>, 'Connection to www.mobile-ichiban.com timed out. (connect timeout=20)'))",https://www.mobile-ichiban.com/Prod/1/01/37
2026-07-12T20:55:42.558378+00:00,iPhone 17 Pro Max 512GB,512GB,海峡通信,,229800,,ALERT,,,failed,"海峡通信の取得に失敗: 3回リトライ後も取得失敗: HTTPSConnectionPool(host='www.mobile-ichiban.com', port=443): Max retries exceeded with url: /Prod/1/01/37 (Caused by ConnectTimeoutError(<HTTPSConnection(host='www.mobile-ichiban.com', port=443) at 0x7f9b3916f9e0>, 'Connection to www.mobile-ichiban.com timed out. (connect timeout=20)'))",https://www.mobile-ichiban.com/Prod/1/01/37
2026-07-12T21:56:59.971314+00:00,iPhone 17 Pro 256GB,256GB,海峡通信,176000,179800,-3800,WAIT,0,0,ok,目標未達,https://www.mobile-ichiban.com/Prod/1/01/36
2026-07-12T21:56:59.971314+00:00,iPhone 17 Pro 512GB,512GB,海峡通信,176000,214800,-38800,WAIT,0,0,ok,損益が監視ライン以下,https://www.mobile-ichiban.com/Prod/1/01/36
2026-07-12T21:56:59.971314+00:00,iPhone 17 Pro Max 256GB,256GB,海峡通信,191000,194800,-3800,WAIT,0,0,ok,目標未達,https://www.mobile-ichiban.com/Prod/1/01/37
2026-07-12T21:56:59.971314+00:00,iPhone 17 Pro Max 512GB,512GB,海峡通信,191000,229800,-38800,WAIT,0,0,ok,損益が監視ライン以下,https://www.mobile-ichiban.com/Prod/1/01/37
2026-07-12T22:58:10.250362+00:00,iPhone 17 Pro 256GB,256GB,海峡通信,176000,179800,-3800,WAIT,0,0,ok,目標未達,https://www.mobile-ichiban.com/Prod/1/01/36
2026-07-12T22:58:10.250362+00:00,iPhone 17 Pro 512GB,512GB,海峡通信,176000,214800,-38800,WAIT,0,0,ok,損益が監視ライン以下,https://www.mobile-ichiban.com/Prod/1/01/36
2026-07-12T22:58:10.250362+00:00,iPhone 17 Pro Max 256GB,256GB,海峡通信,191000,194800,-3800,WAIT,0,0,ok,目標未達,https://www.mobile-ichiban.com/Prod/1/01/37
2026-07-12T22:58:10.250362+00:00,iPhone 17 Pro Max 512GB,512GB,海峡通信,191000,229800,-38800,WAIT,0,0,ok,損益が監視ライン以下,https://www.mobile-ichiban.com/Prod/1/01/37
2026-07-13T00:03:21.583495+00:00,iPhone 17 Pro 256GB,256GB,海峡通信,176000,179800,-3800,WAIT,0,0,ok,目標未達,https://www.mobile-ichiban.com/Prod/1/01/36
2026-07-13T00:03:21.583495+00:00,iPhone 17 Pro 512GB,512GB,海峡通信,176000,214800,-38800,WAIT,0,0,ok,損益が監視ライン以下,https://www.mobile-ichiban.com/Prod/1/01/36
2026-07-13T00:03:21.583495+00:00,iPhone 17 Pro Max 256GB,256GB,海峡通信,191000,194800,-3800,WAIT,0,0,ok,目標未達,https://www.mobile-ichiban.com/Prod/1/01/37
2026-07-13T00:03:21.583495+00:00,iPhone 17 Pro Max 512GB,512GB,海峡通信,191000,229800,-38800,WAIT,0,0,ok,損益が監視ライン以下,https://www.mobile-ichiban.com/Prod/1/01/37
2026-07-13T04:32:19.632915+00:00,iPhone 17 Pro 256GB,256GB,海峡通信,176000,179800,-3800,WAIT,0,,ok,目標未達,https://www.mobile-ichiban.com/Prod/1/01/36
2026-07-13T04:32:19.632915+00:00,iPhone 17 Pro 512GB,512GB,海峡通信,176000,214800,-38800,WAIT,0,,ok,損益が監視ライン以下,https://www.mobile-ichiban.com/Prod/1/01/36
2026-07-13T04:32:19.632915+00:00,iPhone 17 Pro Max 256GB,256GB,海峡通信,191000,194800,-3800,WAIT,0,,ok,目標未達,https://www.mobile-ichiban.com/Prod/1/01/37
2026-07-13T04:32:19.632915+00:00,iPhone 17 Pro Max 512GB,512GB,海峡通信,191000,229800,-38800,WAIT,0,,ok,損益が監視ライン以下,https://www.mobile-ichiban.com/Prod/1/01/37
2026-07-13T08:19:06.294472+00:00,iPhone 17 Pro 256GB,256GB,海峡通信,176000,179800,-3800,WAIT,0,0,ok,目標未達,https://www.mobile-ichiban.com/Prod/1/01/36
2026-07-13T08:19:06.294472+00:00,iPhone 17 Pro 512GB,512GB,海峡通信,176000,214800,-38800,WAIT,0,0,ok,損益が監視ライン以下,https://www.mobile-ichiban.com/Prod/1/01/36
2026-07-13T08:19:06.294472+00:00,iPhone 17 Pro Max 256GB,256GB,海峡通信,191000,194800,-3800,WAIT,0,0,ok,目標未達,https://www.mobile-ichiban.com/Prod/1/01/37
2026-07-13T08:19:06.294472+00:00,iPhone 17 Pro Max 512GB,512GB,海峡通信,191000,229800,-38800,WAIT,0,0,ok,損益が監視ライン以下,https://www.mobile-ichiban.com/Prod/1/01/37
2026-07-13T12:10:04.814397+00:00,iPhone 17 Pro 256GB,256GB,海峡通信,176000,179800,-3800,WAIT,0,0,ok,目標未達,https://www.mobile-ichiban.com/Prod/1/01/36
2026-07-13T12:10:04.814397+00:00,iPhone 17 Pro 512GB,512GB,海峡通信,176000,214800,-38800,WAIT,0,0,ok,損益が監視ライン以下,https://www.mobile-ichiban.com/Prod/1/01/36
2026-07-13T12:10:04.814397+00:00,iPhone 17 Pro Max 256GB,256GB,海峡通信,191000,194800,-3800,WAIT,0,0,ok,目標未達,https://www.mobile-ichiban.com/Prod/1/01/37
2026-07-13T12:10:04.814397+00:00,iPhone 17 Pro Max 512GB,512GB,海峡通信,191000,229800,-38800,WAIT,0,0,ok,損益が監視ライン以下,https://www.mobile-ichiban.com/Prod/1/01/37
2026-07-13T15:43:39.929041+00:00,iPhone 17 Pro 256GB,256GB,海峡通信,176000,179800,-3800,WAIT,0,0,ok,目標未達,https://www.mobile-ichiban.com/Prod/1/01/36
2026-07-13T15:43:39.929041+00:00,iPhone 17 Pro 512GB,512GB,海峡通信,176000,214800,-38800,WAIT,0,0,ok,損益が監視ライン以下,https://www.mobile-ichiban.com/Prod/1/01/36
2026-07-13T15:43:39.929041+00:00,iPhone 17 Pro Max 256GB,256GB,海峡通信,191000,194800,-3800,WAIT,0,0,ok,目標未達,https://www.mobile-ichiban.com/Prod/1/01/37
2026-07-13T15:43:39.929041+00:00,iPhone 17 Pro Max 512GB,512GB,海峡通信,191000,229800,-38800,WAIT,0,0,ok,損益が監視ライン以下,https://www.mobile-ichiban.com/Prod/1/01/37
2026-07-13T17:57:53.365119+00:00,iPhone 17 Pro 256GB,256GB,海峡通信,176000,179800,-3800,WAIT,0,0,ok,目標未達,https://www.mobile-ichiban.com/Prod/1/01/36
2026-07-13T17:57:53.365119+00:00,iPhone 17 Pro 512GB,512GB,海峡通信,176000,214800,-38800,WAIT,0,0,ok,損益が監視ライン以下,https://www.mobile-ichiban.com/Prod/1/01/36
2026-07-13T17:57:53.365119+00:00,iPhone 17 Pro Max 256GB,256GB,海峡通信,191000,194800,-3800,WAIT,0,0,ok,目標未達,https://www.mobile-ichiban.com/Prod/1/01/37
2026-07-13T17:57:53.365119+00:00,iPhone 17 Pro Max 512GB,512GB,海峡通信,191000,229800,-38800,WAIT,0,0,ok,損益が監視ライン以下,https://www.mobile-ichiban.com/Prod/1/01/37
2026-07-13T19:40:56.109280+00:00,iPhone 17 Pro 256GB,256GB,海峡通信,176000,179800,-3800,WAIT,0,0,ok,目標未達,https://www.mobile-ichiban.com/Prod/1/01/36
2026-07-13T19:40:56.109280+00:00,iPhone 17 Pro 512GB,512GB,海峡通信,176000,214800,-38800,WAIT,0,0,ok,損益が監視ライン以下,https://www.mobile-ichiban.com/Prod/1/01/36
2026-07-13T19:40:56.109280+00:00,iPhone 17 Pro Max 256GB,256GB,海峡通信,191000,194800,-3800,WAIT,0,0,ok,目標未達,https://www.mobile-ichiban.com/Prod/1/01/37
2026-07-13T19:40:56.109280+00:00,iPhone 17 Pro Max 512GB,512GB,海峡通信,191000,229800,-38800,WAIT,0,0,ok,損益が監視ライン以下,https://www.mobile-ichiban.com/Prod/1/01/37
2026-07-13T21:00:16.516947+00:00,iPhone 17 Pro 256GB,256GB,海峡通信,176000,179800,-3800,WAIT,0,0,ok,目標未達,https://www.mobile-ichiban.com/Prod/1/01/36
2026-07-13T21:00:16.516947+00:00,iPhone 17 Pro 512GB,512GB,海峡通信,176000,214800,-38800,WAIT,0,0,ok,損益が監視ライン以下,https://www.mobile-ichiban.com/Prod/1/01/36
2026-07-13T21:00:16.516947+00:00,iPhone 17 Pro Max 256GB,256GB,海峡通信,191000,194800,-3800,WAIT,0,0,ok,目標未達,https://www.mobile-ichiban.com/Prod/1/01/37
2026-07-13T21:00:16.516947+00:00,iPhone 17 Pro Max 512GB,512GB,海峡通信,191000,229800,-38800,WAIT,0,0,ok,損益が監視ライン以下,https://www.mobile-ichiban.com/Prod/1/01/37
2026-07-13T22:58:14.833333+00:00,iPhone 17 Pro 256GB,256GB,海峡通信,176000,179800,-3800,WAIT,0,0,ok,目標未達,https://www.mobile-ichiban.com/Prod/1/01/36
2026-07-13T22:58:14.833333+00:00,iPhone 17 Pro 512GB,512GB,海峡通信,176000,214800,-38800,WAIT,0,0,ok,損益が監視ライン以下,https://www.mobile-ichiban.com/Prod/1/01/36
2026-07-13T22:58:14.833333+00:00,iPhone 17 Pro Max 256GB,256GB,海峡通信,191000,194800,-3800,WAIT,0,0,ok,目標未達,https://www.mobile-ichiban.com/Prod/1/01/37
2026-07-13T22:58:14.833333+00:00,iPhone 17 Pro Max 512GB,512GB,海峡通信,191000,229800,-38800,WAIT,0,0,ok,損益が監視ライン以下,https://www.mobile-ichiban.com/Prod/1/01/37
2026-07-13T23:59:55.819571+00:00,iPhone 17 Pro 256GB,256GB,海峡通信,176000,179800,-3800,WAIT,0,0,ok,目標未達,https://www.mobile-ichiban.com/Prod/1/01/36
2026-07-13T23:59:55.819571+00:00,iPhone 17 Pro 512GB,512GB,海峡通信,176000,214800,-38800,WAIT,0,0,ok,損益が監視ライン以下,https://www.mobile-ichiban.com/Prod/1/01/36
2026-07-13T23:59:55.819571+00:00,iPhone 17 Pro Max 256GB,256GB,海峡通信,191000,194800,-3800,WAIT,0,0,ok,目標未達,https://www.mobile-ichiban.com/Prod/1/01/37
2026-07-13T23:59:55.819571+00:00,iPhone 17 Pro Max 512GB,512GB,海峡通信,191000,229800,-38800,WAIT,0,0,ok,損益が監視ライン以下,https://www.mobile-ichiban.com/Prod/1/01/37
2026-07-14T03:24:55.363093+00:00,iPhone 17 Pro 256GB,256GB,海峡通信,176000,179800,-3800,WAIT,0,0,ok,目標未達,https://www.mobile-ichiban.com/Prod/1/01/36
2026-07-14T03:24:55.363093+00:00,iPhone 17 Pro 512GB,512GB,海峡通信,176000,214800,-38800,WAIT,0,0,ok,損益が監視ライン以下,https://www.mobile-ichiban.com/Prod/1/01/36
2026-07-14T03:24:55.363093+00:00,iPhone 17 Pro Max 256GB,256GB,海峡通信,191000,194800,-3800,WAIT,0,0,ok,目標未達,https://www.mobile-ichiban.com/Prod/1/01/37
2026-07-14T03:24:55.363093+00:00,iPhone 17 Pro Max 512GB,512GB,海峡通信,191000,229800,-38800,WAIT,0,0,ok,損益が監視ライン以下,https://www.mobile-ichiban.com/Prod/1/01/37
2026-07-14T06:14:59.746943+00:00,iPhone 17 Pro 256GB,256GB,海峡通信,176000,179800,-3800,WAIT,0,0,ok,目標未達,https://www.mobile-ichiban.com/Prod/1/01/36
2026-07-14T06:14:59.746943+00:00,iPhone 17 Pro 512GB,512GB,海峡通信,176000,214800,-38800,WAIT,0,0,ok,損益が監視ライン以下,https://www.mobile-ichiban.com/Prod/1/01/36
2026-07-14T06:14:59.746943+00:00,iPhone 17 Pro Max 256GB,256GB,海峡通信,191000,194800,-3800,WAIT,0,0,ok,目標未達,https://www.mobile-ichiban.com/Prod/1/01/37
2026-07-14T06:14:59.746943+00:00,iPhone 17 Pro Max 512GB,512GB,海峡通信,191000,229800,-38800,WAIT,0,0,ok,損益が監視ライン以下,https://www.mobile-ichiban.com/Prod/1/01/37
2026-07-14T09:07:24.500725+00:00,iPhone 17 Pro 256GB,256GB,海峡通信,,179800,,ALERT,,,failed,"海峡通信の取得に失敗: 3回リトライ後も取得失敗: HTTPSConnectionPool(host='www.mobile-ichiban.com', port=443): Max retries exceeded with url: /Prod/1/01/36 (Caused by ConnectTimeoutError(<HTTPSConnection(host='www.mobile-ichiban.com', port=443) at 0x7f54ea0f88c0>, 'Connection to www.mobile-ichiban.com timed out. (connect timeout=20)'))",https://www.mobile-ichiban.com/Prod/1/01/36
2026-07-14T09:07:24.500725+00:00,iPhone 17 Pro 512GB,512GB,海峡通信,,214800,,ALERT,,,failed,"海峡通信の取得に失敗: 3回リトライ後も取得失敗: HTTPSConnectionPool(host='www.mobile-ichiban.com', port=443): Max retries exceeded with url: /Prod/1/01/36 (Caused by ConnectTimeoutError(<HTTPSConnection(host='www.mobile-ichiban.com', port=443) at 0x7f54ea0f88c0>, 'Connection to www.mobile-ichiban.com timed out. (connect timeout=20)'))",https://www.mobile-ichiban.com/Prod/1/01/36
2026-07-14T09:07:24.500725+00:00,iPhone 17 Pro Max 256GB,256GB,海峡通信,,194800,,ALERT,,,failed,"海峡通信の取得に失敗: 3回リトライ後も取得失敗: HTTPSConnectionPool(host='www.mobile-ichiban.com', port=443): Max retries exceeded with url: /Prod/1/01/37 (Caused by ConnectTimeoutError(<HTTPSConnection(host='www.mobile-ichiban.com', port=443) at 0x7f54ea129ca0>, 'Connection to www.mobile-ichiban.com timed out. (connect timeout=20)'))",https://www.mobile-ichiban.com/Prod/1/01/37
2026-07-14T09:07:24.500725+00:00,iPhone 17 Pro Max 512GB,512GB,海峡通信,,229800,,ALERT,,,failed,"海峡通信の取得に失敗: 3回リトライ後も取得失敗: HTTPSConnectionPool(host='www.mobile-ichiban.com', port=443): Max retries exceeded with url: /Prod/1/01/37 (Caused by ConnectTimeoutError(<HTTPSConnection(host='www.mobile-ichiban.com', port=443) at 0x7f54ea129ca0>, 'Connection to www.mobile-ichiban.com timed out. (connect timeout=20)'))",https://www.mobile-ichiban.com/Prod/1/01/37
2026-07-14T11:27:09.436242+00:00,iPhone 17 Pro 256GB,256GB,海峡通信,176000,179800,-3800,WAIT,0,0,ok,目標未達,https://www.mobile-ichiban.com/Prod/1/01/36
2026-07-14T11:27:09.436242+00:00,iPhone 17 Pro 512GB,512GB,海峡通信,176000,214800,-38800,WAIT,0,0,ok,損益が監視ライン以下,https://www.mobile-ichiban.com/Prod/1/01/36
2026-07-14T11:27:09.436242+00:00,iPhone 17 Pro Max 256GB,256GB,海峡通信,191000,194800,-3800,WAIT,0,0,ok,目標未達,https://www.mobile-ichiban.com/Prod/1/01/37
2026-07-14T11:27:09.436242+00:00,iPhone 17 Pro Max 512GB,512GB,海峡通信,191000,229800,-38800,WAIT,0,0,ok,損益が監視ライン以下,https://www.mobile-ichiban.com/Prod/1/01/37
2026-07-14T13:54:00.635001+00:00,iPhone 17 Pro 256GB,256GB,海峡通信,176000,179800,-3800,WAIT,0,0,ok,目標未達,https://www.mobile-ichiban.com/Prod/1/01/36
2026-07-14T13:54:00.635001+00:00,iPhone 17 Pro 512GB,512GB,海峡通信,176000,214800,-38800,WAIT,0,0,ok,損益が監視ライン以下,https://www.mobile-ichiban.com/Prod/1/01/36
2026-07-14T13:54:00.635001+00:00,iPhone 17 Pro Max 256GB,256GB,海峡通信,191000,194800,-3800,WAIT,0,0,ok,目標未達,https://www.mobile-ichiban.com/Prod/1/01/37
2026-07-14T13:54:00.635001+00:00,iPhone 17 Pro Max 512GB,512GB,海峡通信,191000,229800,-38800,WAIT,0,0,ok,損益が監視ライン以下,https://www.mobile-ichiban.com/Prod/1/01/37
2026-07-14T15:25:57.548288+00:00,iPhone 17 Pro 256GB,256GB,海峡通信,176000,179800,-3800,WAIT,0,0,ok,目標未達,https://www.mobile-ichiban.com/Prod/1/01/36
2026-07-14T15:25:57.548288+00:00,iPhone 17 Pro 512GB,512GB,海峡通信,176000,214800,-38800,WAIT,0,0,ok,損益が監視ライン以下,https://www.mobile-ichiban.com/Prod/1/01/36
2026-07-14T15:25:57.548288+00:00,iPhone 17 Pro Max 256GB,256GB,海峡通信,191000,194800,-3800,WAIT,0,0,ok,目標未達,https://www.mobile-ichiban.com/Prod/1/01/37
2026-07-14T15:25:57.548288+00:00,iPhone 17 Pro Max 512GB,512GB,海峡通信,191000,229800,-38800,WAIT,0,0,ok,損益が監視ライン以下,https://www.mobile-ichiban.com/Prod/1/01/37
2026-07-14T17:18:23.992436+00:00,iPhone 17 Pro 256GB,256GB,海峡通信,176000,179800,-3800,WAIT,0,0,ok,目標未達,https://www.mobile-ichiban.com/Prod/1/01/36
2026-07-14T17:18:23.992436+00:00,iPhone 17 Pro 512GB,512GB,海峡通信,176000,214800,-38800,WAIT,0,0,ok,損益が監視ライン以下,https://www.mobile-ichiban.com/Prod/1/01/36
2026-07-14T17:18:23.992436+00:00,iPhone 17 Pro Max 256GB,256GB,海峡通信,191000,194800,-3800,WAIT,0,0,ok,目標未達,https://www.mobile-ichiban.com/Prod/1/01/37
2026-07-14T17:18:23.992436+00:00,iPhone 17 Pro Max 512GB,512GB,海峡通信,191000,229800,-38800,WAIT,0,0,ok,損益が監視ライン以下,https://www.mobile-ichiban.com/Prod/1/01/37
2026-07-14T19:25:30.018729+00:00,iPhone 17 Pro 256GB,256GB,海峡通信,176000,179800,-3800,WAIT,0,0,ok,目標未達,https://www.mobile-ichiban.com/Prod/1/01/36
2026-07-14T19:25:30.018729+00:00,iPhone 17 Pro 512GB,512GB,海峡通信,176000,214800,-38800,WAIT,0,0,ok,損益が監視ライン以下,https://www.mobile-ichiban.com/Prod/1/01/36
2026-07-14T19:25:30.018729+00:00,iPhone 17 Pro Max 256GB,256GB,海峡通信,191000,194800,-3800,WAIT,0,0,ok,目標未達,https://www.mobile-ichiban.com/Prod/1/01/37
2026-07-14T19:25:30.018729+00:00,iPhone 17 Pro Max 512GB,512GB,海峡通信,191000,229800,-38800,WAIT,0,0,ok,損益が監視ライン以下,https://www.mobile-ichiban.com/Prod/1/01/37
2026-07-14T21:03:54.073476+00:00,iPhone 17 Pro 256GB,256GB,海峡通信,,179800,,ALERT,,,failed,"海峡通信の取得に失敗: 3回リトライ後も取得失敗: HTTPSConnectionPool(host='www.mobile-ichiban.com', port=443): Max retries exceeded with url: /Prod/1/01/36 (Caused by ConnectTimeoutError(<HTTPSConnection(host='www.mobile-ichiban.com', port=443) at 0x7fa4f8935340>, 'Connection to www.mobile-ichiban.com timed out. (connect timeout=20)'))",https://www.mobile-ichiban.com/Prod/1/01/36
2026-07-14T21:03:54.073476+00:00,iPhone 17 Pro 512GB,512GB,海峡通信,,214800,,ALERT,,,failed,"海峡通信の取得に失敗: 3回リトライ後も取得失敗: HTTPSConnectionPool(host='www.mobile-ichiban.com', port=443): Max retries exceeded with url: /Prod/1/01/36 (Caused by ConnectTimeoutError(<HTTPSConnection(host='www.mobile-ichiban.com', port=443) at 0x7fa4f8935340>, 'Connection to www.mobile-ichiban.com timed out. (connect timeout=20)'))",https://www.mobile-ichiban.com/Prod/1/01/36
2026-07-14T21:03:54.073476+00:00,iPhone 17 Pro Max 256GB,256GB,海峡通信,,194800,,ALERT,,,failed,"海峡通信の取得に失敗: 3回リトライ後も取得失敗: HTTPSConnectionPool(host='www.mobile-ichiban.com', port=443): Max retries exceeded with url: /Prod/1/01/37 (Caused by ConnectTimeoutError(<HTTPSConnection(host='www.mobile-ichiban.com', port=443) at 0x7fa4f8297a40>, 'Connection to www.mobile-ichiban.com timed out. (connect timeout=20)'))",https://www.mobile-ichiban.com/Prod/1/01/37
2026-07-14T21:03:54.073476+00:00,iPhone 17 Pro Max 512GB,512GB,海峡通信,,229800,,ALERT,,,failed,"海峡通信の取得に失敗: 3回リトライ後も取得失敗: HTTPSConnectionPool(host='www.mobile-ichiban.com', port=443): Max retries exceeded with url: /Prod/1/01/37 (Caused by ConnectTimeoutError(<HTTPSConnection(host='www.mobile-ichiban.com', port=443) at 0x7fa4f8297a40>, 'Connection to www.mobile-ichiban.com timed out. (connect timeout=20)'))",https://www.mobile-ichiban.com/Prod/1/01/37
2026-07-14T22:59:58.106508+00:00,iPhone 17 Pro 256GB,256GB,海峡通信,176000,179800,-3800,WAIT,0,0,ok,目標未達,https://www.mobile-ichiban.com/Prod/1/01/36
2026-07-14T22:59:58.106508+00:00,iPhone 17 Pro 512GB,512GB,海峡通信,176000,214800,-38800,WAIT,0,0,ok,損益が監視ライン以下,https://www.mobile-ichiban.com/Prod/1/01/36
2026-07-14T22:59:58.106508+00:00,iPhone 17 Pro Max 256GB,256GB,海峡通信,191000,194800,-3800,WAIT,0,0,ok,目標未達,https://www.mobile-ichiban.com/Prod/1/01/37
2026-07-14T22:59:58.106508+00:00,iPhone 17 Pro Max 512GB,512GB,海峡通信,191000,229800,-38800,WAIT,0,0,ok,損益が監視ライン以下,https://www.mobile-ichiban.com/Prod/1/01/37
2026-07-15T00:01:04.240737+00:00,iPhone 17 Pro 256GB,256GB,海峡通信,,179800,,ALERT,,,failed,"海峡通信の取得に失敗: 3回リトライ後も取得失敗: HTTPSConnectionPool(host='www.mobile-ichiban.com', port=443): Max retries exceeded with url: /Prod/1/01/36 (Caused by ConnectTimeoutError(<HTTPSConnection(host='www.mobile-ichiban.com', port=443) at 0x7f55d8f76d80>, 'Connection to www.mobile-ichiban.com timed out. (connect timeout=20)'))",https://www.mobile-ichiban.com/Prod/1/01/36
2026-07-15T00:01:04.240737+00:00,iPhone 17 Pro 512GB,512GB,海峡通信,,214800,,ALERT,,,failed,"海峡通信の取得に失敗: 3回リトライ後も取得失敗: HTTPSConnectionPool(host='www.mobile-ichiban.com', port=443): Max retries exceeded with url: /Prod/1/01/36 (Caused by ConnectTimeoutError(<HTTPSConnection(host='www.mobile-ichiban.com', port=443) at 0x7f55d8f76d80>, 'Connection to www.mobile-ichiban.com timed out. (connect timeout=20)'))",https://www.mobile-ichiban.com/Prod/1/01/36
2026-07-15T00:01:04.240737+00:00,iPhone 17 Pro Max 256GB,256GB,海峡通信,,194800,,ALERT,,,failed,"海峡通信の取得に失敗: 3回リトライ後も取得失敗: HTTPSConnectionPool(host='www.mobile-ichiban.com', port=443): Max retries exceeded with url: /Prod/1/01/37 (Caused by ConnectTimeoutError(<HTTPSConnection(host='www.mobile-ichiban.com', port=443) at 0x7f55d8f61e80>, 'Connection to www.mobile-ichiban.com timed out. (connect timeout=20)'))",https://www.mobile-ichiban.com/Prod/1/01/37
2026-07-15T00:01:04.240737+00:00,iPhone 17 Pro Max 512GB,512GB,海峡通信,,229800,,ALERT,,,failed,"海峡通信の取得に失敗: 3回リトライ後も取得失敗: HTTPSConnectionPool(host='www.mobile-ichiban.com', port=443): Max retries exceeded with url: /Prod/1/01/37 (Caused by ConnectTimeoutError(<HTTPSConnection(host='www.mobile-ichiban.com', port=443) at 0x7f55d8f61e80>, 'Connection to www.mobile-ichiban.com timed out. (connect timeout=20)'))",https://www.mobile-ichiban.com/Prod/1/01/37
2026-07-15T04:07:49.437126+00:00,iPhone 17 Pro 256GB,256GB,海峡通信,177500,179800,-2300,WAIT,1500,1500,ok,目標未達,https://www.mobile-ichiban.com/Prod/1/01/36
2026-07-15T04:07:49.437126+00:00,iPhone 17 Pro 512GB,512GB,海峡通信,211000,214800,-3800,WAIT,35000,35000,ok,"前回比 +35,000円",https://www.mobile-ichiban.com/Prod/1/01/36
2026-07-15T04:07:49.437126+00:00,iPhone 17 Pro Max 256GB,256GB,海峡通信,193000,194800,-1800,WAIT,2000,2000,ok,目標未達,https://www.mobile-ichiban.com/Prod/1/01/37
2026-07-15T04:07:49.437126+00:00,iPhone 17 Pro Max 512GB,512GB,海峡通信,226500,229800,-3300,WAIT,35500,35500,ok,"前回比 +35,500円",https://www.mobile-ichiban.com/Prod/1/01/37
2026-07-15T07:17:42.271220+00:00,iPhone 17 Pro 256GB,256GB,海峡通信,177500,179800,-2300,WAIT,0,1500,ok,目標未達,https://www.mobile-ichiban.com/Prod/1/01/36
2026-07-15T07:17:42.271220+00:00,iPhone 17 Pro 512GB,512GB,海峡通信,211000,214800,-3800,WAIT,0,35000,ok,目標未達,https://www.mobile-ichiban.com/Prod/1/01/36
2026-07-15T07:17:42.271220+00:00,iPhone 17 Pro Max 256GB,256GB,海峡通信,193000,194800,-1800,WAIT,0,2000,ok,目標未達,https://www.mobile-ichiban.com/Prod/1/01/37
2026-07-15T07:17:42.271220+00:00,iPhone 17 Pro Max 512GB,512GB,海峡通信,226500,229800,-3300,WAIT,0,35500,ok,目標未達,https://www.mobile-ichiban.com/Prod/1/01/37
2026-07-15T10:06:41.884512+00:00,iPhone 17 Pro 256GB,256GB,海峡通信,,179800,,ALERT,,,failed,"海峡通信の取得に失敗: 3回リトライ後も取得失敗: HTTPSConnectionPool(host='www.mobile-ichiban.com', port=443): Max retries exceeded with url: /Prod/1/01/36 (Caused by ConnectTimeoutError(<HTTPSConnection(host='www.mobile-ichiban.com', port=443) at 0x7fc9bd7f7aa0>, 'Connection to www.mobile-ichiban.com timed out. (connect timeout=20)'))",https://www.mobile-ichiban.com/Prod/1/01/36
2026-07-15T10:06:41.884512+00:00,iPhone 17 Pro 512GB,512GB,海峡通信,,214800,,ALERT,,,failed,"海峡通信の取得に失敗: 3回リトライ後も取得失敗: HTTPSConnectionPool(host='www.mobile-ichiban.com', port=443): Max retries exceeded with url: /Prod/1/01/36 (Caused by ConnectTimeoutError(<HTTPSConnection(host='www.mobile-ichiban.com', port=443) at 0x7fc9bd7f7aa0>, 'Connection to www.mobile-ichiban.com timed out. (connect timeout=20)'))",https://www.mobile-ichiban.com/Prod/1/01/36
2026-07-15T10:06:41.884512+00:00,iPhone 17 Pro Max 256GB,256GB,海峡通信,,194800,,ALERT,,,failed,"海峡通信の取得に失敗: 3回リトライ後も取得失敗: HTTPSConnectionPool(host='www.mobile-ichiban.com', port=443): Max retries exceeded with url: /Prod/1/01/37 (Caused by ConnectTimeoutError(<HTTPSConnection(host='www.mobile-ichiban.com', port=443) at 0x7fc9bd4d3c50>, 'Connection to www.mobile-ichiban.com timed out. (connect timeout=20)'))",https://www.mobile-ichiban.com/Prod/1/01/37
2026-07-15T10:06:41.884512+00:00,iPhone 17 Pro Max 512GB,512GB,海峡通信,,229800,,ALERT,,,failed,"海峡通信の取得に失敗: 3回リトライ後も取得失敗: HTTPSConnectionPool(host='www.mobile-ichiban.com', port=443): Max retries exceeded with url: /Prod/1/01/37 (Caused by ConnectTimeoutError(<HTTPSConnection(host='www.mobile-ichiban.com', port=443) at 0x7fc9bd4d3c50>, 'Connection to www.mobile-ichiban.com timed out. (connect timeout=20)'))",https://www.mobile-ichiban.com/Prod/1/01/37
2026-07-15T12:18:52.057363+00:00,iPhone 17 Pro 256GB,256GB,海峡通信,177500,179800,-2300,WAIT,0,1500,ok,目標未達,https://www.mobile-ichiban.com/Prod/1/01/36
2026-07-15T12:18:52.057363+00:00,iPhone 17 Pro 512GB,512GB,海峡通信,177500,214800,-37300,ALERT,-33500,1500,ok,"前回比 -33,500円",https://www.mobile-ichiban.com/Prod/1/01/36
2026-07-15T12:18:52.057363+00:00,iPhone 17 Pro Max 256GB,256GB,海峡通信,193000,194800,-1800,WAIT,0,2000,ok,目標未達,https://www.mobile-ichiban.com/Prod/1/01/37
2026-07-15T12:18:52.057363+00:00,iPhone 17 Pro Max 512GB,512GB,海峡通信,193000,229800,-36800,ALERT,-33500,2000,ok,"前回比 -33,500円",https://www.mobile-ichiban.com/Prod/1/01/37
2026-07-15T14:55:43.061352+00:00,iPhone 17 Pro 256GB,256GB,海峡通信,177500,179800,-2300,WAIT,0,1500,ok,目標未達,https://www.mobile-ichiban.com/Prod/1/01/36
2026-07-15T14:55:43.061352+00:00,iPhone 17 Pro 512GB,512GB,海峡通信,177500,214800,-37300,WAIT,0,1500,ok,損益が監視ライン以下,https://www.mobile-ichiban.com/Prod/1/01/36
2026-07-15T14:55:43.061352+00:00,iPhone 17 Pro Max 256GB,256GB,海峡通信,193000,194800,-1800,WAIT,0,2000,ok,目標未達,https://www.mobile-ichiban.com/Prod/1/01/37
2026-07-15T14:55:43.061352+00:00,iPhone 17 Pro Max 512GB,512GB,海峡通信,193000,229800,-36800,WAIT,0,2000,ok,損益が監視ライン以下,https://www.mobile-ichiban.com/Prod/1/01/37
2026-07-15T16:27:23.819568+00:00,iPhone 17 Pro 256GB,256GB,海峡通信,177500,179800,-2300,WAIT,0,1500,ok,目標未達,https://www.mobile-ichiban.com/Prod/1/01/36
2026-07-15T16:27:23.819568+00:00,iPhone 17 Pro 512GB,512GB,海峡通信,177500,214800,-37300,WAIT,0,1500,ok,損益が監視ライン以下,https://www.mobile-ichiban.com/Prod/1/01/36
2026-07-15T16:27:23.819568+00:00,iPhone 17 Pro Max 256GB,256GB,海峡通信,193000,194800,-1800,WAIT,0,2000,ok,目標未達,https://www.mobile-ichiban.com/Prod/1/01/37
2026-07-15T16:27:23.819568+00:00,iPhone 17 Pro Max 512GB,512GB,海峡通信,193000,229800,-36800,WAIT,0,2000,ok,損益が監視ライン以下,https://www.mobile-ichiban.com/Prod/1/01/37
2026-07-15T18:11:15.432538+00:00,iPhone 17 Pro 256GB,256GB,海峡通信,177500,179800,-2300,WAIT,0,1500,ok,目標未達,https://www.mobile-ichiban.com/Prod/1/01/36
2026-07-15T18:11:15.432538+00:00,iPhone 17 Pro 512GB,512GB,海峡通信,177500,214800,-37300,WAIT,0,1500,ok,損益が監視ライン以下,https://www.mobile-ichiban.com/Prod/1/01/36
2026-07-15T18:11:15.432538+00:00,iPhone 17 Pro Max 256GB,256GB,海峡通信,193000,194800,-1800,WAIT,0,2000,ok,目標未達,https://www.mobile-ichiban.com/Prod/1/01/37
2026-07-15T18:11:15.432538+00:00,iPhone 17 Pro Max 512GB,512GB,海峡通信,193000,229800,-36800,WAIT,0,2000,ok,損益が監視ライン以下,https://www.mobile-ichiban.com/Prod/1/01/37
2026-07-15T20:13:54.616111+00:00,iPhone 17 Pro 256GB,256GB,海峡通信,177500,179800,-2300,WAIT,0,1500,ok,目標未達,https://www.mobile-ichiban.com/Prod/1/01/36
2026-07-15T20:13:54.616111+00:00,iPhone 17 Pro 512GB,512GB,海峡通信,177500,214800,-37300,WAIT,0,1500,ok,損益が監視ライン以下,https://www.mobile-ichiban.com/Prod/1/01/36
2026-07-15T20:13:54.616111+00:00,iPhone 17 Pro Max 256GB,256GB,海峡通信,193000,194800,-1800,WAIT,0,2000,ok,目標未達,https://www.mobile-ichiban.com/Prod/1/01/37
2026-07-15T20:13:54.616111+00:00,iPhone 17 Pro Max 512GB,512GB,海峡通信,193000,229800,-36800,WAIT,0,2000,ok,損益が監視ライン以下,https://www.mobile-ichiban.com/Prod/1/01/37
2026-07-15T22:05:15.478941+00:00,iPhone 17 Pro 256GB,256GB,海峡通信,,179800,,ALERT,,,failed,"海峡通信の取得に失敗: 3回リトライ後も取得失敗: HTTPSConnectionPool(host='www.mobile-ichiban.com', port=443): Max retries exceeded with url: /Prod/1/01/36 (Caused by ConnectTimeoutError(<HTTPSConnection(host='www.mobile-ichiban.com', port=443) at 0x7f9536ee3c50>, 'Connection to www.mobile-ichiban.com timed out. (connect timeout=20)'))",https://www.mobile-ichiban.com/Prod/1/01/36
2026-07-15T22:05:15.478941+00:00,iPhone 17 Pro 512GB,512GB,海峡通信,,214800,,ALERT,,,failed,"海峡通信の取得に失敗: 3回リトライ後も取得失敗: HTTPSConnectionPool(host='www.mobile-ichiban.com', port=443): Max retries exceeded with url: /Prod/1/01/36 (Caused by ConnectTimeoutError(<HTTPSConnection(host='www.mobile-ichiban.com', port=443) at 0x7f9536ee3c50>, 'Connection to www.mobile-ichiban.com timed out. (connect timeout=20)'))",https://www.mobile-ichiban.com/Prod/1/01/36
2026-07-15T22:05:15.478941+00:00,iPhone 17 Pro Max 256GB,256GB,海峡通信,,194800,,ALERT,,,failed,"海峡通信の取得に失敗: 3回リトライ後も取得失敗: HTTPSConnectionPool(host='www.mobile-ichiban.com', port=443): Max retries exceeded with url: /Prod/1/01/37 (Caused by ConnectTimeoutError(<HTTPSConnection(host='www.mobile-ichiban.com', port=443) at 0x7f95368937d0>, 'Connection to www.mobile-ichiban.com timed out. (connect timeout=20)'))",https://www.mobile-ichiban.com/Prod/1/01/37
2026-07-15T22:05:15.478941+00:00,iPhone 17 Pro Max 512GB,512GB,海峡通信,,229800,,ALERT,,,failed,"海峡通信の取得に失敗: 3回リトライ後も取得失敗: HTTPSConnectionPool(host='www.mobile-ichiban.com', port=443): Max retries exceeded with url: /Prod/1/01/37 (Caused by ConnectTimeoutError(<HTTPSConnection(host='www.mobile-ichiban.com', port=443) at 0x7f95368937d0>, 'Connection to www.mobile-ichiban.com timed out. (connect timeout=20)'))",https://www.mobile-ichiban.com/Prod/1/01/37
2026-07-16T00:02:10.844746+00:00,iPhone 17 Pro 256GB,256GB,海峡通信,177500,179800,-2300,WAIT,0,1500,ok,目標未達,https://www.mobile-ichiban.com/Prod/1/01/36
2026-07-16T00:02:10.844746+00:00,iPhone 17 Pro 512GB,512GB,海峡通信,177500,214800,-37300,WAIT,0,1500,ok,損益が監視ライン以下,https://www.mobile-ichiban.com/Prod/1/01/36
2026-07-16T00:02:10.844746+00:00,iPhone 17 Pro Max 256GB,256GB,海峡通信,193000,194800,-1800,WAIT,0,2000,ok,目標未達,https://www.mobile-ichiban.com/Prod/1/01/37
2026-07-16T00:02:10.844746+00:00,iPhone 17 Pro Max 512GB,512GB,海峡通信,193000,229800,-36800,WAIT,0,2000,ok,損益が監視ライン以下,https://www.mobile-ichiban.com/Prod/1/01/37
2026-07-16T04:11:31.450748+00:00,iPhone 17 Pro 256GB,256GB,海峡通信,178000,179800,-1800,WAIT,500,500,ok,目標未達,https://www.mobile-ichiban.com/Prod/1/01/36
2026-07-16T04:11:31.450748+00:00,iPhone 17 Pro 512GB,512GB,海峡通信,211000,214800,-3800,WAIT,33500,0,ok,"前回比 +33,500円",https://www.mobile-ichiban.com/Prod/1/01/36
2026-07-16T04:11:31.450748+00:00,iPhone 17 Pro Max 256GB,256GB,海峡通信,193000,194800,-1800,WAIT,0,0,ok,目標未達,https://www.mobile-ichiban.com/Prod/1/01/37
2026-07-16T04:11:31.450748+00:00,iPhone 17 Pro Max 512GB,512GB,海峡通信,226500,229800,-3300,WAIT,33500,0,ok,"前回比 +33,500円",https://www.mobile-ichiban.com/Prod/1/01/37
2026-07-16T07:25:26.197204+00:00,iPhone 17 Pro 256GB,256GB,海峡通信,,179800,,ALERT,,,failed,"海峡通信の取得に失敗: 3回リトライ後も取得失敗: HTTPSConnectionPool(host='www.mobile-ichiban.com', port=443): Max retries exceeded with url: /Prod/1/01/36 (Caused by ConnectTimeoutError(<HTTPSConnection(host='www.mobile-ichiban.com', port=443) at 0x7fd625b2b8f0>, 'Connection to www.mobile-ichiban.com timed out. (connect timeout=20)'))",https://www.mobile-ichiban.com/Prod/1/01/36
2026-07-16T07:25:26.197204+00:00,iPhone 17 Pro 512GB,512GB,海峡通信,,214800,,ALERT,,,failed,"海峡通信の取得に失敗: 3回リトライ後も取得失敗: HTTPSConnectionPool(host='www.mobile-ichiban.com', port=443): Max retries exceeded with url: /Prod/1/01/36 (Caused by ConnectTimeoutError(<HTTPSConnection(host='www.mobile-ichiban.com', port=443) at 0x7fd625b2b8f0>, 'Connection to www.mobile-ichiban.com timed out. (connect timeout=20)'))",https://www.mobile-ichiban.com/Prod/1/01/36
2026-07-16T07:25:26.197204+00:00,iPhone 17 Pro Max 256GB,256GB,海峡通信,,194800,,ALERT,,,failed,"海峡通信の取得に失敗: 3回リトライ後も取得失敗: HTTPSConnectionPool(host='www.mobile-ichiban.com', port=443): Max retries exceeded with url: /Prod/1/01/37 (Caused by ConnectTimeoutError(<HTTPSConnection(host='www.mobile-ichiban.com', port=443) at 0x7fd625b59fd0>, 'Connection to www.mobile-ichiban.com timed out. (connect timeout=20)'))",https://www.mobile-ichiban.com/Prod/1/01/37
2026-07-16T07:25:26.197204+00:00,iPhone 17 Pro Max 512GB,512GB,海峡通信,,229800,,ALERT,,,failed,"海峡通信の取得に失敗: 3回リトライ後も取得失敗: HTTPSConnectionPool(host='www.mobile-ichiban.com', port=443): Max retries exceeded with url: /Prod/1/01/37 (Caused by ConnectTimeoutError(<HTTPSConnection(host='www.mobile-ichiban.com', port=443) at 0x7fd625b59fd0>, 'Connection to www.mobile-ichiban.com timed out. (connect timeout=20)'))",https://www.mobile-ichiban.com/Prod/1/01/37
2026-07-16T10:13:36.177230+00:00,iPhone 17 Pro 256GB,256GB,海峡通信,178000,179800,-1800,WAIT,0,500,ok,目標未達,https://www.mobile-ichiban.com/Prod/1/01/36
2026-07-16T10:13:36.177230+00:00,iPhone 17 Pro 512GB,512GB,海峡通信,178000,214800,-36800,ALERT,-33000,500,ok,"前回比 -33,000円",https://www.mobile-ichiban.com/Prod/1/01/36
2026-07-16T10:13:36.177230+00:00,iPhone 17 Pro Max 256GB,256GB,海峡通信,193000,194800,-1800,WAIT,0,0,ok,目標未達,https://www.mobile-ichiban.com/Prod/1/01/37
2026-07-16T10:13:36.177230+00:00,iPhone 17 Pro Max 512GB,512GB,海峡通信,193000,229800,-36800,ALERT,-33500,0,ok,"前回比 -33,500円",https://www.mobile-ichiban.com/Prod/1/01/37
2026-07-16T12:22:57.797294+00:00,iPhone 17 Pro 256GB,256GB,海峡通信,178000,179800,-1800,WAIT,0,500,ok,目標未達,https://www.mobile-ichiban.com/Prod/1/01/36
2026-07-16T12:22:57.797294+00:00,iPhone 17 Pro 512GB,512GB,海峡通信,178000,214800,-36800,WAIT,0,500,ok,損益が監視ライン以下,https://www.mobile-ichiban.com/Prod/1/01/36
2026-07-16T12:22:57.797294+00:00,iPhone 17 Pro Max 256GB,256GB,海峡通信,193000,194800,-1800,WAIT,0,0,ok,目標未達,https://www.mobile-ichiban.com/Prod/1/01/37
2026-07-16T12:22:57.797294+00:00,iPhone 17 Pro Max 512GB,512GB,海峡通信,193000,229800,-36800,WAIT,0,0,ok,損益が監視ライン以下,https://www.mobile-ichiban.com/Prod/1/01/37
2026-07-16T15:06:02.052072+00:00,iPhone 17 Pro 256GB,256GB,海峡通信,178000,179800,-1800,WAIT,0,500,ok,目標未達,https://www.mobile-ichiban.com/Prod/1/01/36
2026-07-16T15:06:02.052072+00:00,iPhone 17 Pro 512GB,512GB,海峡通信,178000,214800,-36800,WAIT,0,500,ok,損益が監視ライン以下,https://www.mobile-ichiban.com/Prod/1/01/36
2026-07-16T15:06:02.052072+00:00,iPhone 17 Pro Max 256GB,256GB,海峡通信,193000,194800,-1800,WAIT,0,0,ok,目標未達,https://www.mobile-ichiban.com/Prod/1/01/37
2026-07-16T15:06:02.052072+00:00,iPhone 17 Pro Max 512GB,512GB,海峡通信,193000,229800,-36800,WAIT,0,0,ok,損益が監視ライン以下,https://www.mobile-ichiban.com/Prod/1/01/37
2026-07-16T17:22:54.516099+00:00,iPhone 17 Pro 256GB,256GB,海峡通信,178000,179800,-1800,WAIT,0,500,ok,目標未達,https://www.mobile-ichiban.com/Prod/1/01/36
2026-07-16T17:22:54.516099+00:00,iPhone 17 Pro 512GB,512GB,海峡通信,178000,214800,-36800,WAIT,0,500,ok,損益が監視ライン以下,https://www.mobile-ichiban.com/Prod/1/01/36
2026-07-16T17:22:54.516099+00:00,iPhone 17 Pro Max 256GB,256GB,海峡通信,193000,194800,-1800,WAIT,0,0,ok,目標未達,https://www.mobile-ichiban.com/Prod/1/01/37
2026-07-16T17:22:54.516099+00:00,iPhone 17 Pro Max 512GB,512GB,海峡通信,193000,229800,-36800,WAIT,0,0,ok,損益が監視ライン以下,https://www.mobile-ichiban.com/Prod/1/01/37
2026-07-16T19:18:32.988811+00:00,iPhone 17 Pro 256GB,256GB,海峡通信,178000,179800,-1800,WAIT,0,500,ok,目標未達,https://www.mobile-ichiban.com/Prod/1/01/36
2026-07-16T19:18:32.988811+00:00,iPhone 17 Pro 512GB,512GB,海峡通信,178000,214800,-36800,WAIT,0,500,ok,損益が監視ライン以下,https://www.mobile-ichiban.com/Prod/1/01/36
2026-07-16T19:18:32.988811+00:00,iPhone 17 Pro Max 256GB,256GB,海峡通信,193000,194800,-1800,WAIT,0,0,ok,目標未達,https://www.mobile-ichiban.com/Prod/1/01/37
2026-07-16T19:18:32.988811+00:00,iPhone 17 Pro Max 512GB,512GB,海峡通信,193000,229800,-36800,WAIT,0,0,ok,損益が監視ライン以下,https://www.mobile-ichiban.com/Prod/1/01/37
2026-07-16T21:05:34.476871+00:00,iPhone 17 Pro 256GB,256GB,海峡通信,178000,179800,-1800,WAIT,0,500,ok,目標未達,https://www.mobile-ichiban.com/Prod/1/01/36
2026-07-16T21:05:34.476871+00:00,iPhone 17 Pro 512GB,512GB,海峡通信,178000,214800,-36800,WAIT,0,500,ok,損益が監視ライン以下,https://www.mobile-ichiban.com/Prod/1/01/36
2026-07-16T21:05:34.476871+00:00,iPhone 17 Pro Max 256GB,256GB,海峡通信,193000,194800,-1800,WAIT,0,0,ok,目標未達,https://www.mobile-ichiban.com/Prod/1/01/37
2026-07-16T21:05:34.476871+00:00,iPhone 17 Pro Max 512GB,512GB,海峡通信,193000,229800,-36800,WAIT,0,0,ok,損益が監視ライン以下,https://www.mobile-ichiban.com/Prod/1/01/37
2026-07-16T23:00:56.035299+00:00,iPhone 17 Pro 256GB,256GB,海峡通信,178000,179800,-1800,WAIT,0,500,ok,目標未達,https://www.mobile-ichiban.com/Prod/1/01/36
2026-07-16T23:00:56.035299+00:00,iPhone 17 Pro 512GB,512GB,海峡通信,178000,214800,-36800,WAIT,0,500,ok,損益が監視ライン以下,https://www.mobile-ichiban.com/Prod/1/01/36
2026-07-16T23:00:56.035299+00:00,iPhone 17 Pro Max 256GB,256GB,海峡通信,193000,194800,-1800,WAIT,0,0,ok,目標未達,https://www.mobile-ichiban.com/Prod/1/01/37
2026-07-16T23:00:56.035299+00:00,iPhone 17 Pro Max 512GB,512GB,海峡通信,193000,229800,-36800,WAIT,0,0,ok,損益が監視ライン以下,https://www.mobile-ichiban.com/Prod/1/01/37
2026-07-17T02:56:47.196215+00:00,iPhone 17 Pro 256GB,256GB,海峡通信,178000,179800,-1800,WAIT,0,0,ok,目標未達,https://www.mobile-ichiban.com/Prod/1/01/36
2026-07-17T02:56:47.196215+00:00,iPhone 17 Pro 512GB,512GB,海峡通信,211000,214800,-3800,WAIT,33000,0,ok,"前回比 +33,000円",https://www.mobile-ichiban.com/Prod/1/01/36
2026-07-17T02:56:47.196215+00:00,iPhone 17 Pro Max 256GB,256GB,海峡通信,193000,194800,-1800,WAIT,0,0,ok,目標未達,https://www.mobile-ichiban.com/Prod/1/01/37
2026-07-17T02:56:47.196215+00:00,iPhone 17 Pro Max 512GB,512GB,海峡通信,226500,229800,-3300,WAIT,33500,0,ok,"前回比 +33,500円",https://www.mobile-ichiban.com/Prod/1/01/37
2026-07-17T05:47:47.250957+00:00,iPhone 17 Pro 256GB,256GB,海峡通信,178000,179800,-1800,WAIT,0,0,ok,目標未達,https://www.mobile-ichiban.com/Prod/1/01/36
2026-07-17T05:47:47.250957+00:00,iPhone 17 Pro 512GB,512GB,海峡通信,211000,214800,-3800,WAIT,0,0,ok,目標未達,https://www.mobile-ichiban.com/Prod/1/01/36
2026-07-17T05:47:47.250957+00:00,iPhone 17 Pro Max 256GB,256GB,海峡通信,193000,194800,-1800,WAIT,0,0,ok,目標未達,https://www.mobile-ichiban.com/Prod/1/01/37
2026-07-17T05:47:47.250957+00:00,iPhone 17 Pro Max 512GB,512GB,海峡通信,226500,229800,-3300,WAIT,0,0,ok,目標未達,https://www.mobile-ichiban.com/Prod/1/01/37
2026-07-17T08:17:11.385180+00:00,iPhone 17 Pro 256GB,256GB,海峡通信,178000,179800,-1800,WAIT,0,0,ok,目標未達,https://www.mobile-ichiban.com/Prod/1/01/36
2026-07-17T08:17:11.385180+00:00,iPhone 17 Pro 512GB,512GB,海峡通信,211000,214800,-3800,WAIT,0,33000,ok,目標未達,https://www.mobile-ichiban.com/Prod/1/01/36
2026-07-17T08:17:11.385180+00:00,iPhone 17 Pro Max 256GB,256GB,海峡通信,193000,194800,-1800,WAIT,0,0,ok,目標未達,https://www.mobile-ichiban.com/Prod/1/01/37
2026-07-17T08:17:11.385180+00:00,iPhone 17 Pro Max 512GB,512GB,海峡通信,226500,229800,-3300,WAIT,0,33500,ok,目標未達,https://www.mobile-ichiban.com/Prod/1/01/37
2026-07-17T10:50:44.043259+00:00,iPhone 17 Pro 256GB,256GB,海峡通信,178000,179800,-1800,WAIT,0,0,ok,目標未達,https://www.mobile-ichiban.com/Prod/1/01/36
2026-07-17T10:50:44.043259+00:00,iPhone 17 Pro 512GB,512GB,海峡通信,178000,214800,-36800,ALERT,-33000,0,ok,"前回比 -33,000円",https://www.mobile-ichiban.com/Prod/1/01/36
2026-07-17T10:50:44.043259+00:00,iPhone 17 Pro Max 256GB,256GB,海峡通信,193000,194800,-1800,WAIT,0,0,ok,目標未達,https://www.mobile-ichiban.com/Prod/1/01/37
2026-07-17T10:50:44.043259+00:00,iPhone 17 Pro Max 512GB,512GB,海峡通信,193000,229800,-36800,ALERT,-33500,0,ok,"前回比 -33,500円",https://www.mobile-ichiban.com/Prod/1/01/37
2026-07-17T12:13:08.854463+00:00,iPhone 17 Pro 256GB,256GB,海峡通信,178000,179800,-1800,WAIT,0,0,ok,目標未達,https://www.mobile-ichiban.com/Prod/1/01/36
2026-07-17T12:13:08.854463+00:00,iPhone 17 Pro 512GB,512GB,海峡通信,178000,214800,-36800,WAIT,0,0,ok,損益が監視ライン以下,https://www.mobile-ichiban.com/Prod/1/01/36
2026-07-17T12:13:08.854463+00:00,iPhone 17 Pro Max 256GB,256GB,海峡通信,193000,194800,-1800,WAIT,0,0,ok,目標未達,https://www.mobile-ichiban.com/Prod/1/01/37
2026-07-17T12:13:08.854463+00:00,iPhone 17 Pro Max 512GB,512GB,海峡通信,193000,229800,-36800,WAIT,0,0,ok,損益が監視ライン以下,https://www.mobile-ichiban.com/Prod/1/01/37
2026-07-17T14:46:16.217174+00:00,iPhone 17 Pro 256GB,256GB,海峡通信,178000,179800,-1800,WAIT,0,0,ok,目標未達,https://www.mobile-ichiban.com/Prod/1/01/36
2026-07-17T14:46:16.217174+00:00,iPhone 17 Pro 512GB,512GB,海峡通信,178000,214800,-36800,WAIT,0,0,ok,損益が監視ライン以下,https://www.mobile-ichiban.com/Prod/1/01/36
2026-07-17T14:46:16.217174+00:00,iPhone 17 Pro Max 256GB,256GB,海峡通信,193000,194800,-1800,WAIT,0,0,ok,目標未達,https://www.mobile-ichiban.com/Prod/1/01/37
2026-07-17T14:46:16.217174+00:00,iPhone 17 Pro Max 512GB,512GB,海峡通信,193000,229800,-36800,WAIT,0,0,ok,損益が監視ライン以下,https://www.mobile-ichiban.com/Prod/1/01/37
2026-07-17T16:18:12.142616+00:00,iPhone 17 Pro 256GB,256GB,海峡通信,,179800,,ALERT,,,failed,"海峡通信の取得に失敗: 3回リトライ後も取得失敗: HTTPSConnectionPool(host='www.mobile-ichiban.com', port=443): Max retries exceeded with url: /Prod/1/01/36 (Caused by ConnectTimeoutError(<HTTPSConnection(host='www.mobile-ichiban.com', port=443) at 0x7fa425043ef0>, 'Connection to www.mobile-ichiban.com timed out. (connect timeout=20)'))",https://www.mobile-ichiban.com/Prod/1/01/36
2026-07-17T16:18:12.142616+00:00,iPhone 17 Pro 512GB,512GB,海峡通信,,214800,,ALERT,,,failed,"海峡通信の取得に失敗: 3回リトライ後も取得失敗: HTTPSConnectionPool(host='www.mobile-ichiban.com', port=443): Max retries exceeded with url: /Prod/1/01/36 (Caused by ConnectTimeoutError(<HTTPSConnection(host='www.mobile-ichiban.com', port=443) at 0x7fa425043ef0>, 'Connection to www.mobile-ichiban.com timed out. (connect timeout=20)'))",https://www.mobile-ichiban.com/Prod/1/01/36
2026-07-17T16:18:12.142616+00:00,iPhone 17 Pro Max 256GB,256GB,海峡通信,,194800,,ALERT,,,failed,"海峡通信の取得に失敗: 3回リトライ後も取得失敗: HTTPSConnectionPool(host='www.mobile-ichiban.com', port=443): Max retries exceeded with url: /Prod/1/01/37 (Caused by ConnectTimeoutError(<HTTPSConnection(host='www.mobile-ichiban.com', port=443) at 0x7fa42439fda0>, 'Connection to www.mobile-ichiban.com timed out. (connect timeout=20)'))",https://www.mobile-ichiban.com/Prod/1/01/37
2026-07-17T16:18:12.142616+00:00,iPhone 17 Pro Max 512GB,512GB,海峡通信,,229800,,ALERT,,,failed,"海峡通信の取得に失敗: 3回リトライ後も取得失敗: HTTPSConnectionPool(host='www.mobile-ichiban.com', port=443): Max retries exceeded with url: /Prod/1/01/37 (Caused by ConnectTimeoutError(<HTTPSConnection(host='www.mobile-ichiban.com', port=443) at 0x7fa42439fda0>, 'Connection to www.mobile-ichiban.com timed out. (connect timeout=20)'))",https://www.mobile-ichiban.com/Prod/1/01/37
2026-07-17T18:09:07.918329+00:00,iPhone 17 Pro 256GB,256GB,海峡通信,178000,179800,-1800,WAIT,0,0,ok,目標未達,https://www.mobile-ichiban.com/Prod/1/01/36
2026-07-17T18:09:07.918329+00:00,iPhone 17 Pro 512GB,512GB,海峡通信,178000,214800,-36800,WAIT,0,0,ok,損益が監視ライン以下,https://www.mobile-ichiban.com/Prod/1/01/36
2026-07-17T18:09:07.918329+00:00,iPhone 17 Pro Max 256GB,256GB,海峡通信,193000,194800,-1800,WAIT,0,0,ok,目標未達,https://www.mobile-ichiban.com/Prod/1/01/37
2026-07-17T18:09:07.918329+00:00,iPhone 17 Pro Max 512GB,512GB,海峡通信,193000,229800,-36800,WAIT,0,0,ok,損益が監視ライン以下,https://www.mobile-ichiban.com/Prod/1/01/37
2026-07-17T20:08:44.403170+00:00,iPhone 17 Pro 256GB,256GB,海峡通信,178000,179800,-1800,WAIT,0,0,ok,目標未達,https://www.mobile-ichiban.com/Prod/1/01/36
2026-07-17T20:08:44.403170+00:00,iPhone 17 Pro 512GB,512GB,海峡通信,178000,214800,-36800,WAIT,0,0,ok,損益が監視ライン以下,https://www.mobile-ichiban.com/Prod/1/01/36
2026-07-17T20:08:44.403170+00:00,iPhone 17 Pro Max 256GB,256GB,海峡通信,193000,194800,-1800,WAIT,0,0,ok,目標未達,https://www.mobile-ichiban.com/Prod/1/01/37
2026-07-17T20:08:44.403170+00:00,iPhone 17 Pro Max 512GB,512GB,海峡通信,193000,229800,-36800,WAIT,0,0,ok,損益が監視ライン以下,https://www.mobile-ichiban.com/Prod/1/01/37
2026-07-17T21:57:20.214410+00:00,iPhone 17 Pro 256GB,256GB,海峡通信,178000,179800,-1800,WAIT,0,0,ok,目標未達,https://www.mobile-ichiban.com/Prod/1/01/36
2026-07-17T21:57:20.214410+00:00,iPhone 17 Pro 512GB,512GB,海峡通信,178000,214800,-36800,WAIT,0,0,ok,損益が監視ライン以下,https://www.mobile-ichiban.com/Prod/1/01/36
2026-07-17T21:57:20.214410+00:00,iPhone 17 Pro Max 256GB,256GB,海峡通信,193000,194800,-1800,WAIT,0,0,ok,目標未達,https://www.mobile-ichiban.com/Prod/1/01/37
2026-07-17T21:57:20.214410+00:00,iPhone 17 Pro Max 512GB,512GB,海峡通信,193000,229800,-36800,WAIT,0,0,ok,損益が監視ライン以下,https://www.mobile-ichiban.com/Prod/1/01/37
2026-07-17T22:57:07.359011+00:00,iPhone 17 Pro 256GB,256GB,海峡通信,178000,179800,-1800,WAIT,0,0,ok,目標未達,https://www.mobile-ichiban.com/Prod/1/01/36
2026-07-17T22:57:07.359011+00:00,iPhone 17 Pro 512GB,512GB,海峡通信,178000,214800,-36800,WAIT,0,0,ok,損益が監視ライン以下,https://www.mobile-ichiban.com/Prod/1/01/36
2026-07-17T22:57:07.359011+00:00,iPhone 17 Pro Max 256GB,256GB,海峡通信,193000,194800,-1800,WAIT,0,0,ok,目標未達,https://www.mobile-ichiban.com/Prod/1/01/37
2026-07-17T22:57:07.359011+00:00,iPhone 17 Pro Max 512GB,512GB,海峡通信,193000,229800,-36800,WAIT,0,0,ok,損益が監視ライン以下,https://www.mobile-ichiban.com/Prod/1/01/37
2026-07-17T23:58:23.602948+00:00,iPhone 17 Pro 256GB,256GB,海峡通信,178000,179800,-1800,WAIT,0,0,ok,目標未達,https://www.mobile-ichiban.com/Prod/1/01/36
2026-07-17T23:58:23.602948+00:00,iPhone 17 Pro 512GB,512GB,海峡通信,178000,214800,-36800,WAIT,0,0,ok,損益が監視ライン以下,https://www.mobile-ichiban.com/Prod/1/01/36
2026-07-17T23:58:23.602948+00:00,iPhone 17 Pro Max 256GB,256GB,海峡通信,193000,194800,-1800,WAIT,0,0,ok,目標未達,https://www.mobile-ichiban.com/Prod/1/01/37
2026-07-17T23:58:23.602948+00:00,iPhone 17 Pro Max 512GB,512GB,海峡通信,193000,229800,-36800,WAIT,0,0,ok,損益が監視ライン以下,https://www.mobile-ichiban.com/Prod/1/01/37
2026-07-18T03:20:37.391677+00:00,iPhone 17 Pro 256GB,256GB,海峡通信,183000,179800,3200,SELL,5000,5000,ok,売却目標に到達,https://www.mobile-ichiban.com/Prod/1/01/36
2026-07-18T03:20:37.391677+00:00,iPhone 17 Pro 512GB,512GB,海峡通信,216000,214800,1200,SELL,38000,5000,ok,売却目標に到達,https://www.mobile-ichiban.com/Prod/1/01/36
2026-07-18T03:20:37.391677+00:00,iPhone 17 Pro Max 256GB,256GB,海峡通信,198000,194800,3200,SELL,5000,5000,ok,売却目標に到達,https://www.mobile-ichiban.com/Prod/1/01/37
2026-07-18T03:20:37.391677+00:00,iPhone 17 Pro Max 512GB,512GB,海峡通信,231000,229800,1200,SELL,38000,4500,ok,売却目標に到達,https://www.mobile-ichiban.com/Prod/1/01/37
2026-07-18T06:08:30.302738+00:00,iPhone 17 Pro 256GB,256GB,海峡通信,183000,179800,3200,SELL,0,5000,ok,売却目標に到達,https://www.mobile-ichiban.com/Prod/1/01/36
2026-07-18T06:08:30.302738+00:00,iPhone 17 Pro 512GB,512GB,海峡通信,216000,214800,1200,SELL,0,5000,ok,売却目標に到達,https://www.mobile-ichiban.com/Prod/1/01/36
2026-07-18T06:08:30.302738+00:00,iPhone 17 Pro Max 256GB,256GB,海峡通信,198000,194800,3200,SELL,0,5000,ok,売却目標に到達,https://www.mobile-ichiban.com/Prod/1/01/37
2026-07-18T06:08:30.302738+00:00,iPhone 17 Pro Max 512GB,512GB,海峡通信,231000,229800,1200,SELL,0,4500,ok,売却目標に到達,https://www.mobile-ichiban.com/Prod/1/01/37
2026-07-18T08:50:43.520295+00:00,iPhone 17 Pro 256GB,256GB,海峡通信,183000,179800,3200,SELL,0,5000,ok,売却目標に到達,https://www.mobile-ichiban.com/Prod/1/01/36
2026-07-18T08:50:43.520295+00:00,iPhone 17 Pro 512GB,512GB,海峡通信,216000,214800,1200,SELL,0,5000,ok,売却目標に到達,https://www.mobile-ichiban.com/Prod/1/01/36
2026-07-18T08:50:43.520295+00:00,iPhone 17 Pro Max 256GB,256GB,海峡通信,198000,194800,3200,SELL,0,5000,ok,売却目標に到達,https://www.mobile-ichiban.com/Prod/1/01/37
2026-07-18T08:50:43.520295+00:00,iPhone 17 Pro Max 512GB,512GB,海峡通信,231000,229800,1200,SELL,0,4500,ok,売却目標に到達,https://www.mobile-ichiban.com/Prod/1/01/37
2026-07-18T10:21:22.319314+00:00,iPhone 17 Pro 256GB,256GB,海峡通信,,179800,,ALERT,,,failed,"海峡通信の取得に失敗: 3回リトライ後も取得失敗: HTTPSConnectionPool(host='www.mobile-ichiban.com', port=443): Max retries exceeded with url: /Prod/1/01/36 (Caused by ConnectTimeoutError(<HTTPSConnection(host='www.mobile-ichiban.com', port=443) at 0x7f1f66a6e600>, 'Connection to www.mobile-ichiban.com timed out. (connect timeout=20)'))",https://www.mobile-ichiban.com/Prod/1/01/36
2026-07-18T10:21:22.319314+00:00,iPhone 17 Pro 512GB,512GB,海峡通信,,214800,,ALERT,,,failed,"海峡通信の取得に失敗: 3回リトライ後も取得失敗: HTTPSConnectionPool(host='www.mobile-ichiban.com', port=443): Max retries exceeded with url: /Prod/1/01/36 (Caused by ConnectTimeoutError(<HTTPSConnection(host='www.mobile-ichiban.com', port=443) at 0x7f1f66a6e600>, 'Connection to www.mobile-ichiban.com timed out. (connect timeout=20)'))",https://www.mobile-ichiban.com/Prod/1/01/36
2026-07-18T10:21:22.319314+00:00,iPhone 17 Pro Max 256GB,256GB,海峡通信,,194800,,ALERT,,,failed,"海峡通信の取得に失敗: 3回リトライ後も取得失敗: HTTPSConnectionPool(host='www.mobile-ichiban.com', port=443): Max retries exceeded with url: /Prod/1/01/37 (Caused by ConnectTimeoutError(<HTTPSConnection(host='www.mobile-ichiban.com', port=443) at 0x7f1f66a6f8c0>, 'Connection to www.mobile-ichiban.com timed out. (connect timeout=20)'))",https://www.mobile-ichiban.com/Prod/1/01/37
2026-07-18T10:21:22.319314+00:00,iPhone 17 Pro Max 512GB,512GB,海峡通信,,229800,,ALERT,,,failed,"海峡通信の取得に失敗: 3回リトライ後も取得失敗: HTTPSConnectionPool(host='www.mobile-ichiban.com', port=443): Max retries exceeded with url: /Prod/1/01/37 (Caused by ConnectTimeoutError(<HTTPSConnection(host='www.mobile-ichiban.com', port=443) at 0x7f1f66a6f8c0>, 'Connection to www.mobile-ichiban.com timed out. (connect timeout=20)'))",https://www.mobile-ichiban.com/Prod/1/01/37
2026-07-18T11:55:09.663876+00:00,iPhone 17 Pro 256GB,256GB,海峡通信,183000,179800,3200,SELL,0,5000,ok,売却目標に到達,https://www.mobile-ichiban.com/Prod/1/01/36
2026-07-18T11:55:09.663876+00:00,iPhone 17 Pro 512GB,512GB,海峡通信,183000,214800,-31800,ALERT,-33000,5000,ok,"前回比 -33,000円",https://www.mobile-ichiban.com/Prod/1/01/36
2026-07-18T11:55:09.663876+00:00,iPhone 17 Pro Max 256GB,256GB,海峡通信,198000,194800,3200,SELL,0,5000,ok,売却目標に到達,https://www.mobile-ichiban.com/Prod/1/01/37
2026-07-18T11:55:09.663876+00:00,iPhone 17 Pro Max 512GB,512GB,海峡通信,198000,229800,-31800,ALERT,-33000,5000,ok,"前回比 -33,000円",https://www.mobile-ichiban.com/Prod/1/01/37
2026-07-18T13:24:40.597924+00:00,iPhone 17 Pro 256GB,256GB,海峡通信,183000,179800,3200,SELL,0,5000,ok,売却目標に到達,https://www.mobile-ichiban.com/Prod/1/01/36
2026-07-18T13:24:40.597924+00:00,iPhone 17 Pro 512GB,512GB,海峡通信,183000,214800,-31800,WAIT,0,5000,ok,損益が監視ライン以下,https://www.mobile-ichiban.com/Prod/1/01/36
2026-07-18T13:24:40.597924+00:00,iPhone 17 Pro Max 256GB,256GB,海峡通信,198000,194800,3200,SELL,0,5000,ok,売却目標に到達,https://www.mobile-ichiban.com/Prod/1/01/37
2026-07-18T13:24:40.597924+00:00,iPhone 17 Pro Max 512GB,512GB,海峡通信,198000,229800,-31800,WAIT,0,5000,ok,損益が監視ライン以下,https://www.mobile-ichiban.com/Prod/1/01/37
2026-07-18T14:58:04.395351+00:00,iPhone 17 Pro 256GB,256GB,海峡通信,183000,179800,3200,SELL,0,5000,ok,売却目標に到達,https://www.mobile-ichiban.com/Prod/1/01/36
2026-07-18T14:58:04.395351+00:00,iPhone 17 Pro 512GB,512GB,海峡通信,183000,214800,-31800,WAIT,0,5000,ok,損益が監視ライン以下,https://www.mobile-ichiban.com/Prod/1/01/36
2026-07-18T14:58:04.395351+00:00,iPhone 17 Pro Max 256GB,256GB,海峡通信,198000,194800,3200,SELL,0,5000,ok,売却目標に到達,https://www.mobile-ichiban.com/Prod/1/01/37
2026-07-18T14:58:04.395351+00:00,iPhone 17 Pro Max 512GB,512GB,海峡通信,198000,229800,-31800,WAIT,0,5000,ok,損益が監視ライン以下,https://www.mobile-ichiban.com/Prod/1/01/37
2026-07-18T16:03:37.244330+00:00,iPhone 17 Pro 256GB,256GB,海峡通信,183000,179800,3200,SELL,0,5000,ok,売却目標に到達,https://www.mobile-ichiban.com/Prod/1/01/36
2026-07-18T16:03:37.244330+00:00,iPhone 17 Pro 512GB,512GB,海峡通信,183000,214800,-31800,WAIT,0,5000,ok,損益が監視ライン以下,https://www.mobile-ichiban.com/Prod/1/01/36
2026-07-18T16:03:37.244330+00:00,iPhone 17 Pro Max 256GB,256GB,海峡通信,198000,194800,3200,SELL,0,5000,ok,売却目標に到達,https://www.mobile-ichiban.com/Prod/1/01/37
2026-07-18T16:03:37.244330+00:00,iPhone 17 Pro Max 512GB,512GB,海峡通信,198000,229800,-31800,WAIT,0,5000,ok,損益が監視ライン以下,https://www.mobile-ichiban.com/Prod/1/01/37
2026-07-18T17:57:46.178704+00:00,iPhone 17 Pro 256GB,256GB,海峡通信,183000,179800,3200,SELL,0,5000,ok,売却目標に到達,https://www.mobile-ichiban.com/Prod/1/01/36
2026-07-18T17:57:46.178704+00:00,iPhone 17 Pro 512GB,512GB,海峡通信,183000,214800,-31800,WAIT,0,5000,ok,損益が監視ライン以下,https://www.mobile-ichiban.com/Prod/1/01/36
2026-07-18T17:57:46.178704+00:00,iPhone 17 Pro Max 256GB,256GB,海峡通信,198000,194800,3200,SELL,0,5000,ok,売却目標に到達,https://www.mobile-ichiban.com/Prod/1/01/37
2026-07-18T17:57:46.178704+00:00,iPhone 17 Pro Max 512GB,512GB,海峡通信,198000,229800,-31800,WAIT,0,5000,ok,損益が監視ライン以下,https://www.mobile-ichiban.com/Prod/1/01/37
2026-07-18T19:16:49.050702+00:00,iPhone 17 Pro 256GB,256GB,海峡通信,183000,179800,3200,SELL,0,5000,ok,売却目標に到達,https://www.mobile-ichiban.com/Prod/1/01/36
2026-07-18T19:16:49.050702+00:00,iPhone 17 Pro 512GB,512GB,海峡通信,183000,214800,-31800,WAIT,0,5000,ok,損益が監視ライン以下,https://www.mobile-ichiban.com/Prod/1/01/36
2026-07-18T19:16:49.050702+00:00,iPhone 17 Pro Max 256GB,256GB,海峡通信,198000,194800,3200,SELL,0,5000,ok,売却目標に到達,https://www.mobile-ichiban.com/Prod/1/01/37
2026-07-18T19:16:49.050702+00:00,iPhone 17 Pro Max 512GB,512GB,海峡通信,198000,229800,-31800,WAIT,0,5000,ok,損益が監視ライン以下,https://www.mobile-ichiban.com/Prod/1/01/37
2026-07-18T20:54:48.917029+00:00,iPhone 17 Pro 256GB,256GB,海峡通信,183000,179800,3200,SELL,0,5000,ok,売却目標に到達,https://www.mobile-ichiban.com/Prod/1/01/36
2026-07-18T20:54:48.917029+00:00,iPhone 17 Pro 512GB,512GB,海峡通信,183000,214800,-31800,WAIT,0,5000,ok,損益が監視ライン以下,https://www.mobile-ichiban.com/Prod/1/01/36
2026-07-18T20:54:48.917029+00:00,iPhone 17 Pro Max 256GB,256GB,海峡通信,198000,194800,3200,SELL,0,5000,ok,売却目標に到達,https://www.mobile-ichiban.com/Prod/1/01/37
2026-07-18T20:54:48.917029+00:00,iPhone 17 Pro Max 512GB,512GB,海峡通信,198000,229800,-31800,WAIT,0,5000,ok,損益が監視ライン以下,https://www.mobile-ichiban.com/Prod/1/01/37
2026-07-18T21:55:12.301849+00:00,iPhone 17 Pro 256GB,256GB,海峡通信,183000,179800,3200,SELL,0,5000,ok,売却目標に到達,https://www.mobile-ichiban.com/Prod/1/01/36
2026-07-18T21:55:12.301849+00:00,iPhone 17 Pro 512GB,512GB,海峡通信,183000,214800,-31800,WAIT,0,5000,ok,損益が監視ライン以下,https://www.mobile-ichiban.com/Prod/1/01/36
2026-07-18T21:55:12.301849+00:00,iPhone 17 Pro Max 256GB,256GB,海峡通信,198000,194800,3200,SELL,0,5000,ok,売却目標に到達,https://www.mobile-ichiban.com/Prod/1/01/37
2026-07-18T21:55:12.301849+00:00,iPhone 17 Pro Max 512GB,512GB,海峡通信,198000,229800,-31800,WAIT,0,5000,ok,損益が監視ライン以下,https://www.mobile-ichiban.com/Prod/1/01/37
2026-07-18T22:54:58.356027+00:00,iPhone 17 Pro 256GB,256GB,海峡通信,183000,179800,3200,SELL,0,5000,ok,売却目標に到達,https://www.mobile-ichiban.com/Prod/1/01/36
2026-07-18T22:54:58.356027+00:00,iPhone 17 Pro 512GB,512GB,海峡通信,183000,214800,-31800,WAIT,0,5000,ok,損益が監視ライン以下,https://www.mobile-ichiban.com/Prod/1/01/36
2026-07-18T22:54:58.356027+00:00,iPhone 17 Pro Max 256GB,256GB,海峡通信,198000,194800,3200,SELL,0,5000,ok,売却目標に到達,https://www.mobile-ichiban.com/Prod/1/01/37
2026-07-18T22:54:58.356027+00:00,iPhone 17 Pro Max 512GB,512GB,海峡通信,198000,229800,-31800,WAIT,0,5000,ok,損益が監視ライン以下,https://www.mobile-ichiban.com/Prod/1/01/37
2026-07-18T23:57:33.054567+00:00,iPhone 17 Pro 256GB,256GB,海峡通信,183000,179800,3200,SELL,0,5000,ok,売却目標に到達,https://www.mobile-ichiban.com/Prod/1/01/36
2026-07-18T23:57:33.054567+00:00,iPhone 17 Pro 512GB,512GB,海峡通信,183000,214800,-31800,WAIT,0,5000,ok,損益が監視ライン以下,https://www.mobile-ichiban.com/Prod/1/01/36
2026-07-18T23:57:33.054567+00:00,iPhone 17 Pro Max 256GB,256GB,海峡通信,198000,194800,3200,SELL,0,5000,ok,売却目標に到達,https://www.mobile-ichiban.com/Prod/1/01/37
2026-07-18T23:57:33.054567+00:00,iPhone 17 Pro Max 512GB,512GB,海峡通信,198000,229800,-31800,WAIT,0,5000,ok,損益が監視ライン以下,https://www.mobile-ichiban.com/Prod/1/01/37
2026-07-19T03:40:20.800418+00:00,iPhone 17 Pro 256GB,256GB,海峡通信,186000,179800,6200,SELL,3000,3000,ok,売却目標に到達,https://www.mobile-ichiban.com/Prod/1/01/36
2026-07-19T03:40:20.800418+00:00,iPhone 17 Pro 512GB,512GB,海峡通信,219000,214800,4200,SELL,36000,3000,ok,売却目標に到達,https://www.mobile-ichiban.com/Prod/1/01/36
2026-07-19T03:40:20.800418+00:00,iPhone 17 Pro Max 256GB,256GB,海峡通信,201000,194800,6200,SELL,3000,3000,ok,売却目標に到達,https://www.mobile-ichiban.com/Prod/1/01/37
2026-07-19T03:40:20.800418+00:00,iPhone 17 Pro Max 512GB,512GB,海峡通信,236000,229800,6200,SELL,38000,5000,ok,売却目標に到達,https://www.mobile-ichiban.com/Prod/1/01/37
2026-07-19T06:34:13.012424+00:00,iPhone 17 Pro 256GB,256GB,海峡通信,186000,179800,6200,SELL,0,3000,ok,売却目標に到達,https://www.mobile-ichiban.com/Prod/1/01/36
2026-07-19T06:34:13.012424+00:00,iPhone 17 Pro 512GB,512GB,海峡通信,219000,214800,4200,SELL,0,3000,ok,売却目標に到達,https://www.mobile-ichiban.com/Prod/1/01/36
2026-07-19T06:34:13.012424+00:00,iPhone 17 Pro Max 256GB,256GB,海峡通信,201000,194800,6200,SELL,0,3000,ok,売却目標に到達,https://www.mobile-ichiban.com/Prod/1/01/37
2026-07-19T06:34:13.012424+00:00,iPhone 17 Pro Max 512GB,512GB,海峡通信,236000,229800,6200,SELL,0,5000,ok,売却目標に到達,https://www.mobile-ichiban.com/Prod/1/01/37
2026-07-19T09:06:59.482591+00:00,iPhone 17 Pro 256GB,256GB,海峡通信,186000,179800,6200,SELL,0,3000,ok,売却目標に到達,https://www.mobile-ichiban.com/Prod/1/01/36
2026-07-19T09:06:59.482591+00:00,iPhone 17 Pro 512GB,512GB,海峡通信,219000,214800,4200,SELL,0,3000,ok,売却目標に到達,https://www.mobile-ichiban.com/Prod/1/01/36
2026-07-19T09:06:59.482591+00:00,iPhone 17 Pro Max 256GB,256GB,海峡通信,201000,194800,6200,SELL,0,3000,ok,売却目標に到達,https://www.mobile-ichiban.com/Prod/1/01/37
2026-07-19T09:06:59.482591+00:00,iPhone 17 Pro Max 512GB,512GB,海峡通信,236000,229800,6200,SELL,0,5000,ok,売却目標に到達,https://www.mobile-ichiban.com/Prod/1/01/37
2026-07-19T11:11:42.866737+00:00,iPhone 17 Pro 256GB,256GB,海峡通信,186000,179800,6200,SELL,0,3000,ok,売却目標に到達,https://www.mobile-ichiban.com/Prod/1/01/36
2026-07-19T11:11:42.866737+00:00,iPhone 17 Pro 512GB,512GB,海峡通信,186000,214800,-28800,ALERT,-33000,3000,ok,"前回比 -33,000円",https://www.mobile-ichiban.com/Prod/1/01/36
2026-07-19T11:11:42.866737+00:00,iPhone 17 Pro Max 256GB,256GB,海峡通信,201000,194800,6200,SELL,0,3000,ok,売却目標に到達,https://www.mobile-ichiban.com/Prod/1/01/37
2026-07-19T11:11:42.866737+00:00,iPhone 17 Pro Max 512GB,512GB,海峡通信,201000,229800,-28800,ALERT,-35000,3000,ok,"前回比 -35,000円",https://www.mobile-ichiban.com/Prod/1/01/37
2026-07-19T13:26:11.035306+00:00,iPhone 17 Pro 256GB,256GB,海峡通信,186000,179800,6200,SELL,0,3000,ok,売却目標に到達,https://www.mobile-ichiban.com/Prod/1/01/36
2026-07-19T13:26:11.035306+00:00,iPhone 17 Pro 512GB,512GB,海峡通信,186000,214800,-28800,WAIT,0,3000,ok,損益が監視ライン以下,https://www.mobile-ichiban.com/Prod/1/01/36
2026-07-19T13:26:11.035306+00:00,iPhone 17 Pro Max 256GB,256GB,海峡通信,201000,194800,6200,SELL,0,3000,ok,売却目標に到達,https://www.mobile-ichiban.com/Prod/1/01/37
2026-07-19T13:26:11.035306+00:00,iPhone 17 Pro Max 512GB,512GB,海峡通信,201000,229800,-28800,WAIT,0,3000,ok,損益が監視ライン以下,https://www.mobile-ichiban.com/Prod/1/01/37
2026-07-19T15:00:12.492224+00:00,iPhone 17 Pro 256GB,256GB,海峡通信,186000,179800,6200,SELL,0,3000,ok,売却目標に到達,https://www.mobile-ichiban.com/Prod/1/01/36
2026-07-19T15:00:12.492224+00:00,iPhone 17 Pro 512GB,512GB,海峡通信,186000,214800,-28800,WAIT,0,3000,ok,損益が監視ライン以下,https://www.mobile-ichiban.com/Prod/1/01/36
2026-07-19T15:00:12.492224+00:00,iPhone 17 Pro Max 256GB,256GB,海峡通信,201000,194800,6200,SELL,0,3000,ok,売却目標に到達,https://www.mobile-ichiban.com/Prod/1/01/37
2026-07-19T15:00:12.492224+00:00,iPhone 17 Pro Max 512GB,512GB,海峡通信,201000,229800,-28800,WAIT,0,3000,ok,損益が監視ライン以下,https://www.mobile-ichiban.com/Prod/1/01/37
2026-07-19T17:01:52.320782+00:00,iPhone 17 Pro 256GB,256GB,海峡通信,186000,179800,6200,SELL,0,3000,ok,売却目標に到達,https://www.mobile-ichiban.com/Prod/1/01/36
2026-07-19T17:01:52.320782+00:00,iPhone 17 Pro 512GB,512GB,海峡通信,186000,214800,-28800,WAIT,0,3000,ok,損益が監視ライン以下,https://www.mobile-ichiban.com/Prod/1/01/36
2026-07-19T17:01:52.320782+00:00,iPhone 17 Pro Max 256GB,256GB,海峡通信,201000,194800,6200,SELL,0,3000,ok,売却目標に到達,https://www.mobile-ichiban.com/Prod/1/01/37
2026-07-19T17:01:52.320782+00:00,iPhone 17 Pro Max 512GB,512GB,海峡通信,201000,229800,-28800,WAIT,0,3000,ok,損益が監視ライン以下,https://www.mobile-ichiban.com/Prod/1/01/37
2026-07-19T19:11:50.192984+00:00,iPhone 17 Pro 256GB,256GB,海峡通信,186000,179800,6200,SELL,0,3000,ok,売却目標に到達,https://www.mobile-ichiban.com/Prod/1/01/36
2026-07-19T19:11:50.192984+00:00,iPhone 17 Pro 512GB,512GB,海峡通信,186000,214800,-28800,WAIT,0,3000,ok,損益が監視ライン以下,https://www.mobile-ichiban.com/Prod/1/01/36
2026-07-19T19:11:50.192984+00:00,iPhone 17 Pro Max 256GB,256GB,海峡通信,201000,194800,6200,SELL,0,3000,ok,売却目標に到達,https://www.mobile-ichiban.com/Prod/1/01/37
2026-07-19T19:11:50.192984+00:00,iPhone 17 Pro Max 512GB,512GB,海峡通信,201000,229800,-28800,WAIT,0,3000,ok,損益が監視ライン以下,https://www.mobile-ichiban.com/Prod/1/01/37
2026-07-19T20:55:24.939444+00:00,iPhone 17 Pro 256GB,256GB,海峡通信,186000,179800,6200,SELL,0,3000,ok,売却目標に到達,https://www.mobile-ichiban.com/Prod/1/01/36
2026-07-19T20:55:24.939444+00:00,iPhone 17 Pro 512GB,512GB,海峡通信,186000,214800,-28800,WAIT,0,3000,ok,損益が監視ライン以下,https://www.mobile-ichiban.com/Prod/1/01/36
2026-07-19T20:55:24.939444+00:00,iPhone 17 Pro Max 256GB,256GB,海峡通信,201000,194800,6200,SELL,0,3000,ok,売却目標に到達,https://www.mobile-ichiban.com/Prod/1/01/37
2026-07-19T20:55:24.939444+00:00,iPhone 17 Pro Max 512GB,512GB,海峡通信,201000,229800,-28800,WAIT,0,3000,ok,損益が監視ライン以下,https://www.mobile-ichiban.com/Prod/1/01/37
2026-07-19T21:58:04.725040+00:00,iPhone 17 Pro 256GB,256GB,海峡通信,186000,179800,6200,SELL,0,3000,ok,売却目標に到達,https://www.mobile-ichiban.com/Prod/1/01/36
2026-07-19T21:58:04.725040+00:00,iPhone 17 Pro 512GB,512GB,海峡通信,186000,214800,-28800,WAIT,0,3000,ok,損益が監視ライン以下,https://www.mobile-ichiban.com/Prod/1/01/36
2026-07-19T21:58:04.725040+00:00,iPhone 17 Pro Max 256GB,256GB,海峡通信,201000,194800,6200,SELL,0,3000,ok,売却目標に到達,https://www.mobile-ichiban.com/Prod/1/01/37
2026-07-19T21:58:04.725040+00:00,iPhone 17 Pro Max 512GB,512GB,海峡通信,201000,229800,-28800,WAIT,0,3000,ok,損益が監視ライン以下,https://www.mobile-ichiban.com/Prod/1/01/37
2026-07-19T23:01:27.776975+00:00,iPhone 17 Pro 256GB,256GB,海峡通信,186000,179800,6200,SELL,0,3000,ok,売却目標に到達,https://www.mobile-ichiban.com/Prod/1/01/36
2026-07-19T23:01:27.776975+00:00,iPhone 17 Pro 512GB,512GB,海峡通信,186000,214800,-28800,WAIT,0,3000,ok,損益が監視ライン以下,https://www.mobile-ichiban.com/Prod/1/01/36
2026-07-19T23:01:27.776975+00:00,iPhone 17 Pro Max 256GB,256GB,海峡通信,201000,194800,6200,SELL,0,3000,ok,売却目標に到達,https://www.mobile-ichiban.com/Prod/1/01/37
2026-07-19T23:01:27.776975+00:00,iPhone 17 Pro Max 512GB,512GB,海峡通信,201000,229800,-28800,WAIT,0,3000,ok,損益が監視ライン以下,https://www.mobile-ichiban.com/Prod/1/01/37
2026-07-20T03:33:13.468588+00:00,iPhone 17 Pro 256GB,256GB,海峡通信,187500,179800,7700,SELL,1500,1500,ok,売却目標に到達,https://www.mobile-ichiban.com/Prod/1/01/36
2026-07-20T03:33:13.468588+00:00,iPhone 17 Pro 512GB,512GB,海峡通信,220000,214800,5200,SELL,34000,1000,ok,売却目標に到達,https://www.mobile-ichiban.com/Prod/1/01/36
2026-07-20T03:33:13.468588+00:00,iPhone 17 Pro Max 256GB,256GB,海峡通信,201500,194800,6700,SELL,500,500,ok,売却目標に到達,https://www.mobile-ichiban.com/Prod/1/01/37
2026-07-20T03:33:13.468588+00:00,iPhone 17 Pro Max 512GB,512GB,海峡通信,237000,229800,7200,SELL,36000,1000,ok,売却目標に到達,https://www.mobile-ichiban.com/Prod/1/01/37
2026-07-20T06:51:12.741690+00:00,iPhone 17 Pro 256GB,256GB,海峡通信,189500,179800,9700,SELL,2000,3500,ok,売却目標に到達,https://www.mobile-ichiban.com/Prod/1/01/36
2026-07-20T06:51:12.741690+00:00,iPhone 17 Pro 512GB,512GB,海峡通信,222500,214800,7700,SELL,2500,3500,ok,売却目標に到達,https://www.mobile-ichiban.com/Prod/1/01/36
2026-07-20T06:51:12.741690+00:00,iPhone 17 Pro Max 256GB,256GB,海峡通信,203500,194800,8700,SELL,2000,2500,ok,売却目標に到達,https://www.mobile-ichiban.com/Prod/1/01/37
2026-07-20T06:51:12.741690+00:00,iPhone 17 Pro Max 512GB,512GB,海峡通信,239000,229800,9200,SELL,2000,3000,ok,売却目標に到達,https://www.mobile-ichiban.com/Prod/1/01/37
2026-07-20T10:15:13.036660+00:00,iPhone 17 Pro 256GB,256GB,海峡通信,190000,179800,10200,SELL,500,4000,ok,売却目標に到達,https://www.mobile-ichiban.com/Prod/1/01/36
2026-07-20T10:15:13.036660+00:00,iPhone 17 Pro 512GB,512GB,海峡通信,190000,214800,-24800,ALERT,-32500,4000,ok,"前回比 -32,500円",https://www.mobile-ichiban.com/Prod/1/01/36
2026-07-20T10:15:13.036660+00:00,iPhone 17 Pro Max 256GB,256GB,海峡通信,203500,194800,8700,SELL,0,2500,ok,売却目標に到達,https://www.mobile-ichiban.com/Prod/1/01/37
2026-07-20T10:15:13.036660+00:00,iPhone 17 Pro Max 512GB,512GB,海峡通信,203500,229800,-26300,ALERT,-35500,2500,ok,"前回比 -35,500円",https://www.mobile-ichiban.com/Prod/1/01/37
2026-07-20T13:09:27.604522+00:00,iPhone 17 Pro 256GB,256GB,海峡通信,190000,179800,10200,SELL,0,4000,ok,売却目標に到達,https://www.mobile-ichiban.com/Prod/1/01/36
2026-07-20T13:09:27.604522+00:00,iPhone 17 Pro 512GB,512GB,海峡通信,190000,214800,-24800,WAIT,0,4000,ok,損益が監視ライン以下,https://www.mobile-ichiban.com/Prod/1/01/36
2026-07-20T13:09:27.604522+00:00,iPhone 17 Pro Max 256GB,256GB,海峡通信,203500,194800,8700,SELL,0,2500,ok,売却目標に到達,https://www.mobile-ichiban.com/Prod/1/01/37
2026-07-20T13:09:27.604522+00:00,iPhone 17 Pro Max 512GB,512GB,海峡通信,203500,229800,-26300,WAIT,0,2500,ok,損益が監視ライン以下,https://www.mobile-ichiban.com/Prod/1/01/37
2026-07-20T15:53:17.702679+00:00,iPhone 17 Pro 256GB,256GB,海峡通信,190000,179800,10200,SELL,0,4000,ok,売却目標に到達,https://www.mobile-ichiban.com/Prod/1/01/36
2026-07-20T15:53:17.702679+00:00,iPhone 17 Pro 512GB,512GB,海峡通信,190000,214800,-24800,WAIT,0,4000,ok,損益が監視ライン以下,https://www.mobile-ichiban.com/Prod/1/01/36
2026-07-20T15:53:17.702679+00:00,iPhone 17 Pro Max 256GB,256GB,海峡通信,203500,194800,8700,SELL,0,2500,ok,売却目標に到達,https://www.mobile-ichiban.com/Prod/1/01/37
2026-07-20T15:53:17.702679+00:00,iPhone 17 Pro Max 512GB,512GB,海峡通信,203500,229800,-26300,WAIT,0,2500,ok,損益が監視ライン以下,https://www.mobile-ichiban.com/Prod/1/01/37
2026-07-20T18:08:12.192783+00:00,iPhone 17 Pro 256GB,256GB,海峡通信,190000,179800,10200,SELL,0,4000,ok,売却目標に到達,https://www.mobile-ichiban.com/Prod/1/01/36
2026-07-20T18:08:12.192783+00:00,iPhone 17 Pro 512GB,512GB,海峡通信,190000,214800,-24800,WAIT,0,4000,ok,損益が監視ライン以下,https://www.mobile-ichiban.com/Prod/1/01/36
2026-07-20T18:08:12.192783+00:00,iPhone 17 Pro Max 256GB,256GB,海峡通信,203500,194800,8700,SELL,0,2500,ok,売却目標に到達,https://www.mobile-ichiban.com/Prod/1/01/37
2026-07-20T18:08:12.192783+00:00,iPhone 17 Pro Max 512GB,512GB,海峡通信,203500,229800,-26300,WAIT,0,2500,ok,損益が監視ライン以下,https://www.mobile-ichiban.com/Prod/1/01/37
2026-07-20T20:24:34.110501+00:00,iPhone 17 Pro 256GB,256GB,海峡通信,190000,179800,10200,SELL,0,4000,ok,売却目標に到達,https://www.mobile-ichiban.com/Prod/1/01/36
2026-07-20T20:24:34.110501+00:00,iPhone 17 Pro 512GB,512GB,海峡通信,190000,214800,-24800,WAIT,0,4000,ok,損益が監視ライン以下,https://www.mobile-ichiban.com/Prod/1/01/36
2026-07-20T20:24:34.110501+00:00,iPhone 17 Pro Max 256GB,256GB,海峡通信,203500,194800,8700,SELL,0,2500,ok,売却目標に到達,https://www.mobile-ichiban.com/Prod/1/01/37
2026-07-20T20:24:34.110501+00:00,iPhone 17 Pro Max 512GB,512GB,海峡通信,203500,229800,-26300,WAIT,0,2500,ok,損益が監視ライン以下,https://www.mobile-ichiban.com/Prod/1/01/37
2026-07-20T22:03:40.318519+00:00,iPhone 17 Pro 256GB,256GB,海峡通信,190000,179800,10200,SELL,0,4000,ok,売却目標に到達,https://www.mobile-ichiban.com/Prod/1/01/36
2026-07-20T22:03:40.318519+00:00,iPhone 17 Pro 512GB,512GB,海峡通信,190000,214800,-24800,WAIT,0,4000,ok,損益が監視ライン以下,https://www.mobile-ichiban.com/Prod/1/01/36
2026-07-20T22:03:40.318519+00:00,iPhone 17 Pro Max 256GB,256GB,海峡通信,203500,194800,8700,SELL,0,2500,ok,売却目標に到達,https://www.mobile-ichiban.com/Prod/1/01/37
2026-07-20T22:03:40.318519+00:00,iPhone 17 Pro Max 512GB,512GB,海峡通信,203500,229800,-26300,WAIT,0,2500,ok,損益が監視ライン以下,https://www.mobile-ichiban.com/Prod/1/01/37
2026-07-20T23:59:16.722437+00:00,iPhone 17 Pro 256GB,256GB,海峡通信,190000,179800,10200,SELL,0,4000,ok,売却目標に到達,https://www.mobile-ichiban.com/Prod/1/01/36
2026-07-20T23:59:16.722437+00:00,iPhone 17 Pro 512GB,512GB,海峡通信,190000,214800,-24800,WAIT,0,4000,ok,損益が監視ライン以下,https://www.mobile-ichiban.com/Prod/1/01/36
2026-07-20T23:59:16.722437+00:00,iPhone 17 Pro Max 256GB,256GB,海峡通信,203500,194800,8700,SELL,0,2500,ok,売却目標に到達,https://www.mobile-ichiban.com/Prod/1/01/37
2026-07-20T23:59:16.722437+00:00,iPhone 17 Pro Max 512GB,512GB,海峡通信,203500,229800,-26300,WAIT,0,2500,ok,損益が監視ライン以下,https://www.mobile-ichiban.com/Prod/1/01/37
2026-07-21T03:35:15.641146+00:00,iPhone 17 Pro 256GB,256GB,海峡通信,190000,179800,10200,SELL,0,2500,ok,売却目標に到達,https://www.mobile-ichiban.com/Prod/1/01/36
2026-07-21T03:35:15.641146+00:00,iPhone 17 Pro 512GB,512GB,海峡通信,223000,214800,8200,SELL,33000,3000,ok,売却目標に到達,https://www.mobile-ichiban.com/Prod/1/01/36
2026-07-21T03:35:15.641146+00:00,iPhone 17 Pro Max 256GB,256GB,海峡通信,204500,194800,9700,SELL,1000,3000,ok,売却目標に到達,https://www.mobile-ichiban.com/Prod/1/01/37
2026-07-21T03:35:15.641146+00:00,iPhone 17 Pro Max 512GB,512GB,海峡通信,240000,229800,10200,SELL,36500,3000,ok,売却目標に到達,https://www.mobile-ichiban.com/Prod/1/01/37
2026-07-21T06:32:49.857995+00:00,iPhone 17 Pro 256GB,256GB,海峡通信,190000,179800,10200,SELL,0,500,ok,売却目標に到達,https://www.mobile-ichiban.com/Prod/1/01/36
2026-07-21T06:32:49.857995+00:00,iPhone 17 Pro 512GB,512GB,海峡通信,223000,214800,8200,SELL,0,500,ok,売却目標に到達,https://www.mobile-ichiban.com/Prod/1/01/36
2026-07-21T06:32:49.857995+00:00,iPhone 17 Pro Max 256GB,256GB,海峡通信,204500,194800,9700,SELL,0,1000,ok,売却目標に到達,https://www.mobile-ichiban.com/Prod/1/01/37
2026-07-21T06:32:49.857995+00:00,iPhone 17 Pro Max 512GB,512GB,海峡通信,240000,229800,10200,SELL,0,1000,ok,売却目標に到達,https://www.mobile-ichiban.com/Prod/1/01/37
2026-07-21T09:30:19.847061+00:00,iPhone 17 Pro 256GB,256GB,海峡通信,190000,179800,10200,SELL,0,0,ok,売却目標に到達,https://www.mobile-ichiban.com/Prod/1/01/36
2026-07-21T09:30:19.847061+00:00,iPhone 17 Pro 512GB,512GB,海峡通信,223000,214800,8200,SELL,0,33000,ok,売却目標に到達,https://www.mobile-ichiban.com/Prod/1/01/36
2026-07-21T09:30:19.847061+00:00,iPhone 17 Pro Max 256GB,256GB,海峡通信,204500,194800,9700,SELL,0,1000,ok,売却目標に到達,https://www.mobile-ichiban.com/Prod/1/01/37
2026-07-21T09:30:19.847061+00:00,iPhone 17 Pro Max 512GB,512GB,海峡通信,240000,229800,10200,SELL,0,36500,ok,売却目標に到達,https://www.mobile-ichiban.com/Prod/1/01/37
2026-07-21T11:49:42.722438+00:00,iPhone 17 Pro 256GB,256GB,海峡通信,190000,179800,10200,SELL,0,0,ok,売却目標に到達,https://www.mobile-ichiban.com/Prod/1/01/36
2026-07-21T11:49:42.722438+00:00,iPhone 17 Pro 512GB,512GB,海峡通信,190000,214800,-24800,ALERT,-33000,0,ok,"前回比 -33,000円",https://www.mobile-ichiban.com/Prod/1/01/36
2026-07-21T11:49:42.722438+00:00,iPhone 17 Pro Max 256GB,256GB,海峡通信,204500,194800,9700,SELL,0,1000,ok,売却目標に到達,https://www.mobile-ichiban.com/Prod/1/01/37
2026-07-21T11:49:42.722438+00:00,iPhone 17 Pro Max 512GB,512GB,海峡通信,204500,229800,-25300,ALERT,-35500,1000,ok,"前回比 -35,500円",https://www.mobile-ichiban.com/Prod/1/01/37
2026-07-21T14:02:35.341174+00:00,iPhone 17 Pro 256GB,256GB,海峡通信,190000,179800,10200,SELL,0,0,ok,売却目標に到達,https://www.mobile-ichiban.com/Prod/1/01/36
2026-07-21T14:02:35.341174+00:00,iPhone 17 Pro 512GB,512GB,海峡通信,190000,214800,-24800,WAIT,0,0,ok,損益が監視ライン以下,https://www.mobile-ichiban.com/Prod/1/01/36
2026-07-21T14:02:35.341174+00:00,iPhone 17 Pro Max 256GB,256GB,海峡通信,204500,194800,9700,SELL,0,1000,ok,売却目標に到達,https://www.mobile-ichiban.com/Prod/1/01/37
2026-07-21T14:02:35.341174+00:00,iPhone 17 Pro Max 512GB,512GB,海峡通信,204500,229800,-25300,WAIT,0,1000,ok,損益が監視ライン以下,https://www.mobile-ichiban.com/Prod/1/01/37
2026-07-21T16:25:26.920057+00:00,iPhone 17 Pro 256GB,256GB,海峡通信,190000,179800,10200,SELL,0,0,ok,売却目標に到達,https://www.mobile-ichiban.com/Prod/1/01/36
2026-07-21T16:25:26.920057+00:00,iPhone 17 Pro 512GB,512GB,海峡通信,190000,214800,-24800,WAIT,0,0,ok,損益が監視ライン以下,https://www.mobile-ichiban.com/Prod/1/01/36
2026-07-21T16:25:26.920057+00:00,iPhone 17 Pro Max 256GB,256GB,海峡通信,204500,194800,9700,SELL,0,1000,ok,売却目標に到達,https://www.mobile-ichiban.com/Prod/1/01/37
2026-07-21T16:25:26.920057+00:00,iPhone 17 Pro Max 512GB,512GB,海峡通信,204500,229800,-25300,WAIT,0,1000,ok,損益が監視ライン以下,https://www.mobile-ichiban.com/Prod/1/01/37
2026-07-21T18:17:37.819057+00:00,iPhone 17 Pro 256GB,256GB,海峡通信,190000,179800,10200,SELL,0,0,ok,売却目標に到達,https://www.mobile-ichiban.com/Prod/1/01/36
2026-07-21T18:17:37.819057+00:00,iPhone 17 Pro 512GB,512GB,海峡通信,190000,214800,-24800,WAIT,0,0,ok,損益が監視ライン以下,https://www.mobile-ichiban.com/Prod/1/01/36
2026-07-21T18:17:37.819057+00:00,iPhone 17 Pro Max 256GB,256GB,海峡通信,204500,194800,9700,SELL,0,1000,ok,売却目標に到達,https://www.mobile-ichiban.com/Prod/1/01/37
2026-07-21T18:17:37.819057+00:00,iPhone 17 Pro Max 512GB,512GB,海峡通信,204500,229800,-25300,WAIT,0,1000,ok,損益が監視ライン以下,https://www.mobile-ichiban.com/Prod/1/01/37
2026-07-21T20:20:16.125804+00:00,iPhone 17 Pro 256GB,256GB,海峡通信,190000,179800,10200,SELL,0,0,ok,売却目標に到達,https://www.mobile-ichiban.com/Prod/1/01/36
2026-07-21T20:20:16.125804+00:00,iPhone 17 Pro 512GB,512GB,海峡通信,190000,214800,-24800,WAIT,0,0,ok,損益が監視ライン以下,https://www.mobile-ichiban.com/Prod/1/01/36
2026-07-21T20:20:16.125804+00:00,iPhone 17 Pro Max 256GB,256GB,海峡通信,204500,194800,9700,SELL,0,1000,ok,売却目標に到達,https://www.mobile-ichiban.com/Prod/1/01/37
2026-07-21T20:20:16.125804+00:00,iPhone 17 Pro Max 512GB,512GB,海峡通信,204500,229800,-25300,WAIT,0,1000,ok,損益が監視ライン以下,https://www.mobile-ichiban.com/Prod/1/01/37
2026-07-21T22:06:21.111517+00:00,iPhone 17 Pro 256GB,256GB,海峡通信,190000,179800,10200,SELL,0,0,ok,売却目標に到達,https://www.mobile-ichiban.com/Prod/1/01/36
2026-07-21T22:06:21.111517+00:00,iPhone 17 Pro 512GB,512GB,海峡通信,190000,214800,-24800,WAIT,0,0,ok,損益が監視ライン以下,https://www.mobile-ichiban.com/Prod/1/01/36
2026-07-21T22:06:21.111517+00:00,iPhone 17 Pro Max 256GB,256GB,海峡通信,204500,194800,9700,SELL,0,1000,ok,売却目標に到達,https://www.mobile-ichiban.com/Prod/1/01/37
2026-07-21T22:06:21.111517+00:00,iPhone 17 Pro Max 512GB,512GB,海峡通信,204500,229800,-25300,WAIT,0,1000,ok,損益が監視ライン以下,https://www.mobile-ichiban.com/Prod/1/01/37
2026-07-21T23:57:37.324569+00:00,iPhone 17 Pro 256GB,256GB,海峡通信,190000,179800,10200,SELL,0,0,ok,売却目標に到達,https://www.mobile-ichiban.com/Prod/1/01/36
2026-07-21T23:57:37.324569+00:00,iPhone 17 Pro 512GB,512GB,海峡通信,190000,214800,-24800,WAIT,0,0,ok,損益が監視ライン以下,https://www.mobile-ichiban.com/Prod/1/01/36
2026-07-21T23:57:37.324569+00:00,iPhone 17 Pro Max 256GB,256GB,海峡通信,204500,194800,9700,SELL,0,1000,ok,売却目標に到達,https://www.mobile-ichiban.com/Prod/1/01/37
2026-07-21T23:57:37.324569+00:00,iPhone 17 Pro Max 512GB,512GB,海峡通信,204500,229800,-25300,WAIT,0,1000,ok,損益が監視ライン以下,https://www.mobile-ichiban.com/Prod/1/01/37
2026-07-22T03:33:27.356812+00:00,iPhone 17 Pro 256GB,256GB,海峡通信,188500,179800,8700,SELL,-1500,-1500,ok,売却目標に到達,https://www.mobile-ichiban.com/Prod/1/01/36
2026-07-22T03:33:27.356812+00:00,iPhone 17 Pro 512GB,512GB,海峡通信,221000,214800,6200,SELL,31000,-2000,ok,売却目標に到達,https://www.mobile-ichiban.com/Prod/1/01/36
2026-07-22T03:33:27.356812+00:00,iPhone 17 Pro Max 256GB,256GB,海峡通信,204500,194800,9700,SELL,0,0,ok,売却目標に到達,https://www.mobile-ichiban.com/Prod/1/01/37
2026-07-22T03:33:27.356812+00:00,iPhone 17 Pro Max 512GB,512GB,海峡通信,238000,229800,8200,SELL,33500,-2000,ok,売却目標に到達,https://www.mobile-ichiban.com/Prod/1/01/37
2026-07-22T06:32:54.340039+00:00,iPhone 17 Pro 256GB,256GB,海峡通信,188500,179800,8700,SELL,0,-1500,ok,売却目標に到達,https://www.mobile-ichiban.com/Prod/1/01/36
2026-07-22T06:32:54.340039+00:00,iPhone 17 Pro 512GB,512GB,海峡通信,221000,214800,6200,SELL,0,-2000,ok,売却目標に到達,https://www.mobile-ichiban.com/Prod/1/01/36
2026-07-22T06:32:54.340039+00:00,iPhone 17 Pro Max 256GB,256GB,海峡通信,204500,194800,9700,SELL,0,0,ok,売却目標に到達,https://www.mobile-ichiban.com/Prod/1/01/37
2026-07-22T06:32:54.340039+00:00,iPhone 17 Pro Max 512GB,512GB,海峡通信,238000,229800,8200,SELL,0,-2000,ok,売却目標に到達,https://www.mobile-ichiban.com/Prod/1/01/37
2026-07-22T09:29:22.027645+00:00,iPhone 17 Pro 256GB,256GB,海峡通信,188500,179800,8700,SELL,0,-1500,ok,売却目標に到達,https://www.mobile-ichiban.com/Prod/1/01/36
2026-07-22T09:29:22.027645+00:00,iPhone 17 Pro 512GB,512GB,海峡通信,221000,214800,6200,SELL,0,-2000,ok,売却目標に到達,https://www.mobile-ichiban.com/Prod/1/01/36
2026-07-22T09:29:22.027645+00:00,iPhone 17 Pro Max 256GB,256GB,海峡通信,204500,194800,9700,SELL,0,0,ok,売却目標に到達,https://www.mobile-ichiban.com/Prod/1/01/37
2026-07-22T09:29:22.027645+00:00,iPhone 17 Pro Max 512GB,512GB,海峡通信,238000,229800,8200,SELL,0,-2000,ok,売却目標に到達,https://www.mobile-ichiban.com/Prod/1/01/37
2026-07-22T11:50:02.000436+00:00,iPhone 17 Pro 256GB,256GB,海峡通信,188500,179800,8700,SELL,0,-1500,ok,売却目標に到達,https://www.mobile-ichiban.com/Prod/1/01/36
2026-07-22T11:50:02.000436+00:00,iPhone 17 Pro 512GB,512GB,海峡通信,188500,214800,-26300,ALERT,-32500,-1500,ok,"前回比 -32,500円",https://www.mobile-ichiban.com/Prod/1/01/36
2026-07-22T11:50:02.000436+00:00,iPhone 17 Pro Max 256GB,256GB,海峡通信,204500,194800,9700,SELL,0,0,ok,売却目標に到達,https://www.mobile-ichiban.com/Prod/1/01/37
2026-07-22T11:50:02.000436+00:00,iPhone 17 Pro Max 512GB,512GB,海峡通信,204500,229800,-25300,ALERT,-33500,0,ok,"前回比 -33,500円",https://www.mobile-ichiban.com/Prod/1/01/37
2026-07-22T14:05:25.049987+00:00,iPhone 17 Pro 256GB,256GB,海峡通信,188500,179800,8700,SELL,0,-1500,ok,売却目標に到達,https://www.mobile-ichiban.com/Prod/1/01/36
2026-07-22T14:05:25.049987+00:00,iPhone 17 Pro 512GB,512GB,海峡通信,188500,214800,-26300,WAIT,0,-1500,ok,損益が監視ライン以下,https://www.mobile-ichiban.com/Prod/1/01/36
2026-07-22T14:05:25.049987+00:00,iPhone 17 Pro Max 256GB,256GB,海峡通信,204500,194800,9700,SELL,0,0,ok,売却目標に到達,https://www.mobile-ichiban.com/Prod/1/01/37
2026-07-22T14:05:25.049987+00:00,iPhone 17 Pro Max 512GB,512GB,海峡通信,204500,229800,-25300,WAIT,0,0,ok,損益が監視ライン以下,https://www.mobile-ichiban.com/Prod/1/01/37
2026-07-22T16:22:22.564517+00:00,iPhone 17 Pro 256GB,256GB,海峡通信,188500,179800,8700,SELL,0,-1500,ok,売却目標に到達,https://www.mobile-ichiban.com/Prod/1/01/36
2026-07-22T16:22:22.564517+00:00,iPhone 17 Pro 512GB,512GB,海峡通信,188500,214800,-26300,WAIT,0,-1500,ok,損益が監視ライン以下,https://www.mobile-ichiban.com/Prod/1/01/36
2026-07-22T16:22:22.564517+00:00,iPhone 17 Pro Max 256GB,256GB,海峡通信,204500,194800,9700,SELL,0,0,ok,売却目標に到達,https://www.mobile-ichiban.com/Prod/1/01/37
2026-07-22T16:22:22.564517+00:00,iPhone 17 Pro Max 512GB,512GB,海峡通信,204500,229800,-25300,WAIT,0,0,ok,損益が監視ライン以下,https://www.mobile-ichiban.com/Prod/1/01/37
2026-07-22T18:10:13.027163+00:00,iPhone 17 Pro 256GB,256GB,海峡通信,188500,179800,8700,SELL,0,-1500,ok,売却目標に到達,https://www.mobile-ichiban.com/Prod/1/01/36
2026-07-22T18:10:13.027163+00:00,iPhone 17 Pro 512GB,512GB,海峡通信,188500,214800,-26300,WAIT,0,-1500,ok,損益が監視ライン以下,https://www.mobile-ichiban.com/Prod/1/01/36
2026-07-22T18:10:13.027163+00:00,iPhone 17 Pro Max 256GB,256GB,海峡通信,204500,194800,9700,SELL,0,0,ok,売却目標に到達,https://www.mobile-ichiban.com/Prod/1/01/37
2026-07-22T18:10:13.027163+00:00,iPhone 17 Pro Max 512GB,512GB,海峡通信,204500,229800,-25300,WAIT,0,0,ok,損益が監視ライン以下,https://www.mobile-ichiban.com/Prod/1/01/37
2026-07-22T20:13:13.904211+00:00,iPhone 17 Pro 256GB,256GB,海峡通信,188500,179800,8700,SELL,0,-1500,ok,売却目標に到達,https://www.mobile-ichiban.com/Prod/1/01/36
2026-07-22T20:13:13.904211+00:00,iPhone 17 Pro 512GB,512GB,海峡通信,188500,214800,-26300,WAIT,0,-1500,ok,損益が監視ライン以下,https://www.mobile-ichiban.com/Prod/1/01/36
2026-07-22T20:13:13.904211+00:00,iPhone 17 Pro Max 256GB,256GB,海峡通信,204500,194800,9700,SELL,0,0,ok,売却目標に到達,https://www.mobile-ichiban.com/Prod/1/01/37
2026-07-22T20:13:13.904211+00:00,iPhone 17 Pro Max 512GB,512GB,海峡通信,204500,229800,-25300,WAIT,0,0,ok,損益が監視ライン以下,https://www.mobile-ichiban.com/Prod/1/01/37
2026-07-22T22:07:22.782173+00:00,iPhone 17 Pro 256GB,256GB,海峡通信,188500,179800,8700,SELL,0,-1500,ok,売却目標に到達,https://www.mobile-ichiban.com/Prod/1/01/36
2026-07-22T22:07:22.782173+00:00,iPhone 17 Pro 512GB,512GB,海峡通信,188500,214800,-26300,WAIT,0,-1500,ok,損益が監視ライン以下,https://www.mobile-ichiban.com/Prod/1/01/36
2026-07-22T22:07:22.782173+00:00,iPhone 17 Pro Max 256GB,256GB,海峡通信,204500,194800,9700,SELL,0,0,ok,売却目標に到達,https://www.mobile-ichiban.com/Prod/1/01/37
2026-07-22T22:07:22.782173+00:00,iPhone 17 Pro Max 512GB,512GB,海峡通信,204500,229800,-25300,WAIT,0,0,ok,損益が監視ライン以下,https://www.mobile-ichiban.com/Prod/1/01/37
2026-07-23T00:03:15.881066+00:00,iPhone 17 Pro 256GB,256GB,海峡通信,188500,179800,8700,SELL,0,-1500,ok,売却目標に到達,https://www.mobile-ichiban.com/Prod/1/01/36
2026-07-23T00:03:15.881066+00:00,iPhone 17 Pro 512GB,512GB,海峡通信,188500,214800,-26300,WAIT,0,-1500,ok,損益が監視ライン以下,https://www.mobile-ichiban.com/Prod/1/01/36
2026-07-23T00:03:15.881066+00:00,iPhone 17 Pro Max 256GB,256GB,海峡通信,204500,194800,9700,SELL,0,0,ok,売却目標に到達,https://www.mobile-ichiban.com/Prod/1/01/37
2026-07-23T00:03:15.881066+00:00,iPhone 17 Pro Max 512GB,512GB,海峡通信,204500,229800,-25300,WAIT,0,0,ok,損益が監視ライン以下,https://www.mobile-ichiban.com/Prod/1/01/37
2026-07-23T04:17:40.373054+00:00,iPhone 17 Pro 256GB,256GB,海峡通信,,179800,,ALERT,,,failed,"海峡通信の取得に失敗: 3回リトライ後も取得失敗: HTTPSConnectionPool(host='www.mobile-ichiban.com', port=443): Max retries exceeded with url: /Prod/1/01/36 (Caused by ConnectTimeoutError(<HTTPSConnection(host='www.mobile-ichiban.com', port=443) at 0x7ff5617a2030>, 'Connection to www.mobile-ichiban.com timed out. (connect timeout=20)'))",https://www.mobile-ichiban.com/Prod/1/01/36
2026-07-23T04:17:40.373054+00:00,iPhone 17 Pro 512GB,512GB,海峡通信,,214800,,ALERT,,,failed,"海峡通信の取得に失敗: 3回リトライ後も取得失敗: HTTPSConnectionPool(host='www.mobile-ichiban.com', port=443): Max retries exceeded with url: /Prod/1/01/36 (Caused by ConnectTimeoutError(<HTTPSConnection(host='www.mobile-ichiban.com', port=443) at 0x7ff5617a2030>, 'Connection to www.mobile-ichiban.com timed out. (connect timeout=20)'))",https://www.mobile-ichiban.com/Prod/1/01/36
2026-07-23T04:17:40.373054+00:00,iPhone 17 Pro Max 256GB,256GB,海峡通信,,194800,,ALERT,,,failed,"海峡通信の取得に失敗: 3回リトライ後も取得失敗: HTTPSConnectionPool(host='www.mobile-ichiban.com', port=443): Max retries exceeded with url: /Prod/1/01/37 (Caused by ConnectTimeoutError(<HTTPSConnection(host='www.mobile-ichiban.com', port=443) at 0x7ff56116b350>, 'Connection to www.mobile-ichiban.com timed out. (connect timeout=20)'))",https://www.mobile-ichiban.com/Prod/1/01/37
2026-07-23T04:17:40.373054+00:00,iPhone 17 Pro Max 512GB,512GB,海峡通信,,229800,,ALERT,,,failed,"海峡通信の取得に失敗: 3回リトライ後も取得失敗: HTTPSConnectionPool(host='www.mobile-ichiban.com', port=443): Max retries exceeded with url: /Prod/1/01/37 (Caused by ConnectTimeoutError(<HTTPSConnection(host='www.mobile-ichiban.com', port=443) at 0x7ff56116b350>, 'Connection to www.mobile-ichiban.com timed out. (connect timeout=20)'))",https://www.mobile-ichiban.com/Prod/1/01/37
2026-07-23T07:35:08.895474+00:00,iPhone 17 Pro 256GB,256GB,海峡通信,,179800,,ALERT,,,failed,"海峡通信の取得に失敗: 3回リトライ後も取得失敗: HTTPSConnectionPool(host='www.mobile-ichiban.com', port=443): Max retries exceeded with url: /Prod/1/01/36 (Caused by ConnectTimeoutError(<HTTPSConnection(host='www.mobile-ichiban.com', port=443) at 0x7febced8d0a0>, 'Connection to www.mobile-ichiban.com timed out. (connect timeout=20)'))",https://www.mobile-ichiban.com/Prod/1/01/36
2026-07-23T07:35:08.895474+00:00,iPhone 17 Pro 512GB,512GB,海峡通信,,214800,,ALERT,,,failed,"海峡通信の取得に失敗: 3回リトライ後も取得失敗: HTTPSConnectionPool(host='www.mobile-ichiban.com', port=443): Max retries exceeded with url: /Prod/1/01/36 (Caused by ConnectTimeoutError(<HTTPSConnection(host='www.mobile-ichiban.com', port=443) at 0x7febced8d0a0>, 'Connection to www.mobile-ichiban.com timed out. (connect timeout=20)'))",https://www.mobile-ichiban.com/Prod/1/01/36
2026-07-23T07:35:08.895474+00:00,iPhone 17 Pro Max 256GB,256GB,海峡通信,,194800,,ALERT,,,failed,"海峡通信の取得に失敗: 3回リトライ後も取得失敗: HTTPSConnectionPool(host='www.mobile-ichiban.com', port=443): Max retries exceeded with url: /Prod/1/01/37 (Caused by ConnectTimeoutError(<HTTPSConnection(host='www.mobile-ichiban.com', port=443) at 0x7febced8f440>, 'Connection to www.mobile-ichiban.com timed out. (connect timeout=20)'))",https://www.mobile-ichiban.com/Prod/1/01/37
2026-07-23T07:35:08.895474+00:00,iPhone 17 Pro Max 512GB,512GB,海峡通信,,229800,,ALERT,,,failed,"海峡通信の取得に失敗: 3回リトライ後も取得失敗: HTTPSConnectionPool(host='www.mobile-ichiban.com', port=443): Max retries exceeded with url: /Prod/1/01/37 (Caused by ConnectTimeoutError(<HTTPSConnection(host='www.mobile-ichiban.com', port=443) at 0x7febced8f440>, 'Connection to www.mobile-ichiban.com timed out. (connect timeout=20)'))",https://www.mobile-ichiban.com/Prod/1/01/37
2026-07-23T10:26:53.186409+00:00,iPhone 17 Pro 256GB,256GB,海峡通信,,179800,,ALERT,,,failed,"海峡通信の取得に失敗: 3回リトライ後も取得失敗: HTTPSConnectionPool(host='www.mobile-ichiban.com', port=443): Max retries exceeded with url: /Prod/1/01/36 (Caused by ConnectTimeoutError(<HTTPSConnection(host='www.mobile-ichiban.com', port=443) at 0x7f0897073260>, 'Connection to www.mobile-ichiban.com timed out. (connect timeout=20)'))",https://www.mobile-ichiban.com/Prod/1/01/36
2026-07-23T10:26:53.186409+00:00,iPhone 17 Pro 512GB,512GB,海峡通信,,214800,,ALERT,,,failed,"海峡通信の取得に失敗: 3回リトライ後も取得失敗: HTTPSConnectionPool(host='www.mobile-ichiban.com', port=443): Max retries exceeded with url: /Prod/1/01/36 (Caused by ConnectTimeoutError(<HTTPSConnection(host='www.mobile-ichiban.com', port=443) at 0x7f0897073260>, 'Connection to www.mobile-ichiban.com timed out. (connect timeout=20)'))",https://www.mobile-ichiban.com/Prod/1/01/36
2026-07-23T10:26:53.186409+00:00,iPhone 17 Pro Max 256GB,256GB,海峡通信,,194800,,ALERT,,,failed,"海峡通信の取得に失敗: 3回リトライ後も取得失敗: HTTPSConnectionPool(host='www.mobile-ichiban.com', port=443): Max retries exceeded with url: /Prod/1/01/37 (Caused by ConnectTimeoutError(<HTTPSConnection(host='www.mobile-ichiban.com', port=443) at 0x7f0896413320>, 'Connection to www.mobile-ichiban.com timed out. (connect timeout=20)'))",https://www.mobile-ichiban.com/Prod/1/01/37
2026-07-23T10:26:53.186409+00:00,iPhone 17 Pro Max 512GB,512GB,海峡通信,,229800,,ALERT,,,failed,"海峡通信の取得に失敗: 3回リトライ後も取得失敗: HTTPSConnectionPool(host='www.mobile-ichiban.com', port=443): Max retries exceeded with url: /Prod/1/01/37 (Caused by ConnectTimeoutError(<HTTPSConnection(host='www.mobile-ichiban.com', port=443) at 0x7f0896413320>, 'Connection to www.mobile-ichiban.com timed out. (connect timeout=20)'))",https://www.mobile-ichiban.com/Prod/1/01/37
2026-07-23T12:26:01.816531+00:00,iPhone 17 Pro 256GB,256GB,海峡通信,185000,179800,5200,SELL,-3500,-3500,ok,売却目標に到達,https://www.mobile-ichiban.com/Prod/1/01/36
2026-07-23T12:26:01.816531+00:00,iPhone 17 Pro 512GB,512GB,海峡通信,185000,214800,-29800,ALERT,-3500,-3500,ok,"前回比 -3,500円",https://www.mobile-ichiban.com/Prod/1/01/36
2026-07-23T12:26:01.816531+00:00,iPhone 17 Pro Max 256GB,256GB,海峡通信,200000,194800,5200,SELL,-4500,-4500,ok,売却目標に到達,https://www.mobile-ichiban.com/Prod/1/01/37
2026-07-23T12:26:01.816531+00:00,iPhone 17 Pro Max 512GB,512GB,海峡通信,200000,229800,-29800,ALERT,-4500,-4500,ok,"前回比 -4,500円",https://www.mobile-ichiban.com/Prod/1/01/37
2026-07-23T15:11:52.403135+00:00,iPhone 17 Pro 256GB,256GB,海峡通信,185000,179800,5200,SELL,0,-3500,ok,売却目標に到達,https://www.mobile-ichiban.com/Prod/1/01/36
2026-07-23T15:11:52.403135+00:00,iPhone 17 Pro 512GB,512GB,海峡通信,185000,214800,-29800,WAIT,0,-3500,ok,損益が監視ライン以下,https://www.mobile-ichiban.com/Prod/1/01/36
2026-07-23T15:11:52.403135+00:00,iPhone 17 Pro Max 256GB,256GB,海峡通信,200000,194800,5200,SELL,0,-4500,ok,売却目標に到達,https://www.mobile-ichiban.com/Prod/1/01/37
2026-07-23T15:11:52.403135+00:00,iPhone 17 Pro Max 512GB,512GB,海峡通信,200000,229800,-29800,WAIT,0,-4500,ok,損益が監視ライン以下,https://www.mobile-ichiban.com/Prod/1/01/37
2026-07-23T17:26:48.605633+00:00,iPhone 17 Pro 256GB,256GB,海峡通信,185000,179800,5200,SELL,0,-3500,ok,売却目標に到達,https://www.mobile-ichiban.com/Prod/1/01/36
2026-07-23T17:26:48.605633+00:00,iPhone 17 Pro 512GB,512GB,海峡通信,185000,214800,-29800,WAIT,0,-3500,ok,損益が監視ライン以下,https://www.mobile-ichiban.com/Prod/1/01/36
2026-07-23T17:26:48.605633+00:00,iPhone 17 Pro Max 256GB,256GB,海峡通信,200000,194800,5200,SELL,0,-4500,ok,売却目標に到達,https://www.mobile-ichiban.com/Prod/1/01/37
2026-07-23T17:26:48.605633+00:00,iPhone 17 Pro Max 512GB,512GB,海峡通信,200000,229800,-29800,WAIT,0,-4500,ok,損益が監視ライン以下,https://www.mobile-ichiban.com/Prod/1/01/37
2026-07-23T19:23:54.985938+00:00,iPhone 17 Pro 256GB,256GB,海峡通信,,179800,,ALERT,,,failed,"海峡通信の取得に失敗: 3回リトライ後も取得失敗: HTTPSConnectionPool(host='www.mobile-ichiban.com', port=443): Max retries exceeded with url: /Prod/1/01/36 (Caused by ConnectTimeoutError(<HTTPSConnection(host='www.mobile-ichiban.com', port=443) at 0x7f5aecd95340>, 'Connection to www.mobile-ichiban.com timed out. (connect timeout=20)'))",https://www.mobile-ichiban.com/Prod/1/01/36
2026-07-23T19:23:54.985938+00:00,iPhone 17 Pro 512GB,512GB,海峡通信,,214800,,ALERT,,,failed,"海峡通信の取得に失敗: 3回リトライ後も取得失敗: HTTPSConnectionPool(host='www.mobile-ichiban.com', port=443): Max retries exceeded with url: /Prod/1/01/36 (Caused by ConnectTimeoutError(<HTTPSConnection(host='www.mobile-ichiban.com', port=443) at 0x7f5aecd95340>, 'Connection to www.mobile-ichiban.com timed out. (connect timeout=20)'))",https://www.mobile-ichiban.com/Prod/1/01/36
2026-07-23T19:23:54.985938+00:00,iPhone 17 Pro Max 256GB,256GB,海峡通信,,194800,,ALERT,,,failed,"海峡通信の取得に失敗: 3回リトライ後も取得失敗: HTTPSConnectionPool(host='www.mobile-ichiban.com', port=443): Max retries exceeded with url: /Prod/1/01/37 (Caused by ConnectTimeoutError(<HTTPSConnection(host='www.mobile-ichiban.com', port=443) at 0x7f5aec677290>, 'Connection to www.mobile-ichiban.com timed out. (connect timeout=20)'))",https://www.mobile-ichiban.com/Prod/1/01/37
2026-07-23T19:23:54.985938+00:00,iPhone 17 Pro Max 512GB,512GB,海峡通信,,229800,,ALERT,,,failed,"海峡通信の取得に失敗: 3回リトライ後も取得失敗: HTTPSConnectionPool(host='www.mobile-ichiban.com', port=443): Max retries exceeded with url: /Prod/1/01/37 (Caused by ConnectTimeoutError(<HTTPSConnection(host='www.mobile-ichiban.com', port=443) at 0x7f5aec677290>, 'Connection to www.mobile-ichiban.com timed out. (connect timeout=20)'))",https://www.mobile-ichiban.com/Prod/1/01/37
2026-07-23T21:08:35.705881+00:00,iPhone 17 Pro 256GB,256GB,海峡通信,185000,179800,5200,SELL,0,-3500,ok,売却目標に到達,https://www.mobile-ichiban.com/Prod/1/01/36
2026-07-23T21:08:35.705881+00:00,iPhone 17 Pro 512GB,512GB,海峡通信,185000,214800,-29800,WAIT,0,-3500,ok,損益が監視ライン以下,https://www.mobile-ichiban.com/Prod/1/01/36
2026-07-23T21:08:35.705881+00:00,iPhone 17 Pro Max 256GB,256GB,海峡通信,200000,194800,5200,SELL,0,-4500,ok,売却目標に到達,https://www.mobile-ichiban.com/Prod/1/01/37
2026-07-23T21:08:35.705881+00:00,iPhone 17 Pro Max 512GB,512GB,海峡通信,200000,229800,-29800,WAIT,0,-4500,ok,損益が監視ライン以下,https://www.mobile-ichiban.com/Prod/1/01/37
2026-07-23T23:00:16.195161+00:00,iPhone 17 Pro 256GB,256GB,海峡通信,185000,179800,5200,SELL,0,-3500,ok,売却目標に到達,https://www.mobile-ichiban.com/Prod/1/01/36
2026-07-23T23:00:16.195161+00:00,iPhone 17 Pro 512GB,512GB,海峡通信,185000,214800,-29800,WAIT,0,-3500,ok,損益が監視ライン以下,https://www.mobile-ichiban.com/Prod/1/01/36
2026-07-23T23:00:16.195161+00:00,iPhone 17 Pro Max 256GB,256GB,海峡通信,200000,194800,5200,SELL,0,-4500,ok,売却目標に到達,https://www.mobile-ichiban.com/Prod/1/01/37
2026-07-23T23:00:16.195161+00:00,iPhone 17 Pro Max 512GB,512GB,海峡通信,200000,229800,-29800,WAIT,0,-4500,ok,損益が監視ライン以下,https://www.mobile-ichiban.com/Prod/1/01/37
2026-07-24T03:13:05.038078+00:00,iPhone 17 Pro 256GB,256GB,海峡通信,185000,179800,5200,SELL,0,,ok,売却目標に到達,https://www.mobile-ichiban.com/Prod/1/01/36
2026-07-24T03:13:05.038078+00:00,iPhone 17 Pro 512GB,512GB,海峡通信,218000,214800,3200,SELL,33000,,ok,売却目標に到達,https://www.mobile-ichiban.com/Prod/1/01/36
2026-07-24T03:13:05.038078+00:00,iPhone 17 Pro Max 256GB,256GB,海峡通信,200000,194800,5200,SELL,0,,ok,売却目標に到達,https://www.mobile-ichiban.com/Prod/1/01/37
2026-07-24T03:13:05.038078+00:00,iPhone 17 Pro Max 512GB,512GB,海峡通信,236000,229800,6200,SELL,36000,,ok,売却目標に到達,https://www.mobile-ichiban.com/Prod/1/01/37
2026-07-24T06:29:18.446945+00:00,iPhone 17 Pro 256GB,256GB,海峡通信,185000,179800,5200,SELL,0,,ok,売却目標に到達,https://www.mobile-ichiban.com/Prod/1/01/36
2026-07-24T06:29:18.446945+00:00,iPhone 17 Pro 512GB,512GB,海峡通信,218000,214800,3200,SELL,0,,ok,売却目標に到達,https://www.mobile-ichiban.com/Prod/1/01/36
2026-07-24T06:29:18.446945+00:00,iPhone 17 Pro Max 256GB,256GB,海峡通信,200000,194800,5200,SELL,0,,ok,売却目標に到達,https://www.mobile-ichiban.com/Prod/1/01/37
2026-07-24T06:29:18.446945+00:00,iPhone 17 Pro Max 512GB,512GB,海峡通信,235000,229800,5200,SELL,-1000,,ok,売却目標に到達,https://www.mobile-ichiban.com/Prod/1/01/37
2026-07-24T09:23:29.972073+00:00,iPhone 17 Pro 256GB,256GB,海峡通信,183000,179800,3200,SELL,-2000,,ok,売却目標に到達,https://www.mobile-ichiban.com/Prod/1/01/36
2026-07-24T09:23:29.972073+00:00,iPhone 17 Pro 512GB,512GB,海峡通信,216000,214800,1200,SELL,-2000,,ok,売却目標に到達,https://www.mobile-ichiban.com/Prod/1/01/36
2026-07-24T09:23:29.972073+00:00,iPhone 17 Pro Max 256GB,256GB,海峡通信,198000,194800,3200,SELL,-2000,,ok,売却目標に到達,https://www.mobile-ichiban.com/Prod/1/01/37
2026-07-24T09:23:29.972073+00:00,iPhone 17 Pro Max 512GB,512GB,海峡通信,233000,229800,3200,SELL,-2000,,ok,売却目標に到達,https://www.mobile-ichiban.com/Prod/1/01/37
2026-07-24T11:44:19.157007+00:00,iPhone 17 Pro 256GB,256GB,海峡通信,183000,179800,3200,SELL,0,-2000,ok,売却目標に到達,https://www.mobile-ichiban.com/Prod/1/01/36
2026-07-24T11:44:19.157007+00:00,iPhone 17 Pro 512GB,512GB,海峡通信,183000,214800,-31800,ALERT,-33000,-2000,ok,"前回比 -33,000円",https://www.mobile-ichiban.com/Prod/1/01/36
2026-07-24T11:44:19.157007+00:00,iPhone 17 Pro Max 256GB,256GB,海峡通信,198000,194800,3200,SELL,0,-2000,ok,売却目標に到達,https://www.mobile-ichiban.com/Prod/1/01/37
2026-07-24T11:44:19.157007+00:00,iPhone 17 Pro Max 512GB,512GB,海峡通信,198000,229800,-31800,ALERT,-35000,-2000,ok,"前回比 -35,000円",https://www.mobile-ichiban.com/Prod/1/01/37
2026-07-24T13:53:00.726551+00:00,iPhone 17 Pro 256GB,256GB,海峡通信,183000,179800,3200,SELL,0,-2000,ok,売却目標に到達,https://www.mobile-ichiban.com/Prod/1/01/36
2026-07-24T13:53:00.726551+00:00,iPhone 17 Pro 512GB,512GB,海峡通信,183000,214800,-31800,WAIT,0,-2000,ok,損益が監視ライン以下,https://www.mobile-ichiban.com/Prod/1/01/36
2026-07-24T13:53:00.726551+00:00,iPhone 17 Pro Max 256GB,256GB,海峡通信,198000,194800,3200,SELL,0,-2000,ok,売却目標に到達,https://www.mobile-ichiban.com/Prod/1/01/37
2026-07-24T13:53:00.726551+00:00,iPhone 17 Pro Max 512GB,512GB,海峡通信,198000,229800,-31800,WAIT,0,-2000,ok,損益が監視ライン以下,https://www.mobile-ichiban.com/Prod/1/01/37
2026-07-24T15:27:30.518593+00:00,iPhone 17 Pro 256GB,256GB,海峡通信,,179800,,ALERT,,,failed,"海峡通信の取得に失敗: 3回リトライ後も取得失敗: HTTPSConnectionPool(host='www.mobile-ichiban.com', port=443): Max retries exceeded with url: /Prod/1/01/36 (Caused by ConnectTimeoutError(<HTTPSConnection(host='www.mobile-ichiban.com', port=443) at 0x7fd335a1c590>, 'Connection to www.mobile-ichiban.com timed out. (connect timeout=20)'))",https://www.mobile-ichiban.com/Prod/1/01/36
2026-07-24T15:27:30.518593+00:00,iPhone 17 Pro 512GB,512GB,海峡通信,,214800,,ALERT,,,failed,"海峡通信の取得に失敗: 3回リトライ後も取得失敗: HTTPSConnectionPool(host='www.mobile-ichiban.com', port=443): Max retries exceeded with url: /Prod/1/01/36 (Caused by ConnectTimeoutError(<HTTPSConnection(host='www.mobile-ichiban.com', port=443) at 0x7fd335a1c590>, 'Connection to www.mobile-ichiban.com timed out. (connect timeout=20)'))",https://www.mobile-ichiban.com/Prod/1/01/36
2026-07-24T15:27:30.518593+00:00,iPhone 17 Pro Max 256GB,256GB,海峡通信,,194800,,ALERT,,,failed,"海峡通信の取得に失敗: 3回リトライ後も取得失敗: HTTPSConnectionPool(host='www.mobile-ichiban.com', port=443): Max retries exceeded with url: /Prod/1/01/37 (Caused by ConnectTimeoutError(<HTTPSConnection(host='www.mobile-ichiban.com', port=443) at 0x7fd335a1f470>, 'Connection to www.mobile-ichiban.com timed out. (connect timeout=20)'))",https://www.mobile-ichiban.com/Prod/1/01/37
2026-07-24T15:27:30.518593+00:00,iPhone 17 Pro Max 512GB,512GB,海峡通信,,229800,,ALERT,,,failed,"海峡通信の取得に失敗: 3回リトライ後も取得失敗: HTTPSConnectionPool(host='www.mobile-ichiban.com', port=443): Max retries exceeded with url: /Prod/1/01/37 (Caused by ConnectTimeoutError(<HTTPSConnection(host='www.mobile-ichiban.com', port=443) at 0x7fd335a1f470>, 'Connection to www.mobile-ichiban.com timed out. (connect timeout=20)'))",https://www.mobile-ichiban.com/Prod/1/01/37
2026-07-24T17:40:43.250152+00:00,iPhone 17 Pro 256GB,256GB,海峡通信,183000,179800,3200,SELL,0,-2000,ok,売却目標に到達,https://www.mobile-ichiban.com/Prod/1/01/36
2026-07-24T17:40:43.250152+00:00,iPhone 17 Pro 512GB,512GB,海峡通信,183000,214800,-31800,WAIT,0,-2000,ok,損益が監視ライン以下,https://www.mobile-ichiban.com/Prod/1/01/36
2026-07-24T17:40:43.250152+00:00,iPhone 17 Pro Max 256GB,256GB,海峡通信,198000,194800,3200,SELL,0,-2000,ok,売却目標に到達,https://www.mobile-ichiban.com/Prod/1/01/37
2026-07-24T17:40:43.250152+00:00,iPhone 17 Pro Max 512GB,512GB,海峡通信,198000,229800,-31800,WAIT,0,-2000,ok,損益が監視ライン以下,https://www.mobile-ichiban.com/Prod/1/01/37
2026-07-24T19:35:01.810676+00:00,iPhone 17 Pro 256GB,256GB,海峡通信,183000,179800,3200,SELL,0,-2000,ok,売却目標に到達,https://www.mobile-ichiban.com/Prod/1/01/36
2026-07-24T19:35:01.810676+00:00,iPhone 17 Pro 512GB,512GB,海峡通信,183000,214800,-31800,WAIT,0,-2000,ok,損益が監視ライン以下,https://www.mobile-ichiban.com/Prod/1/01/36
2026-07-24T19:35:01.810676+00:00,iPhone 17 Pro Max 256GB,256GB,海峡通信,198000,194800,3200,SELL,0,-2000,ok,売却目標に到達,https://www.mobile-ichiban.com/Prod/1/01/37
2026-07-24T19:35:01.810676+00:00,iPhone 17 Pro Max 512GB,512GB,海峡通信,198000,229800,-31800,WAIT,0,-2000,ok,損益が監視ライン以下,https://www.mobile-ichiban.com/Prod/1/01/37
2026-07-24T21:07:56.242723+00:00,iPhone 17 Pro 256GB,256GB,海峡通信,183000,179800,3200,SELL,0,-2000,ok,売却目標に到達,https://www.mobile-ichiban.com/Prod/1/01/36
2026-07-24T21:07:56.242723+00:00,iPhone 17 Pro 512GB,512GB,海峡通信,183000,214800,-31800,WAIT,0,-2000,ok,損益が監視ライン以下,https://www.mobile-ichiban.com/Prod/1/01/36
2026-07-24T21:07:56.242723+00:00,iPhone 17 Pro Max 256GB,256GB,海峡通信,198000,194800,3200,SELL,0,-2000,ok,売却目標に到達,https://www.mobile-ichiban.com/Prod/1/01/37
2026-07-24T21:07:56.242723+00:00,iPhone 17 Pro Max 512GB,512GB,海峡通信,198000,229800,-31800,WAIT,0,-2000,ok,損益が監視ライン以下,https://www.mobile-ichiban.com/Prod/1/01/37
2026-07-24T23:04:33.256237+00:00,iPhone 17 Pro 256GB,256GB,海峡通信,,179800,,ALERT,,,failed,"海峡通信の取得に失敗: 3回リトライ後も取得失敗: HTTPSConnectionPool(host='www.mobile-ichiban.com', port=443): Max retries exceeded with url: /Prod/1/01/36 (Caused by ConnectTimeoutError(<HTTPSConnection(host='www.mobile-ichiban.com', port=443) at 0x7ff781346cf0>, 'Connection to www.mobile-ichiban.com timed out. (connect timeout=20)'))",https://www.mobile-ichiban.com/Prod/1/01/36
2026-07-24T23:04:33.256237+00:00,iPhone 17 Pro 512GB,512GB,海峡通信,,214800,,ALERT,,,failed,"海峡通信の取得に失敗: 3回リトライ後も取得失敗: HTTPSConnectionPool(host='www.mobile-ichiban.com', port=443): Max retries exceeded with url: /Prod/1/01/36 (Caused by ConnectTimeoutError(<HTTPSConnection(host='www.mobile-ichiban.com', port=443) at 0x7ff781346cf0>, 'Connection to www.mobile-ichiban.com timed out. (connect timeout=20)'))",https://www.mobile-ichiban.com/Prod/1/01/36
2026-07-24T23:04:33.256237+00:00,iPhone 17 Pro Max 256GB,256GB,海峡通信,,194800,,ALERT,,,failed,"海峡通信の取得に失敗: 3回リトライ後も取得失敗: HTTPSConnectionPool(host='www.mobile-ichiban.com', port=443): Max retries exceeded with url: /Prod/1/01/37 (Caused by ConnectTimeoutError(<HTTPSConnection(host='www.mobile-ichiban.com', port=443) at 0x7ff78127eed0>, 'Connection to www.mobile-ichiban.com timed out. (connect timeout=20)'))",https://www.mobile-ichiban.com/Prod/1/01/37
2026-07-24T23:04:33.256237+00:00,iPhone 17 Pro Max 512GB,512GB,海峡通信,,229800,,ALERT,,,failed,"海峡通信の取得に失敗: 3回リトライ後も取得失敗: HTTPSConnectionPool(host='www.mobile-ichiban.com', port=443): Max retries exceeded with url: /Prod/1/01/37 (Caused by ConnectTimeoutError(<HTTPSConnection(host='www.mobile-ichiban.com', port=443) at 0x7ff78127eed0>, 'Connection to www.mobile-ichiban.com timed out. (connect timeout=20)'))",https://www.mobile-ichiban.com/Prod/1/01/37
2026-07-25T02:57:40.779070+00:00,iPhone 17 Pro 256GB,256GB,海峡通信,,179800,,ALERT,,,failed,"海峡通信の取得に失敗: 3回リトライ後も取得失敗: HTTPSConnectionPool(host='www.mobile-ichiban.com', port=443): Max retries exceeded with url: /Prod/1/01/36 (Caused by ConnectTimeoutError(<HTTPSConnection(host='www.mobile-ichiban.com', port=443) at 0x7f5833a83980>, 'Connection to www.mobile-ichiban.com timed out. (connect timeout=20)'))",https://www.mobile-ichiban.com/Prod/1/01/36
2026-07-25T02:57:40.779070+00:00,iPhone 17 Pro 512GB,512GB,海峡通信,,214800,,ALERT,,,failed,"海峡通信の取得に失敗: 3回リトライ後も取得失敗: HTTPSConnectionPool(host='www.mobile-ichiban.com', port=443): Max retries exceeded with url: /Prod/1/01/36 (Caused by ConnectTimeoutError(<HTTPSConnection(host='www.mobile-ichiban.com', port=443) at 0x7f5833a83980>, 'Connection to www.mobile-ichiban.com timed out. (connect timeout=20)'))",https://www.mobile-ichiban.com/Prod/1/01/36
2026-07-25T02:57:40.779070+00:00,iPhone 17 Pro Max 256GB,256GB,海峡通信,,194800,,ALERT,,,failed,"海峡通信の取得に失敗: 3回リトライ後も取得失敗: HTTPSConnectionPool(host='www.mobile-ichiban.com', port=443): Max retries exceeded with url: /Prod/1/01/37 (Caused by ConnectTimeoutError(<HTTPSConnection(host='www.mobile-ichiban.com', port=443) at 0x7f583374f380>, 'Connection to www.mobile-ichiban.com timed out. (connect timeout=20)'))",https://www.mobile-ichiban.com/Prod/1/01/37
2026-07-25T02:57:40.779070+00:00,iPhone 17 Pro Max 512GB,512GB,海峡通信,,229800,,ALERT,,,failed,"海峡通信の取得に失敗: 3回リトライ後も取得失敗: HTTPSConnectionPool(host='www.mobile-ichiban.com', port=443): Max retries exceeded with url: /Prod/1/01/37 (Caused by ConnectTimeoutError(<HTTPSConnection(host='www.mobile-ichiban.com', port=443) at 0x7f583374f380>, 'Connection to www.mobile-ichiban.com timed out. (connect timeout=20)'))",https://www.mobile-ichiban.com/Prod/1/01/37
2026-07-25T05:48:40.519914+00:00,iPhone 17 Pro 256GB,256GB,海峡通信,183000,179800,3200,SELL,0,-2000,ok,売却目標に到達,https://www.mobile-ichiban.com/Prod/1/01/36
2026-07-25T05:48:40.519914+00:00,iPhone 17 Pro 512GB,512GB,海峡通信,216000,214800,1200,SELL,33000,-2000,ok,売却目標に到達,https://www.mobile-ichiban.com/Prod/1/01/36
2026-07-25T05:48:40.519914+00:00,iPhone 17 Pro Max 256GB,256GB,海峡通信,198000,194800,3200,SELL,0,-2000,ok,売却目標に到達,https://www.mobile-ichiban.com/Prod/1/01/37
2026-07-25T05:48:40.519914+00:00,iPhone 17 Pro Max 512GB,512GB,海峡通信,233000,229800,3200,SELL,35000,-2000,ok,売却目標に到達,https://www.mobile-ichiban.com/Prod/1/01/37
2026-07-25T08:12:07.477864+00:00,iPhone 17 Pro 256GB,256GB,海峡通信,183000,179800,3200,SELL,0,0,ok,売却目標に到達,https://www.mobile-ichiban.com/Prod/1/01/36
2026-07-25T08:12:07.477864+00:00,iPhone 17 Pro 512GB,512GB,海峡通信,216000,214800,1200,SELL,0,0,ok,売却目標に到達,https://www.mobile-ichiban.com/Prod/1/01/36
2026-07-25T08:12:07.477864+00:00,iPhone 17 Pro Max 256GB,256GB,海峡通信,198000,194800,3200,SELL,0,0,ok,売却目標に到達,https://www.mobile-ichiban.com/Prod/1/01/37
2026-07-25T08:12:07.477864+00:00,iPhone 17 Pro Max 512GB,512GB,海峡通信,233000,229800,3200,SELL,0,0,ok,売却目標に到達,https://www.mobile-ichiban.com/Prod/1/01/37
2026-07-25T10:36:53.714257+00:00,iPhone 17 Pro 256GB,256GB,海峡通信,183000,179800,3200,SELL,0,0,ok,売却目標に到達,https://www.mobile-ichiban.com/Prod/1/01/36
2026-07-25T10:36:53.714257+00:00,iPhone 17 Pro 512GB,512GB,海峡通信,183000,214800,-31800,ALERT,-33000,0,ok,"前回比 -33,000円",https://www.mobile-ichiban.com/Prod/1/01/36
2026-07-25T10:36:53.714257+00:00,iPhone 17 Pro Max 256GB,256GB,海峡通信,198000,194800,3200,SELL,0,0,ok,売却目標に到達,https://www.mobile-ichiban.com/Prod/1/01/37
2026-07-25T10:36:53.714257+00:00,iPhone 17 Pro Max 512GB,512GB,海峡通信,198000,229800,-31800,ALERT,-35000,0,ok,"前回比 -35,000円",https://www.mobile-ichiban.com/Prod/1/01/37
2026-07-25T12:04:24.258999+00:00,iPhone 17 Pro 256GB,256GB,海峡通信,183000,179800,3200,SELL,0,0,ok,売却目標に到達,https://www.mobile-ichiban.com/Prod/1/01/36
2026-07-25T12:04:24.258999+00:00,iPhone 17 Pro 512GB,512GB,海峡通信,183000,214800,-31800,WAIT,0,0,ok,損益が監視ライン以下,https://www.mobile-ichiban.com/Prod/1/01/36
2026-07-25T12:04:24.258999+00:00,iPhone 17 Pro Max 256GB,256GB,海峡通信,198000,194800,3200,SELL,0,0,ok,売却目標に到達,https://www.mobile-ichiban.com/Prod/1/01/37
2026-07-25T12:04:24.258999+00:00,iPhone 17 Pro Max 512GB,512GB,海峡通信,198000,229800,-31800,WAIT,0,0,ok,損益が監視ライン以下,https://www.mobile-ichiban.com/Prod/1/01/37
2026-07-25T14:39:01.872866+00:00,iPhone 17 Pro 256GB,256GB,海峡通信,183000,179800,3200,SELL,0,0,ok,売却目標に到達,https://www.mobile-ichiban.com/Prod/1/01/36
2026-07-25T14:39:01.872866+00:00,iPhone 17 Pro 512GB,512GB,海峡通信,183000,214800,-31800,WAIT,0,0,ok,損益が監視ライン以下,https://www.mobile-ichiban.com/Prod/1/01/36
2026-07-25T14:39:01.872866+00:00,iPhone 17 Pro Max 256GB,256GB,海峡通信,198000,194800,3200,SELL,0,0,ok,売却目標に到達,https://www.mobile-ichiban.com/Prod/1/01/37
2026-07-25T14:39:01.872866+00:00,iPhone 17 Pro Max 512GB,512GB,海峡通信,198000,229800,-31800,WAIT,0,0,ok,損益が監視ライン以下,https://www.mobile-ichiban.com/Prod/1/01/37
2026-07-25T16:06:57.821036+00:00,iPhone 17 Pro 256GB,256GB,海峡通信,183000,179800,3200,SELL,0,0,ok,売却目標に到達,https://www.mobile-ichiban.com/Prod/1/01/36
2026-07-25T16:06:57.821036+00:00,iPhone 17 Pro 512GB,512GB,海峡通信,183000,214800,-31800,WAIT,0,0,ok,損益が監視ライン以下,https://www.mobile-ichiban.com/Prod/1/01/36
2026-07-25T16:06:57.821036+00:00,iPhone 17 Pro Max 256GB,256GB,海峡通信,198000,194800,3200,SELL,0,0,ok,売却目標に到達,https://www.mobile-ichiban.com/Prod/1/01/37
2026-07-25T16:06:57.821036+00:00,iPhone 17 Pro Max 512GB,512GB,海峡通信,198000,229800,-31800,WAIT,0,0,ok,損益が監視ライン以下,https://www.mobile-ichiban.com/Prod/1/01/37
2026-07-25T18:00:00.836594+00:00,iPhone 17 Pro 256GB,256GB,海峡通信,183000,179800,3200,SELL,0,0,ok,売却目標に到達,https://www.mobile-ichiban.com/Prod/1/01/36
2026-07-25T18:00:00.836594+00:00,iPhone 17 Pro 512GB,512GB,海峡通信,183000,214800,-31800,WAIT,0,0,ok,損益が監視ライン以下,https://www.mobile-ichiban.com/Prod/1/01/36
2026-07-25T18:00:00.836594+00:00,iPhone 17 Pro Max 256GB,256GB,海峡通信,198000,194800,3200,SELL,0,0,ok,売却目標に到達,https://www.mobile-ichiban.com/Prod/1/01/37
2026-07-25T18:00:00.836594+00:00,iPhone 17 Pro Max 512GB,512GB,海峡通信,198000,229800,-31800,WAIT,0,0,ok,損益が監視ライン以下,https://www.mobile-ichiban.com/Prod/1/01/37
2026-07-25T19:22:12.906486+00:00,iPhone 17 Pro 256GB,256GB,海峡通信,183000,179800,3200,SELL,0,0,ok,売却目標に到達,https://www.mobile-ichiban.com/Prod/1/01/36
2026-07-25T19:22:12.906486+00:00,iPhone 17 Pro 512GB,512GB,海峡通信,183000,214800,-31800,WAIT,0,0,ok,損益が監視ライン以下,https://www.mobile-ichiban.com/Prod/1/01/36
2026-07-25T19:22:12.906486+00:00,iPhone 17 Pro Max 256GB,256GB,海峡通信,198000,194800,3200,SELL,0,0,ok,売却目標に到達,https://www.mobile-ichiban.com/Prod/1/01/37
2026-07-25T19:22:12.906486+00:00,iPhone 17 Pro Max 512GB,512GB,海峡通信,198000,229800,-31800,WAIT,0,0,ok,損益が監視ライン以下,https://www.mobile-ichiban.com/Prod/1/01/37
2026-07-25T20:57:13.423780+00:00,iPhone 17 Pro 256GB,256GB,海峡通信,183000,179800,3200,SELL,0,0,ok,売却目標に到達,https://www.mobile-ichiban.com/Prod/1/01/36
2026-07-25T20:57:13.423780+00:00,iPhone 17 Pro 512GB,512GB,海峡通信,183000,214800,-31800,WAIT,0,0,ok,損益が監視ライン以下,https://www.mobile-ichiban.com/Prod/1/01/36
2026-07-25T20:57:13.423780+00:00,iPhone 17 Pro Max 256GB,256GB,海峡通信,198000,194800,3200,SELL,0,0,ok,売却目標に到達,https://www.mobile-ichiban.com/Prod/1/01/37
2026-07-25T20:57:13.423780+00:00,iPhone 17 Pro Max 512GB,512GB,海峡通信,198000,229800,-31800,WAIT,0,0,ok,損益が監視ライン以下,https://www.mobile-ichiban.com/Prod/1/01/37
2026-07-25T22:01:33.980034+00:00,iPhone 17 Pro 256GB,256GB,海峡通信,,179800,,ALERT,,,failed,"海峡通信の取得に失敗: 3回リトライ後も取得失敗: HTTPSConnectionPool(host='www.mobile-ichiban.com', port=443): Max retries exceeded with url: /Prod/1/01/36 (Caused by ConnectTimeoutError(<HTTPSConnection(host='www.mobile-ichiban.com', port=443) at 0x7f0a47a1c2f0>, 'Connection to www.mobile-ichiban.com timed out. (connect timeout=20)'))",https://www.mobile-ichiban.com/Prod/1/01/36
2026-07-25T22:01:33.980034+00:00,iPhone 17 Pro 512GB,512GB,海峡通信,,214800,,ALERT,,,failed,"海峡通信の取得に失敗: 3回リトライ後も取得失敗: HTTPSConnectionPool(host='www.mobile-ichiban.com', port=443): Max retries exceeded with url: /Prod/1/01/36 (Caused by ConnectTimeoutError(<HTTPSConnection(host='www.mobile-ichiban.com', port=443) at 0x7f0a47a1c2f0>, 'Connection to www.mobile-ichiban.com timed out. (connect timeout=20)'))",https://www.mobile-ichiban.com/Prod/1/01/36
2026-07-25T22:01:33.980034+00:00,iPhone 17 Pro Max 256GB,256GB,海峡通信,,194800,,ALERT,,,failed,"海峡通信の取得に失敗: 3回リトライ後も取得失敗: HTTPSConnectionPool(host='www.mobile-ichiban.com', port=443): Max retries exceeded with url: /Prod/1/01/37 (Caused by ConnectTimeoutError(<HTTPSConnection(host='www.mobile-ichiban.com', port=443) at 0x7f0a47a1ef90>, 'Connection to www.mobile-ichiban.com timed out. (connect timeout=20)'))",https://www.mobile-ichiban.com/Prod/1/01/37
2026-07-25T22:01:33.980034+00:00,iPhone 17 Pro Max 512GB,512GB,海峡通信,,229800,,ALERT,,,failed,"海峡通信の取得に失敗: 3回リトライ後も取得失敗: HTTPSConnectionPool(host='www.mobile-ichiban.com', port=443): Max retries exceeded with url: /Prod/1/01/37 (Caused by ConnectTimeoutError(<HTTPSConnection(host='www.mobile-ichiban.com', port=443) at 0x7f0a47a1ef90>, 'Connection to www.mobile-ichiban.com timed out. (connect timeout=20)'))",https://www.mobile-ichiban.com/Prod/1/01/37
2026-07-26T00:02:45.727485+00:00,iPhone 17 Pro 256GB,256GB,海峡通信,183000,179800,3200,SELL,0,0,ok,売却目標に到達,https://www.mobile-ichiban.com/Prod/1/01/36
2026-07-26T00:02:45.727485+00:00,iPhone 17 Pro 512GB,512GB,海峡通信,183000,214800,-31800,WAIT,0,0,ok,損益が監視ライン以下,https://www.mobile-ichiban.com/Prod/1/01/36
2026-07-26T00:02:45.727485+00:00,iPhone 17 Pro Max 256GB,256GB,海峡通信,198000,194800,3200,SELL,0,0,ok,売却目標に到達,https://www.mobile-ichiban.com/Prod/1/01/37
2026-07-26T00:02:45.727485+00:00,iPhone 17 Pro Max 512GB,512GB,海峡通信,198000,229800,-31800,WAIT,0,0,ok,損益が監視ライン以下,https://www.mobile-ichiban.com/Prod/1/01/37
2026-07-26T04:29:04.092836+00:00,iPhone 17 Pro 256GB,256GB,海峡通信,183000,179800,3200,SELL,0,0,ok,売却目標に到達,https://www.mobile-ichiban.com/Prod/1/01/36
2026-07-26T04:29:04.092836+00:00,iPhone 17 Pro 512GB,512GB,海峡通信,216000,214800,1200,SELL,33000,0,ok,売却目標に到達,https://www.mobile-ichiban.com/Prod/1/01/36
2026-07-26T04:29:04.092836+00:00,iPhone 17 Pro Max 256GB,256GB,海峡通信,197000,194800,2200,SELL,-1000,-1000,ok,売却目標に到達,https://www.mobile-ichiban.com/Prod/1/01/37
2026-07-26T04:29:04.092836+00:00,iPhone 17 Pro Max 512GB,512GB,海峡通信,233000,229800,3200,SELL,35000,0,ok,売却目標に到達,https://www.mobile-ichiban.com/Prod/1/01/37
2026-07-26T07:37:32.887334+00:00,iPhone 17 Pro 256GB,256GB,海峡通信,183000,179800,3200,SELL,0,0,ok,売却目標に到達,https://www.mobile-ichiban.com/Prod/1/01/36
2026-07-26T07:37:32.887334+00:00,iPhone 17 Pro 512GB,512GB,海峡通信,216000,214800,1200,SELL,0,0,ok,売却目標に到達,https://www.mobile-ichiban.com/Prod/1/01/36
2026-07-26T07:37:32.887334+00:00,iPhone 17 Pro Max 256GB,256GB,海峡通信,197000,194800,2200,SELL,0,-1000,ok,売却目標に到達,https://www.mobile-ichiban.com/Prod/1/01/37
2026-07-26T07:37:32.887334+00:00,iPhone 17 Pro Max 512GB,512GB,海峡通信,233000,229800,3200,SELL,0,0,ok,売却目標に到達,https://www.mobile-ichiban.com/Prod/1/01/37
2026-07-26T10:04:12.513952+00:00,iPhone 17 Pro 256GB,256GB,海峡通信,183000,179800,3200,SELL,0,0,ok,売却目標に到達,https://www.mobile-ichiban.com/Prod/1/01/36
2026-07-26T10:04:12.513952+00:00,iPhone 17 Pro 512GB,512GB,海峡通信,183000,214800,-31800,ALERT,-33000,0,ok,"前回比 -33,000円",https://www.mobile-ichiban.com/Prod/1/01/36
2026-07-26T10:04:12.513952+00:00,iPhone 17 Pro Max 256GB,256GB,海峡通信,197000,194800,2200,SELL,0,-1000,ok,売却目標に到達,https://www.mobile-ichiban.com/Prod/1/01/37
2026-07-26T10:04:12.513952+00:00,iPhone 17 Pro Max 512GB,512GB,海峡通信,197000,229800,-32800,ALERT,-36000,-1000,ok,"前回比 -36,000円",https://www.mobile-ichiban.com/Prod/1/01/37
2026-07-26T12:06:54.480182+00:00,iPhone 17 Pro 256GB,256GB,海峡通信,183000,179800,3200,SELL,0,0,ok,売却目標に到達,https://www.mobile-ichiban.com/Prod/1/01/36
2026-07-26T12:06:54.480182+00:00,iPhone 17 Pro 512GB,512GB,海峡通信,183000,214800,-31800,WAIT,0,0,ok,損益が監視ライン以下,https://www.mobile-ichiban.com/Prod/1/01/36
2026-07-26T12:06:54.480182+00:00,iPhone 17 Pro Max 256GB,256GB,海峡通信,197000,194800,2200,SELL,0,-1000,ok,売却目標に到達,https://www.mobile-ichiban.com/Prod/1/01/37
2026-07-26T12:06:54.480182+00:00,iPhone 17 Pro Max 512GB,512GB,海峡通信,197000,229800,-32800,WAIT,0,-1000,ok,損益が監視ライン以下,https://www.mobile-ichiban.com/Prod/1/01/37
2026-07-26T14:38:52.215516+00:00,iPhone 17 Pro 256GB,256GB,海峡通信,183000,179800,3200,SELL,0,0,ok,売却目標に到達,https://www.mobile-ichiban.com/Prod/1/01/36
2026-07-26T14:38:52.215516+00:00,iPhone 17 Pro 512GB,512GB,海峡通信,183000,214800,-31800,WAIT,0,0,ok,損益が監視ライン以下,https://www.mobile-ichiban.com/Prod/1/01/36
2026-07-26T14:38:52.215516+00:00,iPhone 17 Pro Max 256GB,256GB,海峡通信,197000,194800,2200,SELL,0,-1000,ok,売却目標に到達,https://www.mobile-ichiban.com/Prod/1/01/37
2026-07-26T14:38:52.215516+00:00,iPhone 17 Pro Max 512GB,512GB,海峡通信,197000,229800,-32800,WAIT,0,-1000,ok,損益が監視ライン以下,https://www.mobile-ichiban.com/Prod/1/01/37
2026-07-26T16:04:22.526334+00:00,iPhone 17 Pro 256GB,256GB,海峡通信,183000,179800,3200,SELL,0,0,ok,売却目標に到達,https://www.mobile-ichiban.com/Prod/1/01/36
2026-07-26T16:04:22.526334+00:00,iPhone 17 Pro 512GB,512GB,海峡通信,183000,214800,-31800,WAIT,0,0,ok,損益が監視ライン以下,https://www.mobile-ichiban.com/Prod/1/01/36
2026-07-26T16:04:22.526334+00:00,iPhone 17 Pro Max 256GB,256GB,海峡通信,197000,194800,2200,SELL,0,-1000,ok,売却目標に到達,https://www.mobile-ichiban.com/Prod/1/01/37
2026-07-26T16:04:22.526334+00:00,iPhone 17 Pro Max 512GB,512GB,海峡通信,197000,229800,-32800,WAIT,0,-1000,ok,損益が監視ライン以下,https://www.mobile-ichiban.com/Prod/1/01/37
2026-07-26T18:03:14.253545+00:00,iPhone 17 Pro 256GB,256GB,海峡通信,183000,179800,3200,SELL,0,0,ok,売却目標に到達,https://www.mobile-ichiban.com/Prod/1/01/36
2026-07-26T18:03:14.253545+00:00,iPhone 17 Pro 512GB,512GB,海峡通信,183000,214800,-31800,WAIT,0,0,ok,損益が監視ライン以下,https://www.mobile-ichiban.com/Prod/1/01/36
2026-07-26T18:03:14.253545+00:00,iPhone 17 Pro Max 256GB,256GB,海峡通信,197000,194800,2200,SELL,0,-1000,ok,売却目標に到達,https://www.mobile-ichiban.com/Prod/1/01/37
2026-07-26T18:03:14.253545+00:00,iPhone 17 Pro Max 512GB,512GB,海峡通信,197000,229800,-32800,WAIT,0,-1000,ok,損益が監視ライン以下,https://www.mobile-ichiban.com/Prod/1/01/37
2026-07-26T20:12:20.384950+00:00,iPhone 17 Pro 256GB,256GB,海峡通信,183000,179800,3200,SELL,0,0,ok,売却目標に到達,https://www.mobile-ichiban.com/Prod/1/01/36
2026-07-26T20:12:20.384950+00:00,iPhone 17 Pro 512GB,512GB,海峡通信,183000,214800,-31800,WAIT,0,0,ok,損益が監視ライン以下,https://www.mobile-ichiban.com/Prod/1/01/36
2026-07-26T20:12:20.384950+00:00,iPhone 17 Pro Max 256GB,256GB,海峡通信,197000,194800,2200,SELL,0,-1000,ok,売却目標に到達,https://www.mobile-ichiban.com/Prod/1/01/37
2026-07-26T20:12:20.384950+00:00,iPhone 17 Pro Max 512GB,512GB,海峡通信,197000,229800,-32800,WAIT,0,-1000,ok,損益が監視ライン以下,https://www.mobile-ichiban.com/Prod/1/01/37
2026-07-26T22:01:48.006253+00:00,iPhone 17 Pro 256GB,256GB,海峡通信,,179800,,ALERT,,,failed,"海峡通信の取得に失敗: 3回リトライ後も取得失敗: HTTPSConnectionPool(host='www.mobile-ichiban.com', port=443): Max retries exceeded with url: /Prod/1/01/36 (Caused by ConnectTimeoutError(<HTTPSConnection(host='www.mobile-ichiban.com', port=443) at 0x7fd8b53a8bc0>, 'Connection to www.mobile-ichiban.com timed out. (connect timeout=20)'))",https://www.mobile-ichiban.com/Prod/1/01/36
2026-07-26T22:01:48.006253+00:00,iPhone 17 Pro 512GB,512GB,海峡通信,,214800,,ALERT,,,failed,"海峡通信の取得に失敗: 3回リトライ後も取得失敗: HTTPSConnectionPool(host='www.mobile-ichiban.com', port=443): Max retries exceeded with url: /Prod/1/01/36 (Caused by ConnectTimeoutError(<HTTPSConnection(host='www.mobile-ichiban.com', port=443) at 0x7fd8b53a8bc0>, 'Connection to www.mobile-ichiban.com timed out. (connect timeout=20)'))",https://www.mobile-ichiban.com/Prod/1/01/36
2026-07-26T22:01:48.006253+00:00,iPhone 17 Pro Max 256GB,256GB,海峡通信,,194800,,ALERT,,,failed,"海峡通信の取得に失敗: 3回リトライ後も取得失敗: HTTPSConnectionPool(host='www.mobile-ichiban.com', port=443): Max retries exceeded with url: /Prod/1/01/37 (Caused by ConnectTimeoutError(<HTTPSConnection(host='www.mobile-ichiban.com', port=443) at 0x7fd8b53ab470>, 'Connection to www.mobile-ichiban.com timed out. (connect timeout=20)'))",https://www.mobile-ichiban.com/Prod/1/01/37
2026-07-26T22:01:48.006253+00:00,iPhone 17 Pro Max 512GB,512GB,海峡通信,,229800,,ALERT,,,failed,"海峡通信の取得に失敗: 3回リトライ後も取得失敗: HTTPSConnectionPool(host='www.mobile-ichiban.com', port=443): Max retries exceeded with url: /Prod/1/01/37 (Caused by ConnectTimeoutError(<HTTPSConnection(host='www.mobile-ichiban.com', port=443) at 0x7fd8b53ab470>, 'Connection to www.mobile-ichiban.com timed out. (connect timeout=20)'))",https://www.mobile-ichiban.com/Prod/1/01/37
2026-07-27T00:03:52.589137+00:00,iPhone 17 Pro 256GB,256GB,海峡通信,183000,179800,3200,SELL,0,0,ok,売却目標に到達,https://www.mobile-ichiban.com/Prod/1/01/36
2026-07-27T00:03:52.589137+00:00,iPhone 17 Pro 512GB,512GB,海峡通信,183000,214800,-31800,WAIT,0,0,ok,損益が監視ライン以下,https://www.mobile-ichiban.com/Prod/1/01/36
2026-07-27T00:03:52.589137+00:00,iPhone 17 Pro Max 256GB,256GB,海峡通信,197000,194800,2200,SELL,0,-1000,ok,売却目標に到達,https://www.mobile-ichiban.com/Prod/1/01/37
2026-07-27T00:03:52.589137+00:00,iPhone 17 Pro Max 512GB,512GB,海峡通信,197000,229800,-32800,WAIT,0,-1000,ok,損益が監視ライン以下,https://www.mobile-ichiban.com/Prod/1/01/37
2026-07-27T04:39:34.448156+00:00,iPhone 17 Pro 256GB,256GB,海峡通信,183000,179800,3200,SELL,0,0,ok,売却目標に到達,https://www.mobile-ichiban.com/Prod/1/01/36
2026-07-27T04:39:34.448156+00:00,iPhone 17 Pro 512GB,512GB,海峡通信,216000,214800,1200,SELL,33000,0,ok,売却目標に到達,https://www.mobile-ichiban.com/Prod/1/01/36
2026-07-27T04:39:34.448156+00:00,iPhone 17 Pro Max 256GB,256GB,海峡通信,197000,194800,2200,SELL,0,0,ok,売却目標に到達,https://www.mobile-ichiban.com/Prod/1/01/37
2026-07-27T04:39:34.448156+00:00,iPhone 17 Pro Max 512GB,512GB,海峡通信,230000,229800,200,SELL,33000,-3000,ok,売却目標に到達,https://www.mobile-ichiban.com/Prod/1/01/37
2026-07-27T08:34:33.817776+00:00,iPhone 17 Pro 256GB,256GB,海峡通信,183000,179800,3200,SELL,0,0,ok,売却目標に到達,https://www.mobile-ichiban.com/Prod/1/01/36
2026-07-27T08:34:33.817776+00:00,iPhone 17 Pro 512GB,512GB,海峡通信,216000,214800,1200,SELL,0,0,ok,売却目標に到達,https://www.mobile-ichiban.com/Prod/1/01/36
2026-07-27T08:34:33.817776+00:00,iPhone 17 Pro Max 256GB,256GB,海峡通信,197000,194800,2200,SELL,0,0,ok,売却目標に到達,https://www.mobile-ichiban.com/Prod/1/01/37
2026-07-27T08:34:33.817776+00:00,iPhone 17 Pro Max 512GB,512GB,海峡通信,230000,229800,200,SELL,0,-3000,ok,売却目標に到達,https://www.mobile-ichiban.com/Prod/1/01/37
2026-07-27T12:28:16.368594+00:00,iPhone 17 Pro 256GB,256GB,海峡通信,,179800,,ALERT,,,failed,"海峡通信の取得に失敗: 3回リトライ後も取得失敗: HTTPSConnectionPool(host='www.mobile-ichiban.com', port=443): Max retries exceeded with url: /Prod/1/01/36 (Caused by ConnectTimeoutError(<HTTPSConnection(host='www.mobile-ichiban.com', port=443) at 0x7fd2721c2750>, 'Connection to www.mobile-ichiban.com timed out. (connect timeout=20)'))",https://www.mobile-ichiban.com/Prod/1/01/36
2026-07-27T12:28:16.368594+00:00,iPhone 17 Pro 512GB,512GB,海峡通信,,214800,,ALERT,,,failed,"海峡通信の取得に失敗: 3回リトライ後も取得失敗: HTTPSConnectionPool(host='www.mobile-ichiban.com', port=443): Max retries exceeded with url: /Prod/1/01/36 (Caused by ConnectTimeoutError(<HTTPSConnection(host='www.mobile-ichiban.com', port=443) at 0x7fd2721c2750>, 'Connection to www.mobile-ichiban.com timed out. (connect timeout=20)'))",https://www.mobile-ichiban.com/Prod/1/01/36
2026-07-27T12:28:16.368594+00:00,iPhone 17 Pro Max 256GB,256GB,海峡通信,,194800,,ALERT,,,failed,"海峡通信の取得に失敗: 3回リトライ後も取得失敗: HTTPSConnectionPool(host='www.mobile-ichiban.com', port=443): Max retries exceeded with url: /Prod/1/01/37 (Caused by ConnectTimeoutError(<HTTPSConnection(host='www.mobile-ichiban.com', port=443) at 0x7fd27137f320>, 'Connection to www.mobile-ichiban.com timed out. (connect timeout=20)'))",https://www.mobile-ichiban.com/Prod/1/01/37
2026-07-27T12:28:16.368594+00:00,iPhone 17 Pro Max 512GB,512GB,海峡通信,,229800,,ALERT,,,failed,"海峡通信の取得に失敗: 3回リトライ後も取得失敗: HTTPSConnectionPool(host='www.mobile-ichiban.com', port=443): Max retries exceeded with url: /Prod/1/01/37 (Caused by ConnectTimeoutError(<HTTPSConnection(host='www.mobile-ichiban.com', port=443) at 0x7fd27137f320>, 'Connection to www.mobile-ichiban.com timed out. (connect timeout=20)'))",https://www.mobile-ichiban.com/Prod/1/01/37
2026-07-27T15:45:17.581874+00:00,iPhone 17 Pro 256GB,256GB,海峡通信,183000,179800,3200,SELL,0,0,ok,売却目標に到達,https://www.mobile-ichiban.com/Prod/1/01/36
2026-07-27T15:45:17.581874+00:00,iPhone 17 Pro 512GB,512GB,海峡通信,183000,214800,-31800,ALERT,-33000,0,ok,"前回比 -33,000円",https://www.mobile-ichiban.com/Prod/1/01/36
2026-07-27T15:45:17.581874+00:00,iPhone 17 Pro Max 256GB,256GB,海峡通信,197000,194800,2200,SELL,0,0,ok,売却目標に到達,https://www.mobile-ichiban.com/Prod/1/01/37
2026-07-27T15:45:17.581874+00:00,iPhone 17 Pro Max 512GB,512GB,海峡通信,197000,229800,-32800,ALERT,-33000,0,ok,"前回比 -33,000円",https://www.mobile-ichiban.com/Prod/1/01/37
2026-07-27T17:46:01.109118+00:00,iPhone 17 Pro 256GB,256GB,海峡通信,183000,179800,3200,SELL,0,0,ok,売却目標に到達,https://www.mobile-ichiban.com/Prod/1/01/36
2026-07-27T17:46:01.109118+00:00,iPhone 17 Pro 512GB,512GB,海峡通信,183000,214800,-31800,WAIT,0,0,ok,損益が監視ライン以下,https://www.mobile-ichiban.com/Prod/1/01/36
2026-07-27T17:46:01.109118+00:00,iPhone 17 Pro Max 256GB,256GB,海峡通信,197000,194800,2200,SELL,0,0,ok,売却目標に到達,https://www.mobile-ichiban.com/Prod/1/01/37
2026-07-27T17:46:01.109118+00:00,iPhone 17 Pro Max 512GB,512GB,海峡通信,197000,229800,-32800,WAIT,0,0,ok,損益が監視ライン以下,https://www.mobile-ichiban.com/Prod/1/01/37
2026-07-27T19:40:33.802168+00:00,iPhone 17 Pro 256GB,256GB,海峡通信,183000,179800,3200,SELL,0,0,ok,売却目標に到達,https://www.mobile-ichiban.com/Prod/1/01/36
2026-07-27T19:40:33.802168+00:00,iPhone 17 Pro 512GB,512GB,海峡通信,183000,214800,-31800,WAIT,0,0,ok,損益が監視ライン以下,https://www.mobile-ichiban.com/Prod/1/01/36
2026-07-27T19:40:33.802168+00:00,iPhone 17 Pro Max 256GB,256GB,海峡通信,197000,194800,2200,SELL,0,0,ok,売却目標に到達,https://www.mobile-ichiban.com/Prod/1/01/37
2026-07-27T19:40:33.802168+00:00,iPhone 17 Pro Max 512GB,512GB,海峡通信,197000,229800,-32800,WAIT,0,0,ok,損益が監視ライン以下,https://www.mobile-ichiban.com/Prod/1/01/37
2026-07-27T21:15:21.890109+00:00,iPhone 17 Pro 256GB,256GB,海峡通信,183000,179800,3200,SELL,0,0,ok,売却目標に到達,https://www.mobile-ichiban.com/Prod/1/01/36
2026-07-27T21:15:21.890109+00:00,iPhone 17 Pro 512GB,512GB,海峡通信,183000,214800,-31800,WAIT,0,0,ok,損益が監視ライン以下,https://www.mobile-ichiban.com/Prod/1/01/36
2026-07-27T21:15:21.890109+00:00,iPhone 17 Pro Max 256GB,256GB,海峡通信,197000,194800,2200,SELL,0,0,ok,売却目標に到達,https://www.mobile-ichiban.com/Prod/1/01/37
2026-07-27T21:15:21.890109+00:00,iPhone 17 Pro Max 512GB,512GB,海峡通信,197000,229800,-32800,WAIT,0,0,ok,損益が監視ライン以下,https://www.mobile-ichiban.com/Prod/1/01/37
2026-07-27T23:06:36.956858+00:00,iPhone 17 Pro 256GB,256GB,海峡通信,183000,179800,3200,SELL,0,0,ok,売却目標に到達,https://www.mobile-ichiban.com/Prod/1/01/36
2026-07-27T23:06:36.956858+00:00,iPhone 17 Pro 512GB,512GB,海峡通信,183000,214800,-31800,WAIT,0,0,ok,損益が監視ライン以下,https://www.mobile-ichiban.com/Prod/1/01/36
2026-07-27T23:06:36.956858+00:00,iPhone 17 Pro Max 256GB,256GB,海峡通信,197000,194800,2200,SELL,0,0,ok,売却目標に到達,https://www.mobile-ichiban.com/Prod/1/01/37
2026-07-27T23:06:36.956858+00:00,iPhone 17 Pro Max 512GB,512GB,海峡通信,197000,229800,-32800,WAIT,0,0,ok,損益が監視ライン以下,https://www.mobile-ichiban.com/Prod/1/01/37
2026-07-28T02:50:06.999069+00:00,iPhone 17 Pro 256GB,256GB,海峡通信,,179800,,ALERT,,,failed,"海峡通信の取得に失敗: 3回リトライ後も取得失敗: HTTPSConnectionPool(host='www.mobile-ichiban.com', port=443): Max retries exceeded with url: /Prod/1/01/36 (Caused by ConnectTimeoutError(<HTTPSConnection(host='www.mobile-ichiban.com', port=443) at 0x7f5e28bd3a40>, 'Connection to www.mobile-ichiban.com timed out. (connect timeout=20)'))",https://www.mobile-ichiban.com/Prod/1/01/36
2026-07-28T02:50:06.999069+00:00,iPhone 17 Pro 512GB,512GB,海峡通信,,214800,,ALERT,,,failed,"海峡通信の取得に失敗: 3回リトライ後も取得失敗: HTTPSConnectionPool(host='www.mobile-ichiban.com', port=443): Max retries exceeded with url: /Prod/1/01/36 (Caused by ConnectTimeoutError(<HTTPSConnection(host='www.mobile-ichiban.com', port=443) at 0x7f5e28bd3a40>, 'Connection to www.mobile-ichiban.com timed out. (connect timeout=20)'))",https://www.mobile-ichiban.com/Prod/1/01/36
2026-07-28T02:50:06.999069+00:00,iPhone 17 Pro Max 256GB,256GB,海峡通信,,194800,,ALERT,,,failed,"海峡通信の取得に失敗: 3回リトライ後も取得失敗: HTTPSConnectionPool(host='www.mobile-ichiban.com', port=443): Max retries exceeded with url: /Prod/1/01/37 (Caused by ConnectTimeoutError(<HTTPSConnection(host='www.mobile-ichiban.com', port=443) at 0x7f5e2848f2c0>, 'Connection to www.mobile-ichiban.com timed out. (connect timeout=20)'))",https://www.mobile-ichiban.com/Prod/1/01/37
2026-07-28T02:50:06.999069+00:00,iPhone 17 Pro Max 512GB,512GB,海峡通信,,229800,,ALERT,,,failed,"海峡通信の取得に失敗: 3回リトライ後も取得失敗: HTTPSConnectionPool(host='www.mobile-ichiban.com', port=443): Max retries exceeded with url: /Prod/1/01/37 (Caused by ConnectTimeoutError(<HTTPSConnection(host='www.mobile-ichiban.com', port=443) at 0x7f5e2848f2c0>, 'Connection to www.mobile-ichiban.com timed out. (connect timeout=20)'))",https://www.mobile-ichiban.com/Prod/1/01/37
2026-07-28T05:51:02.380016+00:00,iPhone 17 Pro 256GB,256GB,海峡通信,185000,179800,5200,SELL,2000,2000,ok,売却目標に到達,https://www.mobile-ichiban.com/Prod/1/01/36
2026-07-28T05:51:02.380016+00:00,iPhone 17 Pro 512GB,512GB,海峡通信,216000,214800,1200,SELL,33000,0,ok,売却目標に到達,https://www.mobile-ichiban.com/Prod/1/01/36
2026-07-28T05:51:02.380016+00:00,iPhone 17 Pro Max 256GB,256GB,海峡通信,199000,194800,4200,SELL,2000,2000,ok,売却目標に到達,https://www.mobile-ichiban.com/Prod/1/01/37
2026-07-28T05:51:02.380016+00:00,iPhone 17 Pro Max 512GB,512GB,海峡通信,230000,229800,200,SELL,33000,0,ok,売却目標に到達,https://www.mobile-ichiban.com/Prod/1/01/37
2026-07-28T08:41:08.277126+00:00,iPhone 17 Pro 256GB,256GB,海峡通信,185000,179800,5200,SELL,0,2000,ok,売却目標に到達,https://www.mobile-ichiban.com/Prod/1/01/36
2026-07-28T08:41:08.277126+00:00,iPhone 17 Pro 512GB,512GB,海峡通信,216000,214800,1200,SELL,0,0,ok,売却目標に到達,https://www.mobile-ichiban.com/Prod/1/01/36
2026-07-28T08:41:08.277126+00:00,iPhone 17 Pro Max 256GB,256GB,海峡通信,199000,194800,4200,SELL,0,2000,ok,売却目標に到達,https://www.mobile-ichiban.com/Prod/1/01/37
2026-07-28T08:41:08.277126+00:00,iPhone 17 Pro Max 512GB,512GB,海峡通信,230000,229800,200,SELL,0,0,ok,売却目標に到達,https://www.mobile-ichiban.com/Prod/1/01/37
2026-07-28T11:21:40.827036+00:00,iPhone 17 Pro 256GB,256GB,海峡通信,,179800,,ALERT,,,failed,"海峡通信の取得に失敗: 3回リトライ後も取得失敗: HTTPSConnectionPool(host='www.mobile-ichiban.com', port=443): Max retries exceeded with url: /Prod/1/01/36 (Caused by ConnectTimeoutError(<HTTPSConnection(host='www.mobile-ichiban.com', port=443) at 0x7faf95dded20>, 'Connection to www.mobile-ichiban.com timed out. (connect timeout=20)'))",https://www.mobile-ichiban.com/Prod/1/01/36
2026-07-28T11:21:40.827036+00:00,iPhone 17 Pro 512GB,512GB,海峡通信,,214800,,ALERT,,,failed,"海峡通信の取得に失敗: 3回リトライ後も取得失敗: HTTPSConnectionPool(host='www.mobile-ichiban.com', port=443): Max retries exceeded with url: /Prod/1/01/36 (Caused by ConnectTimeoutError(<HTTPSConnection(host='www.mobile-ichiban.com', port=443) at 0x7faf95dded20>, 'Connection to www.mobile-ichiban.com timed out. (connect timeout=20)'))",https://www.mobile-ichiban.com/Prod/1/01/36
2026-07-28T11:21:40.827036+00:00,iPhone 17 Pro Max 256GB,256GB,海峡通信,,194800,,ALERT,,,failed,"海峡通信の取得に失敗: 3回リトライ後も取得失敗: HTTPSConnectionPool(host='www.mobile-ichiban.com', port=443): Max retries exceeded with url: /Prod/1/01/37 (Caused by ConnectTimeoutError(<HTTPSConnection(host='www.mobile-ichiban.com', port=443) at 0x7faf95797350>, 'Connection to www.mobile-ichiban.com timed out. (connect timeout=20)'))",https://www.mobile-ichiban.com/Prod/1/01/37
2026-07-28T11:21:40.827036+00:00,iPhone 17 Pro Max 512GB,512GB,海峡通信,,229800,,ALERT,,,failed,"海峡通信の取得に失敗: 3回リトライ後も取得失敗: HTTPSConnectionPool(host='www.mobile-ichiban.com', port=443): Max retries exceeded with url: /Prod/1/01/37 (Caused by ConnectTimeoutError(<HTTPSConnection(host='www.mobile-ichiban.com', port=443) at 0x7faf95797350>, 'Connection to www.mobile-ichiban.com timed out. (connect timeout=20)'))",https://www.mobile-ichiban.com/Prod/1/01/37
2026-07-28T14:19:28.565544+00:00,iPhone 17 Pro 256GB,256GB,海峡通信,185000,179800,5200,SELL,0,2000,ok,売却目標に到達,https://www.mobile-ichiban.com/Prod/1/01/36
2026-07-28T14:19:28.565544+00:00,iPhone 17 Pro 512GB,512GB,海峡通信,185000,214800,-29800,ALERT,-31000,2000,ok,"前回比 -31,000円",https://www.mobile-ichiban.com/Prod/1/01/36
2026-07-28T14:19:28.565544+00:00,iPhone 17 Pro Max 256GB,256GB,海峡通信,199000,194800,4200,SELL,0,2000,ok,売却目標に到達,https://www.mobile-ichiban.com/Prod/1/01/37
2026-07-28T14:19:28.565544+00:00,iPhone 17 Pro Max 512GB,512GB,海峡通信,199000,229800,-30800,ALERT,-31000,2000,ok,"前回比 -31,000円",https://www.mobile-ichiban.com/Prod/1/01/37
2026-07-28T16:43:22.669584+00:00,iPhone 17 Pro 256GB,256GB,海峡通信,,179800,,ALERT,,,failed,"海峡通信の取得に失敗: 3回リトライ後も取得失敗: HTTPSConnectionPool(host='www.mobile-ichiban.com', port=443): Max retries exceeded with url: /Prod/1/01/36 (Caused by ConnectTimeoutError(<HTTPSConnection(host='www.mobile-ichiban.com', port=443) at 0x7fa32f6f12e0>, 'Connection to www.mobile-ichiban.com timed out. (connect timeout=20)'))",https://www.mobile-ichiban.com/Prod/1/01/36
2026-07-28T16:43:22.669584+00:00,iPhone 17 Pro 512GB,512GB,海峡通信,,214800,,ALERT,,,failed,"海峡通信の取得に失敗: 3回リトライ後も取得失敗: HTTPSConnectionPool(host='www.mobile-ichiban.com', port=443): Max retries exceeded with url: /Prod/1/01/36 (Caused by ConnectTimeoutError(<HTTPSConnection(host='www.mobile-ichiban.com', port=443) at 0x7fa32f6f12e0>, 'Connection to www.mobile-ichiban.com timed out. (connect timeout=20)'))",https://www.mobile-ichiban.com/Prod/1/01/36
2026-07-28T16:43:22.669584+00:00,iPhone 17 Pro Max 256GB,256GB,海峡通信,,194800,,ALERT,,,failed,"海峡通信の取得に失敗: 3回リトライ後も取得失敗: HTTPSConnectionPool(host='www.mobile-ichiban.com', port=443): Max retries exceeded with url: /Prod/1/01/37 (Caused by ConnectTimeoutError(<HTTPSConnection(host='www.mobile-ichiban.com', port=443) at 0x7fa32f3bf200>, 'Connection to www.mobile-ichiban.com timed out. (connect timeout=20)'))",https://www.mobile-ichiban.com/Prod/1/01/37
2026-07-28T16:43:22.669584+00:00,iPhone 17 Pro Max 512GB,512GB,海峡通信,,229800,,ALERT,,,failed,"海峡通信の取得に失敗: 3回リトライ後も取得失敗: HTTPSConnectionPool(host='www.mobile-ichiban.com', port=443): Max retries exceeded with url: /Prod/1/01/37 (Caused by ConnectTimeoutError(<HTTPSConnection(host='www.mobile-ichiban.com', port=443) at 0x7fa32f3bf200>, 'Connection to www.mobile-ichiban.com timed out. (connect timeout=20)'))",https://www.mobile-ichiban.com/Prod/1/01/37
2026-07-28T18:17:33.206521+00:00,iPhone 17 Pro 256GB,256GB,海峡通信,,179800,,ALERT,,,failed,"海峡通信の取得に失敗: 3回リトライ後も取得失敗: HTTPSConnectionPool(host='www.mobile-ichiban.com', port=443): Max retries exceeded with url: /Prod/1/01/36 (Caused by ConnectTimeoutError(<HTTPSConnection(host='www.mobile-ichiban.com', port=443) at 0x7f15bb79ab40>, 'Connection to www.mobile-ichiban.com timed out. (connect timeout=20)'))",https://www.mobile-ichiban.com/Prod/1/01/36
2026-07-28T18:17:33.206521+00:00,iPhone 17 Pro 512GB,512GB,海峡通信,,214800,,ALERT,,,failed,"海峡通信の取得に失敗: 3回リトライ後も取得失敗: HTTPSConnectionPool(host='www.mobile-ichiban.com', port=443): Max retries exceeded with url: /Prod/1/01/36 (Caused by ConnectTimeoutError(<HTTPSConnection(host='www.mobile-ichiban.com', port=443) at 0x7f15bb79ab40>, 'Connection to www.mobile-ichiban.com timed out. (connect timeout=20)'))",https://www.mobile-ichiban.com/Prod/1/01/36
2026-07-28T18:17:33.206521+00:00,iPhone 17 Pro Max 256GB,256GB,海峡通信,,194800,,ALERT,,,failed,"海峡通信の取得に失敗: 3回リトライ後も取得失敗: HTTPSConnectionPool(host='www.mobile-ichiban.com', port=443): Max retries exceeded with url: /Prod/1/01/37 (Caused by ConnectTimeoutError(<HTTPSConnection(host='www.mobile-ichiban.com', port=443) at 0x7f15bb1e33e0>, 'Connection to www.mobile-ichiban.com timed out. (connect timeout=20)'))",https://www.mobile-ichiban.com/Prod/1/01/37
2026-07-28T18:17:33.206521+00:00,iPhone 17 Pro Max 512GB,512GB,海峡通信,,229800,,ALERT,,,failed,"海峡通信の取得に失敗: 3回リトライ後も取得失敗: HTTPSConnectionPool(host='www.mobile-ichiban.com', port=443): Max retries exceeded with url: /Prod/1/01/37 (Caused by ConnectTimeoutError(<HTTPSConnection(host='www.mobile-ichiban.com', port=443) at 0x7f15bb1e33e0>, 'Connection to www.mobile-ichiban.com timed out. (connect timeout=20)'))",https://www.mobile-ichiban.com/Prod/1/01/37
2026-07-28T20:18:33.540456+00:00,iPhone 17 Pro 256GB,256GB,海峡通信,185000,179800,5200,SELL,0,2000,ok,売却目標に到達,https://www.mobile-ichiban.com/Prod/1/01/36
2026-07-28T20:18:33.540456+00:00,iPhone 17 Pro 512GB,512GB,海峡通信,185000,214800,-29800,WAIT,0,2000,ok,損益が監視ライン以下,https://www.mobile-ichiban.com/Prod/1/01/36
2026-07-28T20:18:33.540456+00:00,iPhone 17 Pro Max 256GB,256GB,海峡通信,199000,194800,4200,SELL,0,2000,ok,売却目標に到達,https://www.mobile-ichiban.com/Prod/1/01/37
2026-07-28T20:18:33.540456+00:00,iPhone 17 Pro Max 512GB,512GB,海峡通信,199000,229800,-30800,WAIT,0,2000,ok,損益が監視ライン以下,https://www.mobile-ichiban.com/Prod/1/01/37
2026-07-28T22:08:26.075122+00:00,iPhone 17 Pro 256GB,256GB,海峡通信,,179800,,ALERT,,,failed,"海峡通信の取得に失敗: 3回リトライ後も取得失敗: HTTPSConnectionPool(host='www.mobile-ichiban.com', port=443): Max retries exceeded with url: /Prod/1/01/36 (Caused by ConnectTimeoutError(<HTTPSConnection(host='www.mobile-ichiban.com', port=443) at 0x7fa83bddd3a0>, 'Connection to www.mobile-ichiban.com timed out. (connect timeout=20)'))",https://www.mobile-ichiban.com/Prod/1/01/36
2026-07-28T22:08:26.075122+00:00,iPhone 17 Pro 512GB,512GB,海峡通信,,214800,,ALERT,,,failed,"海峡通信の取得に失敗: 3回リトライ後も取得失敗: HTTPSConnectionPool(host='www.mobile-ichiban.com', port=443): Max retries exceeded with url: /Prod/1/01/36 (Caused by ConnectTimeoutError(<HTTPSConnection(host='www.mobile-ichiban.com', port=443) at 0x7fa83bddd3a0>, 'Connection to www.mobile-ichiban.com timed out. (connect timeout=20)'))",https://www.mobile-ichiban.com/Prod/1/01/36
2026-07-28T22:08:26.075122+00:00,iPhone 17 Pro Max 256GB,256GB,海峡通信,,194800,,ALERT,,,failed,"海峡通信の取得に失敗: 3回リトライ後も取得失敗: HTTPSConnectionPool(host='www.mobile-ichiban.com', port=443): Max retries exceeded with url: /Prod/1/01/37 (Caused by ConnectTimeoutError(<HTTPSConnection(host='www.mobile-ichiban.com', port=443) at 0x7fa83bcfb6e0>, 'Connection to www.mobile-ichiban.com timed out. (connect timeout=20)'))",https://www.mobile-ichiban.com/Prod/1/01/37
2026-07-28T22:08:26.075122+00:00,iPhone 17 Pro Max 512GB,512GB,海峡通信,,229800,,ALERT,,,failed,"海峡通信の取得に失敗: 3回リトライ後も取得失敗: HTTPSConnectionPool(host='www.mobile-ichiban.com', port=443): Max retries exceeded with url: /Prod/1/01/37 (Caused by ConnectTimeoutError(<HTTPSConnection(host='www.mobile-ichiban.com', port=443) at 0x7fa83bcfb6e0>, 'Connection to www.mobile-ichiban.com timed out. (connect timeout=20)'))",https://www.mobile-ichiban.com/Prod/1/01/37
2026-07-29T00:00:43.162823+00:00,iPhone 17 Pro 256GB,256GB,海峡通信,185000,179800,5200,SELL,0,2000,ok,売却目標に到達,https://www.mobile-ichiban.com/Prod/1/01/36
2026-07-29T00:00:43.162823+00:00,iPhone 17 Pro 512GB,512GB,海峡通信,185000,214800,-29800,WAIT,0,2000,ok,損益が監視ライン以下,https://www.mobile-ichiban.com/Prod/1/01/36
2026-07-29T00:00:43.162823+00:00,iPhone 17 Pro Max 256GB,256GB,海峡通信,199000,194800,4200,SELL,0,2000,ok,売却目標に到達,https://www.mobile-ichiban.com/Prod/1/01/37
2026-07-29T00:00:43.162823+00:00,iPhone 17 Pro Max 512GB,512GB,海峡通信,199000,229800,-30800,WAIT,0,2000,ok,損益が監視ライン以下,https://www.mobile-ichiban.com/Prod/1/01/37
2026-07-29T04:14:49.961815+00:00,iPhone 17 Pro 256GB,256GB,海峡通信,,179800,,ALERT,,,failed,"海峡通信の取得に失敗: 3回リトライ後も取得失敗: HTTPSConnectionPool(host='www.mobile-ichiban.com', port=443): Max retries exceeded with url: /Prod/1/01/36 (Caused by ConnectTimeoutError(<HTTPSConnection(host='www.mobile-ichiban.com', port=443) at 0x7efe8a1606e0>, 'Connection to www.mobile-ichiban.com timed out. (connect timeout=20)'))",https://www.mobile-ichiban.com/Prod/1/01/36
2026-07-29T04:14:49.961815+00:00,iPhone 17 Pro 512GB,512GB,海峡通信,,214800,,ALERT,,,failed,"海峡通信の取得に失敗: 3回リトライ後も取得失敗: HTTPSConnectionPool(host='www.mobile-ichiban.com', port=443): Max retries exceeded with url: /Prod/1/01/36 (Caused by ConnectTimeoutError(<HTTPSConnection(host='www.mobile-ichiban.com', port=443) at 0x7efe8a1606e0>, 'Connection to www.mobile-ichiban.com timed out. (connect timeout=20)'))",https://www.mobile-ichiban.com/Prod/1/01/36
2026-07-29T04:14:49.961815+00:00,iPhone 17 Pro Max 256GB,256GB,海峡通信,,194800,,ALERT,,,failed,"海峡通信の取得に失敗: 3回リトライ後も取得失敗: HTTPSConnectionPool(host='www.mobile-ichiban.com', port=443): Max retries exceeded with url: /Prod/1/01/37 (Caused by ConnectTimeoutError(<HTTPSConnection(host='www.mobile-ichiban.com', port=443) at 0x7efe8a163260>, 'Connection to www.mobile-ichiban.com timed out. (connect timeout=20)'))",https://www.mobile-ichiban.com/Prod/1/01/37
2026-07-29T04:14:49.961815+00:00,iPhone 17 Pro Max 512GB,512GB,海峡通信,,229800,,ALERT,,,failed,"海峡通信の取得に失敗: 3回リトライ後も取得失敗: HTTPSConnectionPool(host='www.mobile-ichiban.com', port=443): Max retries exceeded with url: /Prod/1/01/37 (Caused by ConnectTimeoutError(<HTTPSConnection(host='www.mobile-ichiban.com', port=443) at 0x7efe8a163260>, 'Connection to www.mobile-ichiban.com timed out. (connect timeout=20)'))",https://www.mobile-ichiban.com/Prod/1/01/37
2026-07-29T07:45:53.326695+00:00,iPhone 17 Pro 256GB,256GB,海峡通信,187000,179800,7200,SELL,2000,2000,ok,売却目標に到達,https://www.mobile-ichiban.com/Prod/1/01/36
2026-07-29T07:45:53.326695+00:00,iPhone 17 Pro 512GB,512GB,海峡通信,217500,214800,2700,SELL,32500,1500,ok,売却目標に到達,https://www.mobile-ichiban.com/Prod/1/01/36
2026-07-29T07:45:53.326695+00:00,iPhone 17 Pro Max 256GB,256GB,海峡通信,200000,194800,5200,SELL,1000,1000,ok,売却目標に到達,https://www.mobile-ichiban.com/Prod/1/01/37
2026-07-29T07:45:53.326695+00:00,iPhone 17 Pro Max 512GB,512GB,海峡通信,230000,229800,200,SELL,31000,0,ok,売却目標に到達,https://www.mobile-ichiban.com/Prod/1/01/37
2026-07-29T10:42:46.745660+00:00,iPhone 17 Pro 256GB,256GB,海峡通信,,179800,,ALERT,,,failed,"海峡通信の取得に失敗: 3回リトライ後も取得失敗: HTTPSConnectionPool(host='www.mobile-ichiban.com', port=443): Max retries exceeded with url: /Prod/1/01/36 (Caused by ConnectTimeoutError(<HTTPSConnection(host='www.mobile-ichiban.com', port=443) at 0x7f290532d1c0>, 'Connection to www.mobile-ichiban.com timed out. (connect timeout=20)'))",https://www.mobile-ichiban.com/Prod/1/01/36
2026-07-29T10:42:46.745660+00:00,iPhone 17 Pro 512GB,512GB,海峡通信,,214800,,ALERT,,,failed,"海峡通信の取得に失敗: 3回リトライ後も取得失敗: HTTPSConnectionPool(host='www.mobile-ichiban.com', port=443): Max retries exceeded with url: /Prod/1/01/36 (Caused by ConnectTimeoutError(<HTTPSConnection(host='www.mobile-ichiban.com', port=443) at 0x7f290532d1c0>, 'Connection to www.mobile-ichiban.com timed out. (connect timeout=20)'))",https://www.mobile-ichiban.com/Prod/1/01/36
2026-07-29T10:42:46.745660+00:00,iPhone 17 Pro Max 256GB,256GB,海峡通信,,194800,,ALERT,,,failed,"海峡通信の取得に失敗: 3回リトライ後も取得失敗: HTTPSConnectionPool(host='www.mobile-ichiban.com', port=443): Max retries exceeded with url: /Prod/1/01/37 (Caused by ConnectTimeoutError(<HTTPSConnection(host='www.mobile-ichiban.com', port=443) at 0x7f290428f1d0>, 'Connection to www.mobile-ichiban.com timed out. (connect timeout=20)'))",https://www.mobile-ichiban.com/Prod/1/01/37
2026-07-29T10:42:46.745660+00:00,iPhone 17 Pro Max 512GB,512GB,海峡通信,,229800,,ALERT,,,failed,"海峡通信の取得に失敗: 3回リトライ後も取得失敗: HTTPSConnectionPool(host='www.mobile-ichiban.com', port=443): Max retries exceeded with url: /Prod/1/01/37 (Caused by ConnectTimeoutError(<HTTPSConnection(host='www.mobile-ichiban.com', port=443) at 0x7f290428f1d0>, 'Connection to www.mobile-ichiban.com timed out. (connect timeout=20)'))",https://www.mobile-ichiban.com/Prod/1/01/37
2026-07-29T13:02:59.821338+00:00,iPhone 17 Pro 256GB,256GB,海峡通信,187000,179800,7200,SELL,0,2000,ok,売却目標に到達,https://www.mobile-ichiban.com/Prod/1/01/36
2026-07-29T13:02:59.821338+00:00,iPhone 17 Pro 512GB,512GB,海峡通信,187000,214800,-27800,ALERT,-30500,2000,ok,"前回比 -30,500円",https://www.mobile-ichiban.com/Prod/1/01/36
2026-07-29T13:02:59.821338+00:00,iPhone 17 Pro Max 256GB,256GB,海峡通信,200500,194800,5700,SELL,500,1500,ok,売却目標に到達,https://www.mobile-ichiban.com/Prod/1/01/37
2026-07-29T13:02:59.821338+00:00,iPhone 17 Pro Max 512GB,512GB,海峡通信,200500,229800,-29300,ALERT,-29500,1500,ok,"前回比 -29,500円",https://www.mobile-ichiban.com/Prod/1/01/37
2026-07-29T15:50:53.824375+00:00,iPhone 17 Pro 256GB,256GB,海峡通信,187000,179800,7200,SELL,0,2000,ok,売却目標に到達,https://www.mobile-ichiban.com/Prod/1/01/36
2026-07-29T15:50:53.824375+00:00,iPhone 17 Pro 512GB,512GB,海峡通信,187000,214800,-27800,WAIT,0,2000,ok,損益が監視ライン以下,https://www.mobile-ichiban.com/Prod/1/01/36
2026-07-29T15:50:53.824375+00:00,iPhone 17 Pro Max 256GB,256GB,海峡通信,200500,194800,5700,SELL,0,1500,ok,売却目標に到達,https://www.mobile-ichiban.com/Prod/1/01/37
2026-07-29T15:50:53.824375+00:00,iPhone 17 Pro Max 512GB,512GB,海峡通信,200500,229800,-29300,WAIT,0,1500,ok,損益が監視ライン以下,https://www.mobile-ichiban.com/Prod/1/01/37
2026-07-29T17:19:03.599361+00:00,iPhone 17 Pro 256GB,256GB,海峡通信,187000,179800,7200,SELL,0,2000,ok,売却目標に到達,https://www.mobile-ichiban.com/Prod/1/01/36
2026-07-29T17:19:03.599361+00:00,iPhone 17 Pro 512GB,512GB,海峡通信,187000,214800,-27800,WAIT,0,2000,ok,損益が監視ライン以下,https://www.mobile-ichiban.com/Prod/1/01/36
2026-07-29T17:19:03.599361+00:00,iPhone 17 Pro Max 256GB,256GB,海峡通信,200500,194800,5700,SELL,0,1500,ok,売却目標に到達,https://www.mobile-ichiban.com/Prod/1/01/37
2026-07-29T17:19:03.599361+00:00,iPhone 17 Pro Max 512GB,512GB,海峡通信,200500,229800,-29300,WAIT,0,1500,ok,損益が監視ライン以下,https://www.mobile-ichiban.com/Prod/1/01/37
2026-07-29T19:23:04.532071+00:00,iPhone 17 Pro 256GB,256GB,海峡通信,187000,179800,7200,SELL,0,2000,ok,売却目標に到達,https://www.mobile-ichiban.com/Prod/1/01/36
2026-07-29T19:23:04.532071+00:00,iPhone 17 Pro 512GB,512GB,海峡通信,187000,214800,-27800,WAIT,0,2000,ok,損益が監視ライン以下,https://www.mobile-ichiban.com/Prod/1/01/36
2026-07-29T19:23:04.532071+00:00,iPhone 17 Pro Max 256GB,256GB,海峡通信,200500,194800,5700,SELL,0,1500,ok,売却目標に到達,https://www.mobile-ichiban.com/Prod/1/01/37
2026-07-29T19:23:04.532071+00:00,iPhone 17 Pro Max 512GB,512GB,海峡通信,200500,229800,-29300,WAIT,0,1500,ok,損益が監視ライン以下,https://www.mobile-ichiban.com/Prod/1/01/37
2026-07-29T21:00:28.413526+00:00,iPhone 17 Pro 256GB,256GB,海峡通信,187000,179800,7200,SELL,0,2000,ok,売却目標に到達,https://www.mobile-ichiban.com/Prod/1/01/36
2026-07-29T21:00:28.413526+00:00,iPhone 17 Pro 512GB,512GB,海峡通信,187000,214800,-27800,WAIT,0,2000,ok,損益が監視ライン以下,https://www.mobile-ichiban.com/Prod/1/01/36
2026-07-29T21:00:28.413526+00:00,iPhone 17 Pro Max 256GB,256GB,海峡通信,200500,194800,5700,SELL,0,1500,ok,売却目標に到達,https://www.mobile-ichiban.com/Prod/1/01/37
2026-07-29T21:00:28.413526+00:00,iPhone 17 Pro Max 512GB,512GB,海峡通信,200500,229800,-29300,WAIT,0,1500,ok,損益が監視ライン以下,https://www.mobile-ichiban.com/Prod/1/01/37
2026-07-29T23:00:56.721522+00:00,iPhone 17 Pro 256GB,256GB,海峡通信,187000,179800,7200,SELL,0,2000,ok,売却目標に到達,https://www.mobile-ichiban.com/Prod/1/01/36
2026-07-29T23:00:56.721522+00:00,iPhone 17 Pro 512GB,512GB,海峡通信,187000,214800,-27800,WAIT,0,2000,ok,損益が監視ライン以下,https://www.mobile-ichiban.com/Prod/1/01/36
2026-07-29T23:00:56.721522+00:00,iPhone 17 Pro Max 256GB,256GB,海峡通信,200500,194800,5700,SELL,0,1500,ok,売却目標に到達,https://www.mobile-ichiban.com/Prod/1/01/37
2026-07-29T23:00:56.721522+00:00,iPhone 17 Pro Max 512GB,512GB,海峡通信,200500,229800,-29300,WAIT,0,1500,ok,損益が監視ライン以下,https://www.mobile-ichiban.com/Prod/1/01/37
2026-07-30T02:42:06.910034+00:00,iPhone 17 Pro 256GB,256GB,海峡通信,187500,179800,7700,SELL,500,2500,ok,売却目標に到達,https://www.mobile-ichiban.com/Prod/1/01/36
2026-07-30T02:42:06.910034+00:00,iPhone 17 Pro 512GB,512GB,海峡通信,217500,214800,2700,SELL,30500,32500,ok,売却目標に到達,https://www.mobile-ichiban.com/Prod/1/01/36
2026-07-30T02:42:06.910034+00:00,iPhone 17 Pro Max 256GB,256GB,海峡通信,201500,194800,6700,SELL,1000,2500,ok,売却目標に到達,https://www.mobile-ichiban.com/Prod/1/01/37
2026-07-30T02:42:06.910034+00:00,iPhone 17 Pro Max 512GB,512GB,海峡通信,233000,229800,3200,SELL,32500,34000,ok,売却目標に到達,https://www.mobile-ichiban.com/Prod/1/01/37
2026-07-30T05:45:18.507705+00:00,iPhone 17 Pro 256GB,256GB,海峡通信,188500,179800,8700,SELL,1000,1500,ok,売却目標に到達,https://www.mobile-ichiban.com/Prod/1/01/36
2026-07-30T05:45:18.507705+00:00,iPhone 17 Pro 512GB,512GB,海峡通信,218000,214800,3200,SELL,500,500,ok,売却目標に到達,https://www.mobile-ichiban.com/Prod/1/01/36
2026-07-30T05:45:18.507705+00:00,iPhone 17 Pro Max 256GB,256GB,海峡通信,201500,194800,6700,SELL,0,1500,ok,売却目標に到達,https://www.mobile-ichiban.com/Prod/1/01/37
2026-07-30T05:45:18.507705+00:00,iPhone 17 Pro Max 512GB,512GB,海峡通信,234500,229800,4700,SELL,1500,4500,ok,売却目標に到達,https://www.mobile-ichiban.com/Prod/1/01/37
2026-07-30T08:33:52.220445+00:00,iPhone 17 Pro 256GB,256GB,海峡通信,188500,179800,8700,SELL,0,1500,ok,売却目標に到達,https://www.mobile-ichiban.com/Prod/1/01/36
2026-07-30T08:33:52.220445+00:00,iPhone 17 Pro 512GB,512GB,海峡通信,218000,214800,3200,SELL,0,500,ok,売却目標に到達,https://www.mobile-ichiban.com/Prod/1/01/36
2026-07-30T08:33:52.220445+00:00,iPhone 17 Pro Max 256GB,256GB,海峡通信,201500,194800,6700,SELL,0,1500,ok,売却目標に到達,https://www.mobile-ichiban.com/Prod/1/01/37
2026-07-30T08:33:52.220445+00:00,iPhone 17 Pro Max 512GB,512GB,海峡通信,234500,229800,4700,SELL,0,4500,ok,売却目標に到達,https://www.mobile-ichiban.com/Prod/1/01/37
2026-07-30T11:10:37.647269+00:00,iPhone 17 Pro 256GB,256GB,海峡通信,188500,179800,8700,SELL,0,1500,ok,売却目標に到達,https://www.mobile-ichiban.com/Prod/1/01/36
2026-07-30T11:10:37.647269+00:00,iPhone 17 Pro 512GB,512GB,海峡通信,188500,214800,-26300,ALERT,-29500,1500,ok,"前回比 -29,500円",https://www.mobile-ichiban.com/Prod/1/01/36
2026-07-30T11:10:37.647269+00:00,iPhone 17 Pro Max 256GB,256GB,海峡通信,201500,194800,6700,SELL,0,1000,ok,売却目標に到達,https://www.mobile-ichiban.com/Prod/1/01/37
2026-07-30T11:10:37.647269+00:00,iPhone 17 Pro Max 512GB,512GB,海峡通信,201500,229800,-28300,ALERT,-33000,1000,ok,"前回比 -33,000円",https://www.mobile-ichiban.com/Prod/1/01/37
2026-07-30T14:11:36.337291+00:00,iPhone 17 Pro 256GB,256GB,海峡通信,188500,179800,8700,SELL,0,1500,ok,売却目標に到達,https://www.mobile-ichiban.com/Prod/1/01/36
2026-07-30T14:11:36.337291+00:00,iPhone 17 Pro 512GB,512GB,海峡通信,188500,214800,-26300,WAIT,0,1500,ok,損益が監視ライン以下,https://www.mobile-ichiban.com/Prod/1/01/36
2026-07-30T14:11:36.337291+00:00,iPhone 17 Pro Max 256GB,256GB,海峡通信,201500,194800,6700,SELL,0,1000,ok,売却目標に到達,https://www.mobile-ichiban.com/Prod/1/01/37
2026-07-30T14:11:36.337291+00:00,iPhone 17 Pro Max 512GB,512GB,海峡通信,201500,229800,-28300,WAIT,0,1000,ok,損益が監視ライン以下,https://www.mobile-ichiban.com/Prod/1/01/37
2026-07-30T16:38:14.911410+00:00,iPhone 17 Pro 256GB,256GB,海峡通信,188500,179800,8700,SELL,0,1500,ok,売却目標に到達,https://www.mobile-ichiban.com/Prod/1/01/36
2026-07-30T16:38:14.911410+00:00,iPhone 17 Pro 512GB,512GB,海峡通信,188500,214800,-26300,WAIT,0,1500,ok,損益が監視ライン以下,https://www.mobile-ichiban.com/Prod/1/01/36
2026-07-30T16:38:14.911410+00:00,iPhone 17 Pro Max 256GB,256GB,海峡通信,201500,194800,6700,SELL,0,1000,ok,売却目標に到達,https://www.mobile-ichiban.com/Prod/1/01/37
2026-07-30T16:38:14.911410+00:00,iPhone 17 Pro Max 512GB,512GB,海峡通信,201500,229800,-28300,WAIT,0,1000,ok,損益が監視ライン以下,https://www.mobile-ichiban.com/Prod/1/01/37
2026-07-30T18:19:01.192682+00:00,iPhone 17 Pro 256GB,256GB,海峡通信,188500,179800,8700,SELL,0,1500,ok,売却目標に到達,https://www.mobile-ichiban.com/Prod/1/01/36
2026-07-30T18:19:01.192682+00:00,iPhone 17 Pro 512GB,512GB,海峡通信,188500,214800,-26300,WAIT,0,1500,ok,損益が監視ライン以下,https://www.mobile-ichiban.com/Prod/1/01/36
2026-07-30T18:19:01.192682+00:00,iPhone 17 Pro Max 256GB,256GB,海峡通信,201500,194800,6700,SELL,0,1000,ok,売却目標に到達,https://www.mobile-ichiban.com/Prod/1/01/37
2026-07-30T18:19:01.192682+00:00,iPhone 17 Pro Max 512GB,512GB,海峡通信,201500,229800,-28300,WAIT,0,1000,ok,損益が監視ライン以下,https://www.mobile-ichiban.com/Prod/1/01/37
2026-07-30T20:16:39.279967+00:00,iPhone 17 Pro 256GB,256GB,海峡通信,188500,179800,8700,SELL,0,1500,ok,売却目標に到達,https://www.mobile-ichiban.com/Prod/1/01/36
2026-07-30T20:16:39.279967+00:00,iPhone 17 Pro 512GB,512GB,海峡通信,188500,214800,-26300,WAIT,0,1500,ok,損益が監視ライン以下,https://www.mobile-ichiban.com/Prod/1/01/36
2026-07-30T20:16:39.279967+00:00,iPhone 17 Pro Max 256GB,256GB,海峡通信,201500,194800,6700,SELL,0,1000,ok,売却目標に到達,https://www.mobile-ichiban.com/Prod/1/01/37
2026-07-30T20:16:39.279967+00:00,iPhone 17 Pro Max 512GB,512GB,海峡通信,201500,229800,-28300,WAIT,0,1000,ok,損益が監視ライン以下,https://www.mobile-ichiban.com/Prod/1/01/37
2026-07-30T22:09:28.126406+00:00,iPhone 17 Pro 256GB,256GB,海峡通信,188500,179800,8700,SELL,0,1500,ok,売却目標に到達,https://www.mobile-ichiban.com/Prod/1/01/36
2026-07-30T22:09:28.126406+00:00,iPhone 17 Pro 512GB,512GB,海峡通信,188500,214800,-26300,WAIT,0,1500,ok,損益が監視ライン以下,https://www.mobile-ichiban.com/Prod/1/01/36
2026-07-30T22:09:28.126406+00:00,iPhone 17 Pro Max 256GB,256GB,海峡通信,201500,194800,6700,SELL,0,1000,ok,売却目標に到達,https://www.mobile-ichiban.com/Prod/1/01/37
2026-07-30T22:09:28.126406+00:00,iPhone 17 Pro Max 512GB,512GB,海峡通信,201500,229800,-28300,WAIT,0,1000,ok,損益が監視ライン以下,https://www.mobile-ichiban.com/Prod/1/01/37
2026-07-31T00:05:29.213832+00:00,iPhone 17 Pro 256GB,256GB,海峡通信,188500,179800,8700,SELL,0,1500,ok,売却目標に到達,https://www.mobile-ichiban.com/Prod/1/01/36
2026-07-31T00:05:29.213832+00:00,iPhone 17 Pro 512GB,512GB,海峡通信,188500,214800,-26300,WAIT,0,1500,ok,損益が監視ライン以下,https://www.mobile-ichiban.com/Prod/1/01/36
2026-07-31T00:05:29.213832+00:00,iPhone 17 Pro Max 256GB,256GB,海峡通信,201500,194800,6700,SELL,0,1000,ok,売却目標に到達,https://www.mobile-ichiban.com/Prod/1/01/37
2026-07-31T00:05:29.213832+00:00,iPhone 17 Pro Max 512GB,512GB,海峡通信,201500,229800,-28300,WAIT,0,1000,ok,損益が監視ライン以下,https://www.mobile-ichiban.com/Prod/1/01/37
2026-07-31T04:25:06.711509+00:00,iPhone 17 Pro 256GB,256GB,海峡通信,184000,179800,4200,SELL,-4500,-4500,ok,売却目標に到達,https://www.mobile-ichiban.com/Prod/1/01/36
2026-07-31T04:25:06.711509+00:00,iPhone 17 Pro 512GB,512GB,海峡通信,213000,214800,-1800,WAIT,24500,-5000,ok,"前回比 +24,500円",https://www.mobile-ichiban.com/Prod/1/01/36
2026-07-31T04:25:06.711509+00:00,iPhone 17 Pro Max 256GB,256GB,海峡通信,197000,194800,2200,SELL,-4500,-4500,ok,売却目標に到達,https://www.mobile-ichiban.com/Prod/1/01/37
2026-07-31T04:25:06.711509+00:00,iPhone 17 Pro Max 512GB,512GB,海峡通信,229000,229800,-800,WAIT,27500,-5500,ok,"前回比 +27,500円",https://www.mobile-ichiban.com/Prod/1/01/37
2026-07-31T07:52:51.543767+00:00,iPhone 17 Pro 256GB,256GB,海峡通信,184000,179800,4200,SELL,0,-4500,ok,売却目標に到達,https://www.mobile-ichiban.com/Prod/1/01/36
2026-07-31T07:52:51.543767+00:00,iPhone 17 Pro 512GB,512GB,海峡通信,213000,214800,-1800,WAIT,0,-5000,ok,目標未達,https://www.mobile-ichiban.com/Prod/1/01/36
2026-07-31T07:52:51.543767+00:00,iPhone 17 Pro Max 256GB,256GB,海峡通信,197000,194800,2200,SELL,0,-4500,ok,売却目標に到達,https://www.mobile-ichiban.com/Prod/1/01/37
2026-07-31T07:52:51.543767+00:00,iPhone 17 Pro Max 512GB,512GB,海峡通信,229000,229800,-800,WAIT,0,-5500,ok,目標未達,https://www.mobile-ichiban.com/Prod/1/01/37
2026-07-31T10:43:05.775225+00:00,iPhone 17 Pro 256GB,256GB,海峡通信,,179800,,ALERT,,,failed,"海峡通信の取得に失敗: 3回リトライ後も取得失敗: HTTPSConnectionPool(host='www.mobile-ichiban.com', port=443): Max retries exceeded with url: /Prod/1/01/36 (Caused by ConnectTimeoutError(<HTTPSConnection(host='www.mobile-ichiban.com', port=443) at 0x7f90812ee930>, 'Connection to www.mobile-ichiban.com timed out. (connect timeout=20)'))",https://www.mobile-ichiban.com/Prod/1/01/36
2026-07-31T10:43:05.775225+00:00,iPhone 17 Pro 512GB,512GB,海峡通信,,214800,,ALERT,,,failed,"海峡通信の取得に失敗: 3回リトライ後も取得失敗: HTTPSConnectionPool(host='www.mobile-ichiban.com', port=443): Max retries exceeded with url: /Prod/1/01/36 (Caused by ConnectTimeoutError(<HTTPSConnection(host='www.mobile-ichiban.com', port=443) at 0x7f90812ee930>, 'Connection to www.mobile-ichiban.com timed out. (connect timeout=20)'))",https://www.mobile-ichiban.com/Prod/1/01/36
2026-07-31T10:43:05.775225+00:00,iPhone 17 Pro Max 256GB,256GB,海峡通信,,194800,,ALERT,,,failed,"海峡通信の取得に失敗: 3回リトライ後も取得失敗: HTTPSConnectionPool(host='www.mobile-ichiban.com', port=443): Max retries exceeded with url: /Prod/1/01/37 (Caused by ConnectTimeoutError(<HTTPSConnection(host='www.mobile-ichiban.com', port=443) at 0x7f90804b7140>, 'Connection to www.mobile-ichiban.com timed out. (connect timeout=20)'))",https://www.mobile-ichiban.com/Prod/1/01/37
2026-07-31T10:43:05.775225+00:00,iPhone 17 Pro Max 512GB,512GB,海峡通信,,229800,,ALERT,,,failed,"海峡通信の取得に失敗: 3回リトライ後も取得失敗: HTTPSConnectionPool(host='www.mobile-ichiban.com', port=443): Max retries exceeded with url: /Prod/1/01/37 (Caused by ConnectTimeoutError(<HTTPSConnection(host='www.mobile-ichiban.com', port=443) at 0x7f90804b7140>, 'Connection to www.mobile-ichiban.com timed out. (connect timeout=20)'))",https://www.mobile-ichiban.com/Prod/1/01/37
2026-07-31T12:58:29.829734+00:00,iPhone 17 Pro 256GB,256GB,海峡通信,184000,179800,4200,SELL,0,-4500,ok,売却目標に到達,https://www.mobile-ichiban.com/Prod/1/01/36
2026-07-31T12:58:29.829734+00:00,iPhone 17 Pro 512GB,512GB,海峡通信,184000,214800,-30800,ALERT,-29000,-4500,ok,"前回比 -29,000円",https://www.mobile-ichiban.com/Prod/1/01/36
2026-07-31T12:58:29.829734+00:00,iPhone 17 Pro Max 256GB,256GB,海峡通信,197000,194800,2200,SELL,0,-4500,ok,売却目標に到達,https://www.mobile-ichiban.com/Prod/1/01/37
2026-07-31T12:58:29.829734+00:00,iPhone 17 Pro Max 512GB,512GB,海峡通信,197000,229800,-32800,ALERT,-32000,-4500,ok,"前回比 -32,000円",https://www.mobile-ichiban.com/Prod/1/01/37
2026-07-31T15:24:56.070580+00:00,iPhone 17 Pro 256GB,256GB,海峡通信,184000,179800,4200,SELL,0,-4500,ok,売却目標に到達,https://www.mobile-ichiban.com/Prod/1/01/36
2026-07-31T15:24:56.070580+00:00,iPhone 17 Pro 512GB,512GB,海峡通信,184000,214800,-30800,WAIT,0,-4500,ok,損益が監視ライン以下,https://www.mobile-ichiban.com/Prod/1/01/36
2026-07-31T15:24:56.070580+00:00,iPhone 17 Pro Max 256GB,256GB,海峡通信,197000,194800,2200,SELL,0,-4500,ok,売却目標に到達,https://www.mobile-ichiban.com/Prod/1/01/37
2026-07-31T15:24:56.070580+00:00,iPhone 17 Pro Max 512GB,512GB,海峡通信,197000,229800,-32800,WAIT,0,-4500,ok,損益が監視ライン以下,https://www.mobile-ichiban.com/Prod/1/01/37
2026-07-31T17:43:03.660082+00:00,iPhone 17 Pro 256GB,256GB,海峡通信,,179800,,ALERT,,,failed,"海峡通信の取得に失敗: 3回リトライ後も取得失敗: HTTPSConnectionPool(host='www.mobile-ichiban.com', port=443): Max retries exceeded with url: /Prod/1/01/36 (Caused by ConnectTimeoutError(<HTTPSConnection(host='www.mobile-ichiban.com', port=443) at 0x7f263ac86de0>, 'Connection to www.mobile-ichiban.com timed out. (connect timeout=20)'))",https://www.mobile-ichiban.com/Prod/1/01/36
2026-07-31T17:43:03.660082+00:00,iPhone 17 Pro 512GB,512GB,海峡通信,,214800,,ALERT,,,failed,"海峡通信の取得に失敗: 3回リトライ後も取得失敗: HTTPSConnectionPool(host='www.mobile-ichiban.com', port=443): Max retries exceeded with url: /Prod/1/01/36 (Caused by ConnectTimeoutError(<HTTPSConnection(host='www.mobile-ichiban.com', port=443) at 0x7f263ac86de0>, 'Connection to www.mobile-ichiban.com timed out. (connect timeout=20)'))",https://www.mobile-ichiban.com/Prod/1/01/36
2026-07-31T17:43:03.660082+00:00,iPhone 17 Pro Max 256GB,256GB,海峡通信,,194800,,ALERT,,,failed,"海峡通信の取得に失敗: 3回リトライ後も取得失敗: HTTPSConnectionPool(host='www.mobile-ichiban.com', port=443): Max retries exceeded with url: /Prod/1/01/37 (Caused by ConnectTimeoutError(<HTTPSConnection(host='www.mobile-ichiban.com', port=443) at 0x7f2639d57500>, 'Connection to www.mobile-ichiban.com timed out. (connect timeout=20)'))",https://www.mobile-ichiban.com/Prod/1/01/37
2026-07-31T17:43:03.660082+00:00,iPhone 17 Pro Max 512GB,512GB,海峡通信,,229800,,ALERT,,,failed,"海峡通信の取得に失敗: 3回リトライ後も取得失敗: HTTPSConnectionPool(host='www.mobile-ichiban.com', port=443): Max retries exceeded with url: /Prod/1/01/37 (Caused by ConnectTimeoutError(<HTTPSConnection(host='www.mobile-ichiban.com', port=443) at 0x7f2639d57500>, 'Connection to www.mobile-ichiban.com timed out. (connect timeout=20)'))",https://www.mobile-ichiban.com/Prod/1/01/37
2026-07-31T19:40:16.314158+00:00,iPhone 17 Pro 256GB,256GB,海峡通信,184000,179800,4200,SELL,0,-4500,ok,売却目標に到達,https://www.mobile-ichiban.com/Prod/1/01/36
2026-07-31T19:40:16.314158+00:00,iPhone 17 Pro 512GB,512GB,海峡通信,184000,214800,-30800,WAIT,0,-4500,ok,損益が監視ライン以下,https://www.mobile-ichiban.com/Prod/1/01/36
2026-07-31T19:40:16.314158+00:00,iPhone 17 Pro Max 256GB,256GB,海峡通信,197000,194800,2200,SELL,0,-4500,ok,売却目標に到達,https://www.mobile-ichiban.com/Prod/1/01/37
2026-07-31T19:40:16.314158+00:00,iPhone 17 Pro Max 512GB,512GB,海峡通信,197000,229800,-32800,WAIT,0,-4500,ok,損益が監視ライン以下,https://www.mobile-ichiban.com/Prod/1/01/37
2026-07-31T21:10:34.758991+00:00,iPhone 17 Pro 256GB,256GB,海峡通信,184000,179800,4200,SELL,0,-4500,ok,売却目標に到達,https://www.mobile-ichiban.com/Prod/1/01/36
2026-07-31T21:10:34.758991+00:00,iPhone 17 Pro 512GB,512GB,海峡通信,184000,214800,-30800,WAIT,0,-4500,ok,損益が監視ライン以下,https://www.mobile-ichiban.com/Prod/1/01/36
2026-07-31T21:10:34.758991+00:00,iPhone 17 Pro Max 256GB,256GB,海峡通信,197000,194800,2200,SELL,0,-4500,ok,売却目標に到達,https://www.mobile-ichiban.com/Prod/1/01/37
2026-07-31T21:10:34.758991+00:00,iPhone 17 Pro Max 512GB,512GB,海峡通信,197000,229800,-32800,WAIT,0,-4500,ok,損益が監視ライン以下,https://www.mobile-ichiban.com/Prod/1/01/37
2026-07-31T23:05:25.353462+00:00,iPhone 17 Pro 256GB,256GB,海峡通信,,179800,,ALERT,,,failed,"海峡通信の取得に失敗: 3回リトライ後も取得失敗: HTTPSConnectionPool(host='www.mobile-ichiban.com', port=443): Max retries exceeded with url: /Prod/1/01/36 (Caused by ConnectTimeoutError(<HTTPSConnection(host='www.mobile-ichiban.com', port=443) at 0x7fba42948530>, 'Connection to www.mobile-ichiban.com timed out. (connect timeout=20)'))",https://www.mobile-ichiban.com/Prod/1/01/36
2026-07-31T23:05:25.353462+00:00,iPhone 17 Pro 512GB,512GB,海峡通信,,214800,,ALERT,,,failed,"海峡通信の取得に失敗: 3回リトライ後も取得失敗: HTTPSConnectionPool(host='www.mobile-ichiban.com', port=443): Max retries exceeded with url: /Prod/1/01/36 (Caused by ConnectTimeoutError(<HTTPSConnection(host='www.mobile-ichiban.com', port=443) at 0x7fba42948530>, 'Connection to www.mobile-ichiban.com timed out. (connect timeout=20)'))",https://www.mobile-ichiban.com/Prod/1/01/36
2026-07-31T23:05:25.353462+00:00,iPhone 17 Pro Max 256GB,256GB,海峡通信,,194800,,ALERT,,,failed,"海峡通信の取得に失敗: 3回リトライ後も取得失敗: HTTPSConnectionPool(host='www.mobile-ichiban.com', port=443): Max retries exceeded with url: /Prod/1/01/37 (Caused by ConnectTimeoutError(<HTTPSConnection(host='www.mobile-ichiban.com', port=443) at 0x7fba424031a0>, 'Connection to www.mobile-ichiban.com timed out. (connect timeout=20)'))",https://www.mobile-ichiban.com/Prod/1/01/37
2026-07-31T23:05:25.353462+00:00,iPhone 17 Pro Max 512GB,512GB,海峡通信,,229800,,ALERT,,,failed,"海峡通信の取得に失敗: 3回リトライ後も取得失敗: HTTPSConnectionPool(host='www.mobile-ichiban.com', port=443): Max retries exceeded with url: /Prod/1/01/37 (Caused by ConnectTimeoutError(<HTTPSConnection(host='www.mobile-ichiban.com', port=443) at 0x7fba424031a0>, 'Connection to www.mobile-ichiban.com timed out. (connect timeout=20)'))",https://www.mobile-ichiban.com/Prod/1/01/37
2026-08-01T03:22:28.658574+00:00,iPhone 17 Pro 256GB,256GB,海峡通信,181000,179800,1200,SELL,-3000,-3000,ok,売却目標に到達,https://www.mobile-ichiban.com/Prod/1/01/36
2026-08-01T03:22:28.658574+00:00,iPhone 17 Pro 512GB,512GB,海峡通信,208000,214800,-6800,WAIT,24000,-5000,ok,"前回比 +24,000円",https://www.mobile-ichiban.com/Prod/1/01/36
2026-08-01T03:22:28.658574+00:00,iPhone 17 Pro Max 256GB,256GB,海峡通信,194000,194800,-800,ALERT,-3000,-3000,ok,"前回比 -3,000円",https://www.mobile-ichiban.com/Prod/1/01/37
2026-08-01T03:22:28.658574+00:00,iPhone 17 Pro Max 512GB,512GB,海峡通信,225000,229800,-4800,WAIT,28000,-4000,ok,"前回比 +28,000円",https://www.mobile-ichiban.com/Prod/1/01/37
2026-08-01T06:33:13.832401+00:00,iPhone 17 Pro 256GB,256GB,海峡通信,181000,179800,1200,SELL,0,-3000,ok,売却目標に到達,https://www.mobile-ichiban.com/Prod/1/01/36
2026-08-01T06:33:13.832401+00:00,iPhone 17 Pro 512GB,512GB,海峡通信,208000,214800,-6800,WAIT,0,-5000,ok,目標未達,https://www.mobile-ichiban.com/Prod/1/01/36
2026-08-01T06:33:13.832401+00:00,iPhone 17 Pro Max 256GB,256GB,海峡通信,194000,194800,-800,WAIT,0,-3000,ok,目標未達,https://www.mobile-ichiban.com/Prod/1/01/37
2026-08-01T06:33:13.832401+00:00,iPhone 17 Pro Max 512GB,512GB,海峡通信,225000,229800,-4800,WAIT,0,-4000,ok,目標未達,https://www.mobile-ichiban.com/Prod/1/01/37
2026-08-01T09:08:53.356859+00:00,iPhone 17 Pro 256GB,256GB,海峡通信,,179800,,ALERT,,,failed,"海峡通信の取得に失敗: 3回リトライ後も取得失敗: HTTPSConnectionPool(host='www.mobile-ichiban.com', port=443): Max retries exceeded with url: /Prod/1/01/36 (Caused by ConnectTimeoutError(<HTTPSConnection(host='www.mobile-ichiban.com', port=443) at 0x7fb4ab2212e0>, 'Connection to www.mobile-ichiban.com timed out. (connect timeout=20)'))",https://www.mobile-ichiban.com/Prod/1/01/36
2026-08-01T09:08:53.356859+00:00,iPhone 17 Pro 512GB,512GB,海峡通信,,214800,,ALERT,,,failed,"海峡通信の取得に失敗: 3回リトライ後も取得失敗: HTTPSConnectionPool(host='www.mobile-ichiban.com', port=443): Max retries exceeded with url: /Prod/1/01/36 (Caused by ConnectTimeoutError(<HTTPSConnection(host='www.mobile-ichiban.com', port=443) at 0x7fb4ab2212e0>, 'Connection to www.mobile-ichiban.com timed out. (connect timeout=20)'))",https://www.mobile-ichiban.com/Prod/1/01/36
2026-08-01T09:08:53.356859+00:00,iPhone 17 Pro Max 256GB,256GB,海峡通信,,194800,,ALERT,,,failed,"海峡通信の取得に失敗: 3回リトライ後も取得失敗: HTTPSConnectionPool(host='www.mobile-ichiban.com', port=443): Max retries exceeded with url: /Prod/1/01/37 (Caused by ConnectTimeoutError(<HTTPSConnection(host='www.mobile-ichiban.com', port=443) at 0x7fb4aa5bb350>, 'Connection to www.mobile-ichiban.com timed out. (connect timeout=20)'))",https://www.mobile-ichiban.com/Prod/1/01/37
2026-08-01T09:08:53.356859+00:00,iPhone 17 Pro Max 512GB,512GB,海峡通信,,229800,,ALERT,,,failed,"海峡通信の取得に失敗: 3回リトライ後も取得失敗: HTTPSConnectionPool(host='www.mobile-ichiban.com', port=443): Max retries exceeded with url: /Prod/1/01/37 (Caused by ConnectTimeoutError(<HTTPSConnection(host='www.mobile-ichiban.com', port=443) at 0x7fb4aa5bb350>, 'Connection to www.mobile-ichiban.com timed out. (connect timeout=20)'))",https://www.mobile-ichiban.com/Prod/1/01/37
2026-08-01T11:20:02.880625+00:00,iPhone 17 Pro 256GB,256GB,海峡通信,181000,179800,1200,SELL,0,-3000,ok,売却目標に到達,https://www.mobile-ichiban.com/Prod/1/01/36
2026-08-01T11:20:02.880625+00:00,iPhone 17 Pro 512GB,512GB,海峡通信,181000,214800,-33800,ALERT,-27000,-3000,ok,"前回比 -27,000円",https://www.mobile-ichiban.com/Prod/1/01/36
2026-08-01T11:20:02.880625+00:00,iPhone 17 Pro Max 256GB,256GB,海峡通信,194000,194800,-800,WAIT,0,-3000,ok,目標未達,https://www.mobile-ichiban.com/Prod/1/01/37
2026-08-01T11:20:02.880625+00:00,iPhone 17 Pro Max 512GB,512GB,海峡通信,194000,229800,-35800,ALERT,-31000,-3000,ok,"前回比 -31,000円",https://www.mobile-ichiban.com/Prod/1/01/37
2026-08-01T13:36:22.907409+00:00,iPhone 17 Pro 256GB,256GB,海峡通信,181000,179800,1200,SELL,0,-3000,ok,売却目標に到達,https://www.mobile-ichiban.com/Prod/1/01/36
2026-08-01T13:36:22.907409+00:00,iPhone 17 Pro 512GB,512GB,海峡通信,181000,214800,-33800,WAIT,0,-3000,ok,損益が監視ライン以下,https://www.mobile-ichiban.com/Prod/1/01/36
2026-08-01T13:36:22.907409+00:00,iPhone 17 Pro Max 256GB,256GB,海峡通信,194000,194800,-800,WAIT,0,-3000,ok,目標未達,https://www.mobile-ichiban.com/Prod/1/01/37
2026-08-01T13:36:22.907409+00:00,iPhone 17 Pro Max 512GB,512GB,海峡通信,194000,229800,-35800,WAIT,0,-3000,ok,損益が監視ライン以下,https://www.mobile-ichiban.com/Prod/1/01/37
2026-08-01T15:03:59.097642+00:00,iPhone 17 Pro 256GB,256GB,海峡通信,181000,179800,1200,SELL,0,-3000,ok,売却目標に到達,https://www.mobile-ichiban.com/Prod/1/01/36
2026-08-01T15:03:59.097642+00:00,iPhone 17 Pro 512GB,512GB,海峡通信,181000,214800,-33800,WAIT,0,-3000,ok,損益が監視ライン以下,https://www.mobile-ichiban.com/Prod/1/01/36
2026-08-01T15:03:59.097642+00:00,iPhone 17 Pro Max 256GB,256GB,海峡通信,194000,194800,-800,WAIT,0,-3000,ok,目標未達,https://www.mobile-ichiban.com/Prod/1/01/37
2026-08-01T15:03:59.097642+00:00,iPhone 17 Pro Max 512GB,512GB,海峡通信,194000,229800,-35800,WAIT,0,-3000,ok,損益が監視ライン以下,https://www.mobile-ichiban.com/Prod/1/01/37
2026-08-01T17:04:17.106474+00:00,iPhone 17 Pro 256GB,256GB,海峡通信,181000,179800,1200,SELL,0,-3000,ok,売却目標に到達,https://www.mobile-ichiban.com/Prod/1/01/36
2026-08-01T17:04:17.106474+00:00,iPhone 17 Pro 512GB,512GB,海峡通信,181000,214800,-33800,WAIT,0,-3000,ok,損益が監視ライン以下,https://www.mobile-ichiban.com/Prod/1/01/36
2026-08-01T17:04:17.106474+00:00,iPhone 17 Pro Max 256GB,256GB,海峡通信,194000,194800,-800,WAIT,0,-3000,ok,目標未達,https://www.mobile-ichiban.com/Prod/1/01/37
2026-08-01T17:04:17.106474+00:00,iPhone 17 Pro Max 512GB,512GB,海峡通信,194000,229800,-35800,WAIT,0,-3000,ok,損益が監視ライン以下,https://www.mobile-ichiban.com/Prod/1/01/37
2026-08-01T19:14:42.868197+00:00,iPhone 17 Pro 256GB,256GB,海峡通信,181000,179800,1200,SELL,0,-3000,ok,売却目標に到達,https://www.mobile-ichiban.com/Prod/1/01/36
2026-08-01T19:14:42.868197+00:00,iPhone 17 Pro 512GB,512GB,海峡通信,181000,214800,-33800,WAIT,0,-3000,ok,損益が監視ライン以下,https://www.mobile-ichiban.com/Prod/1/01/36
2026-08-01T19:14:42.868197+00:00,iPhone 17 Pro Max 256GB,256GB,海峡通信,194000,194800,-800,WAIT,0,-3000,ok,目標未達,https://www.mobile-ichiban.com/Prod/1/01/37
2026-08-01T19:14:42.868197+00:00,iPhone 17 Pro Max 512GB,512GB,海峡通信,194000,229800,-35800,WAIT,0,-3000,ok,損益が監視ライン以下,https://www.mobile-ichiban.com/Prod/1/01/37
2026-08-01T20:58:25.722267+00:00,iPhone 17 Pro 256GB,256GB,海峡通信,181000,179800,1200,SELL,0,-3000,ok,売却目標に到達,https://www.mobile-ichiban.com/Prod/1/01/36
2026-08-01T20:58:25.722267+00:00,iPhone 17 Pro 512GB,512GB,海峡通信,181000,214800,-33800,WAIT,0,-3000,ok,損益が監視ライン以下,https://www.mobile-ichiban.com/Prod/1/01/36
2026-08-01T20:58:25.722267+00:00,iPhone 17 Pro Max 256GB,256GB,海峡通信,194000,194800,-800,WAIT,0,-3000,ok,目標未達,https://www.mobile-ichiban.com/Prod/1/01/37
2026-08-01T20:58:25.722267+00:00,iPhone 17 Pro Max 512GB,512GB,海峡通信,194000,229800,-35800,WAIT,0,-3000,ok,損益が監視ライン以下,https://www.mobile-ichiban.com/Prod/1/01/37
2026-08-01T22:03:26.190004+00:00,iPhone 17 Pro 256GB,256GB,海峡通信,181000,179800,1200,SELL,0,-3000,ok,売却目標に到達,https://www.mobile-ichiban.com/Prod/1/01/36
2026-08-01T22:03:26.190004+00:00,iPhone 17 Pro 512GB,512GB,海峡通信,181000,214800,-33800,WAIT,0,-3000,ok,損益が監視ライン以下,https://www.mobile-ichiban.com/Prod/1/01/36
2026-08-01T22:03:26.190004+00:00,iPhone 17 Pro Max 256GB,256GB,海峡通信,194000,194800,-800,WAIT,0,-3000,ok,目標未達,https://www.mobile-ichiban.com/Prod/1/01/37
2026-08-01T22:03:26.190004+00:00,iPhone 17 Pro Max 512GB,512GB,海峡通信,194000,229800,-35800,WAIT,0,-3000,ok,損益が監視ライン以下,https://www.mobile-ichiban.com/Prod/1/01/37
2026-08-01T23:59:53.041262+00:00,iPhone 17 Pro 256GB,256GB,海峡通信,181000,179800,1200,SELL,0,-3000,ok,売却目標に到達,https://www.mobile-ichiban.com/Prod/1/01/36
2026-08-01T23:59:53.041262+00:00,iPhone 17 Pro 512GB,512GB,海峡通信,181000,214800,-33800,WAIT,0,-3000,ok,損益が監視ライン以下,https://www.mobile-ichiban.com/Prod/1/01/36
2026-08-01T23:59:53.041262+00:00,iPhone 17 Pro Max 256GB,256GB,海峡通信,194000,194800,-800,WAIT,0,-3000,ok,目標未達,https://www.mobile-ichiban.com/Prod/1/01/37
2026-08-01T23:59:53.041262+00:00,iPhone 17 Pro Max 512GB,512GB,海峡通信,194000,229800,-35800,WAIT,0,-3000,ok,損益が監視ライン以下,https://www.mobile-ichiban.com/Prod/1/01/37
2026-08-02T03:45:28.183938+00:00,iPhone 17 Pro 256GB,256GB,海峡通信,181000,179800,1200,SELL,0,0,ok,売却目標に到達,https://www.mobile-ichiban.com/Prod/1/01/36
2026-08-02T03:45:28.183938+00:00,iPhone 17 Pro 512GB,512GB,海峡通信,208000,214800,-6800,WAIT,27000,0,ok,"前回比 +27,000円",https://www.mobile-ichiban.com/Prod/1/01/36
2026-08-02T03:45:28.183938+00:00,iPhone 17 Pro Max 256GB,256GB,海峡通信,194000,194800,-800,WAIT,0,0,ok,目標未達,https://www.mobile-ichiban.com/Prod/1/01/37
2026-08-02T03:45:28.183938+00:00,iPhone 17 Pro Max 512GB,512GB,海峡通信,225000,229800,-4800,WAIT,31000,0,ok,"前回比 +31,000円",https://www.mobile-ichiban.com/Prod/1/01/37
2026-08-02T06:37:04.034533+00:00,iPhone 17 Pro 256GB,256GB,海峡通信,,179800,,ALERT,,,failed,"海峡通信の取得に失敗: 3回リトライ後も取得失敗: HTTPSConnectionPool(host='www.mobile-ichiban.com', port=443): Max retries exceeded with url: /Prod/1/01/36 (Caused by ConnectTimeoutError(<HTTPSConnection(host='www.mobile-ichiban.com', port=443) at 0x7fd29736bb30>, 'Connection to www.mobile-ichiban.com timed out. (connect timeout=20)'))",https://www.mobile-ichiban.com/Prod/1/01/36
2026-08-02T06:37:04.034533+00:00,iPhone 17 Pro 512GB,512GB,海峡通信,,214800,,ALERT,,,failed,"海峡通信の取得に失敗: 3回リトライ後も取得失敗: HTTPSConnectionPool(host='www.mobile-ichiban.com', port=443): Max retries exceeded with url: /Prod/1/01/36 (Caused by ConnectTimeoutError(<HTTPSConnection(host='www.mobile-ichiban.com', port=443) at 0x7fd29736bb30>, 'Connection to www.mobile-ichiban.com timed out. (connect timeout=20)'))",https://www.mobile-ichiban.com/Prod/1/01/36
2026-08-02T06:37:04.034533+00:00,iPhone 17 Pro Max 256GB,256GB,海峡通信,,194800,,ALERT,,,failed,"海峡通信の取得に失敗: 3回リトライ後も取得失敗: HTTPSConnectionPool(host='www.mobile-ichiban.com', port=443): Max retries exceeded with url: /Prod/1/01/37 (Caused by ConnectTimeoutError(<HTTPSConnection(host='www.mobile-ichiban.com', port=443) at 0x7fd296c5b020>, 'Connection to www.mobile-ichiban.com timed out. (connect timeout=20)'))",https://www.mobile-ichiban.com/Prod/1/01/37
2026-08-02T06:37:04.034533+00:00,iPhone 17 Pro Max 512GB,512GB,海峡通信,,229800,,ALERT,,,failed,"海峡通信の取得に失敗: 3回リトライ後も取得失敗: HTTPSConnectionPool(host='www.mobile-ichiban.com', port=443): Max retries exceeded with url: /Prod/1/01/37 (Caused by ConnectTimeoutError(<HTTPSConnection(host='www.mobile-ichiban.com', port=443) at 0x7fd296c5b020>, 'Connection to www.mobile-ichiban.com timed out. (connect timeout=20)'))",https://www.mobile-ichiban.com/Prod/1/01/37
2026-08-02T09:11:46.904366+00:00,iPhone 17 Pro 256GB,256GB,海峡通信,181000,179800,1200,SELL,0,0,ok,売却目標に到達,https://www.mobile-ichiban.com/Prod/1/01/36
2026-08-02T09:11:46.904366+00:00,iPhone 17 Pro 512GB,512GB,海峡通信,208000,214800,-6800,WAIT,0,27000,ok,目標未達,https://www.mobile-ichiban.com/Prod/1/01/36
2026-08-02T09:11:46.904366+00:00,iPhone 17 Pro Max 256GB,256GB,海峡通信,194000,194800,-800,WAIT,0,0,ok,目標未達,https://www.mobile-ichiban.com/Prod/1/01/37
2026-08-02T09:11:46.904366+00:00,iPhone 17 Pro Max 512GB,512GB,海峡通信,225000,229800,-4800,WAIT,0,31000,ok,目標未達,https://www.mobile-ichiban.com/Prod/1/01/37
2026-08-02T11:19:03.722539+00:00,iPhone 17 Pro 256GB,256GB,海峡通信,181000,179800,1200,SELL,0,0,ok,売却目標に到達,https://www.mobile-ichiban.com/Prod/1/01/36
2026-08-02T11:19:03.722539+00:00,iPhone 17 Pro 512GB,512GB,海峡通信,181000,214800,-33800,ALERT,-27000,0,ok,"前回比 -27,000円",https://www.mobile-ichiban.com/Prod/1/01/36
2026-08-02T11:19:03.722539+00:00,iPhone 17 Pro Max 256GB,256GB,海峡通信,194000,194800,-800,WAIT,0,0,ok,目標未達,https://www.mobile-ichiban.com/Prod/1/01/37
2026-08-02T11:19:03.722539+00:00,iPhone 17 Pro Max 512GB,512GB,海峡通信,194000,229800,-35800,ALERT,-31000,0,ok,"前回比 -31,000円",https://www.mobile-ichiban.com/Prod/1/01/37
2026-08-02T13:37:01.086861+00:00,iPhone 17 Pro 256GB,256GB,海峡通信,181000,179800,1200,SELL,0,0,ok,売却目標に到達,https://www.mobile-ichiban.com/Prod/1/01/36
2026-08-02T13:37:01.086861+00:00,iPhone 17 Pro 512GB,512GB,海峡通信,181000,214800,-33800,WAIT,0,0,ok,損益が監視ライン以下,https://www.mobile-ichiban.com/Prod/1/01/36
2026-08-02T13:37:01.086861+00:00,iPhone 17 Pro Max 256GB,256GB,海峡通信,194000,194800,-800,WAIT,0,0,ok,目標未達,https://www.mobile-ichiban.com/Prod/1/01/37
2026-08-02T13:37:01.086861+00:00,iPhone 17 Pro Max 512GB,512GB,海峡通信,194000,229800,-35800,WAIT,0,0,ok,損益が監視ライン以下,https://www.mobile-ichiban.com/Prod/1/01/37
2026-08-02T15:05:45.714856+00:00,iPhone 17 Pro 256GB,256GB,海峡通信,181000,179800,1200,SELL,0,0,ok,売却目標に到達,https://www.mobile-ichiban.com/Prod/1/01/36
2026-08-02T15:05:45.714856+00:00,iPhone 17 Pro 512GB,512GB,海峡通信,181000,214800,-33800,WAIT,0,0,ok,損益が監視ライン以下,https://www.mobile-ichiban.com/Prod/1/01/36
2026-08-02T15:05:45.714856+00:00,iPhone 17 Pro Max 256GB,256GB,海峡通信,194000,194800,-800,WAIT,0,0,ok,目標未達,https://www.mobile-ichiban.com/Prod/1/01/37
2026-08-02T15:05:45.714856+00:00,iPhone 17 Pro Max 512GB,512GB,海峡通信,194000,229800,-35800,WAIT,0,0,ok,損益が監視ライン以下,https://www.mobile-ichiban.com/Prod/1/01/37
2026-08-02T17:04:46.996049+00:00,iPhone 17 Pro 256GB,256GB,海峡通信,181000,179800,1200,SELL,0,0,ok,売却目標に到達,https://www.mobile-ichiban.com/Prod/1/01/36
2026-08-02T17:04:46.996049+00:00,iPhone 17 Pro 512GB,512GB,海峡通信,181000,214800,-33800,WAIT,0,0,ok,損益が監視ライン以下,https://www.mobile-ichiban.com/Prod/1/01/36
2026-08-02T17:04:46.996049+00:00,iPhone 17 Pro Max 256GB,256GB,海峡通信,194000,194800,-800,WAIT,0,0,ok,目標未達,https://www.mobile-ichiban.com/Prod/1/01/37
2026-08-02T17:04:46.996049+00:00,iPhone 17 Pro Max 512GB,512GB,海峡通信,194000,229800,-35800,WAIT,0,0,ok,損益が監視ライン以下,https://www.mobile-ichiban.com/Prod/1/01/37
2026-08-02T19:16:37.430098+00:00,iPhone 17 Pro 256GB,256GB,海峡通信,181000,179800,1200,SELL,0,0,ok,売却目標に到達,https://www.mobile-ichiban.com/Prod/1/01/36
2026-08-02T19:16:37.430098+00:00,iPhone 17 Pro 512GB,512GB,海峡通信,181000,214800,-33800,WAIT,0,0,ok,損益が監視ライン以下,https://www.mobile-ichiban.com/Prod/1/01/36
2026-08-02T19:16:37.430098+00:00,iPhone 17 Pro Max 256GB,256GB,海峡通信,194000,194800,-800,WAIT,0,0,ok,目標未達,https://www.mobile-ichiban.com/Prod/1/01/37
2026-08-02T19:16:37.430098+00:00,iPhone 17 Pro Max 512GB,512GB,海峡通信,194000,229800,-35800,WAIT,0,0,ok,損益が監視ライン以下,https://www.mobile-ichiban.com/Prod/1/01/37
2026-08-02T21:00:09.353492+00:00,iPhone 17 Pro 256GB,256GB,海峡通信,181000,179800,1200,SELL,0,0,ok,売却目標に到達,https://www.mobile-ichiban.com/Prod/1/01/36
2026-08-02T21:00:09.353492+00:00,iPhone 17 Pro 512GB,512GB,海峡通信,181000,214800,-33800,WAIT,0,0,ok,損益が監視ライン以下,https://www.mobile-ichiban.com/Prod/1/01/36
2026-08-02T21:00:09.353492+00:00,iPhone 17 Pro Max 256GB,256GB,海峡通信,194000,194800,-800,WAIT,0,0,ok,目標未達,https://www.mobile-ichiban.com/Prod/1/01/37
2026-08-02T21:00:09.353492+00:00,iPhone 17 Pro Max 512GB,512GB,海峡通信,194000,229800,-35800,WAIT,0,0,ok,損益が監視ライン以下,https://www.mobile-ichiban.com/Prod/1/01/37
2026-08-02T22:58:34.231066+00:00,iPhone 17 Pro 256GB,256GB,海峡通信,181000,179800,1200,SELL,0,0,ok,売却目標に到達,https://www.mobile-ichiban.com/Prod/1/01/36
2026-08-02T22:58:34.231066+00:00,iPhone 17 Pro 512GB,512GB,海峡通信,181000,214800,-33800,WAIT,0,0,ok,損益が監視ライン以下,https://www.mobile-ichiban.com/Prod/1/01/36
2026-08-02T22:58:34.231066+00:00,iPhone 17 Pro Max 256GB,256GB,海峡通信,194000,194800,-800,WAIT,0,0,ok,目標未達,https://www.mobile-ichiban.com/Prod/1/01/37
2026-08-02T22:58:34.231066+00:00,iPhone 17 Pro Max 512GB,512GB,海峡通信,194000,229800,-35800,WAIT,0,0,ok,損益が監視ライン以下,https://www.mobile-ichiban.com/Prod/1/01/37
2026-08-03T00:06:30.168573+00:00,iPhone 17 Pro 256GB,256GB,海峡通信,181000,179800,1200,SELL,0,0,ok,売却目標に到達,https://www.mobile-ichiban.com/Prod/1/01/36
2026-08-03T00:06:30.168573+00:00,iPhone 17 Pro 512GB,512GB,海峡通信,181000,214800,-33800,WAIT,0,0,ok,損益が監視ライン以下,https://www.mobile-ichiban.com/Prod/1/01/36
2026-08-03T00:06:30.168573+00:00,iPhone 17 Pro Max 256GB,256GB,海峡通信,194000,194800,-800,WAIT,0,0,ok,目標未達,https://www.mobile-ichiban.com/Prod/1/01/37
2026-08-03T00:06:30.168573+00:00,iPhone 17 Pro Max 512GB,512GB,海峡通信,194000,229800,-35800,WAIT,0,0,ok,損益が監視ライン以下,https://www.mobile-ichiban.com/Prod/1/01/37
2026-08-03T04:33:28.006699+00:00,iPhone 17 Pro 256GB,256GB,海峡通信,177000,179800,-2800,ALERT,-4000,-4000,ok,"前回比 -4,000円",https://www.mobile-ichiban.com/Prod/1/01/36
2026-08-03T04:33:28.006699+00:00,iPhone 17 Pro 512GB,512GB,海峡通信,206000,214800,-8800,WAIT,25000,-2000,ok,"前回比 +25,000円",https://www.mobile-ichiban.com/Prod/1/01/36
2026-08-03T04:33:28.006699+00:00,iPhone 17 Pro Max 256GB,256GB,海峡通信,190000,194800,-4800,ALERT,-4000,-4000,ok,"前回比 -4,000円",https://www.mobile-ichiban.com/Prod/1/01/37
2026-08-03T04:33:28.006699+00:00,iPhone 17 Pro Max 512GB,512GB,海峡通信,221000,229800,-8800,WAIT,27000,-4000,ok,"前回比 +27,000円",https://www.mobile-ichiban.com/Prod/1/01/37
2026-08-03T08:32:22.075965+00:00,iPhone 17 Pro 256GB,256GB,海峡通信,,179800,,ALERT,,,failed,"海峡通信の取得に失敗: 3回リトライ後も取得失敗: HTTPSConnectionPool(host='www.mobile-ichiban.com', port=443): Max retries exceeded with url: /Prod/1/01/36 (Caused by ConnectTimeoutError(<HTTPSConnection(host='www.mobile-ichiban.com', port=443) at 0x7facfe3cc7a0>, 'Connection to www.mobile-ichiban.com timed out. (connect timeout=20)'))",https://www.mobile-ichiban.com/Prod/1/01/36
2026-08-03T08:32:22.075965+00:00,iPhone 17 Pro 512GB,512GB,海峡通信,,214800,,ALERT,,,failed,"海峡通信の取得に失敗: 3回リトライ後も取得失敗: HTTPSConnectionPool(host='www.mobile-ichiban.com', port=443): Max retries exceeded with url: /Prod/1/01/36 (Caused by ConnectTimeoutError(<HTTPSConnection(host='www.mobile-ichiban.com', port=443) at 0x7facfe3cc7a0>, 'Connection to www.mobile-ichiban.com timed out. (connect timeout=20)'))",https://www.mobile-ichiban.com/Prod/1/01/36
2026-08-03T08:32:22.075965+00:00,iPhone 17 Pro Max 256GB,256GB,海峡通信,,194800,,ALERT,,,failed,"海峡通信の取得に失敗: 3回リトライ後も取得失敗: HTTPSConnectionPool(host='www.mobile-ichiban.com', port=443): Max retries exceeded with url: /Prod/1/01/37 (Caused by ConnectTimeoutError(<HTTPSConnection(host='www.mobile-ichiban.com', port=443) at 0x7facfe3cf5c0>, 'Connection to www.mobile-ichiban.com timed out. (connect timeout=20)'))",https://www.mobile-ichiban.com/Prod/1/01/37
2026-08-03T08:32:22.075965+00:00,iPhone 17 Pro Max 512GB,512GB,海峡通信,,229800,,ALERT,,,failed,"海峡通信の取得に失敗: 3回リトライ後も取得失敗: HTTPSConnectionPool(host='www.mobile-ichiban.com', port=443): Max retries exceeded with url: /Prod/1/01/37 (Caused by ConnectTimeoutError(<HTTPSConnection(host='www.mobile-ichiban.com', port=443) at 0x7facfe3cf5c0>, 'Connection to www.mobile-ichiban.com timed out. (connect timeout=20)'))",https://www.mobile-ichiban.com/Prod/1/01/37
2026-08-03T12:29:18.782120+00:00,iPhone 17 Pro 256GB,256GB,海峡通信,177000,179800,-2800,WAIT,0,-4000,ok,目標未達,https://www.mobile-ichiban.com/Prod/1/01/36
2026-08-03T12:29:18.782120+00:00,iPhone 17 Pro 512GB,512GB,海峡通信,177000,214800,-37800,ALERT,-29000,-4000,ok,"前回比 -29,000円",https://www.mobile-ichiban.com/Prod/1/01/36
2026-08-03T12:29:18.782120+00:00,iPhone 17 Pro Max 256GB,256GB,海峡通信,190000,194800,-4800,WAIT,0,-4000,ok,目標未達,https://www.mobile-ichiban.com/Prod/1/01/37
2026-08-03T12:29:18.782120+00:00,iPhone 17 Pro Max 512GB,512GB,海峡通信,190000,229800,-39800,ALERT,-31000,-4000,ok,"前回比 -31,000円",https://www.mobile-ichiban.com/Prod/1/01/37
2026-08-03T15:45:57.745859+00:00,iPhone 17 Pro 256GB,256GB,海峡通信,177000,179800,-2800,WAIT,0,-4000,ok,目標未達,https://www.mobile-ichiban.com/Prod/1/01/36
2026-08-03T15:45:57.745859+00:00,iPhone 17 Pro 512GB,512GB,海峡通信,177000,214800,-37800,WAIT,0,-4000,ok,損益が監視ライン以下,https://www.mobile-ichiban.com/Prod/1/01/36
2026-08-03T15:45:57.745859+00:00,iPhone 17 Pro Max 256GB,256GB,海峡通信,190000,194800,-4800,WAIT,0,-4000,ok,目標未達,https://www.mobile-ichiban.com/Prod/1/01/37
2026-08-03T15:45:57.745859+00:00,iPhone 17 Pro Max 512GB,512GB,海峡通信,190000,229800,-39800,WAIT,0,-4000,ok,損益が監視ライン以下,https://www.mobile-ichiban.com/Prod/1/01/37
2026-08-03T17:55:01.553115+00:00,iPhone 17 Pro 256GB,256GB,海峡通信,177000,179800,-2800,WAIT,0,-4000,ok,目標未達,https://www.mobile-ichiban.com/Prod/1/01/36
2026-08-03T17:55:01.553115+00:00,iPhone 17 Pro 512GB,512GB,海峡通信,177000,214800,-37800,WAIT,0,-4000,ok,損益が監視ライン以下,https://www.mobile-ichiban.com/Prod/1/01/36
2026-08-03T17:55:01.553115+00:00,iPhone 17 Pro Max 256GB,256GB,海峡通信,190000,194800,-4800,WAIT,0,-4000,ok,目標未達,https://www.mobile-ichiban.com/Prod/1/01/37
2026-08-03T17:55:01.553115+00:00,iPhone 17 Pro Max 512GB,512GB,海峡通信,190000,229800,-39800,WAIT,0,-4000,ok,損益が監視ライン以下,https://www.mobile-ichiban.com/Prod/1/01/37
2026-08-03T19:43:00.331749+00:00,iPhone 17 Pro 256GB,256GB,海峡通信,177000,179800,-2800,WAIT,0,-4000,ok,目標未達,https://www.mobile-ichiban.com/Prod/1/01/36
2026-08-03T19:43:00.331749+00:00,iPhone 17 Pro 512GB,512GB,海峡通信,177000,214800,-37800,WAIT,0,-4000,ok,損益が監視ライン以下,https://www.mobile-ichiban.com/Prod/1/01/36
2026-08-03T19:43:00.331749+00:00,iPhone 17 Pro Max 256GB,256GB,海峡通信,190000,194800,-4800,WAIT,0,-4000,ok,目標未達,https://www.mobile-ichiban.com/Prod/1/01/37
2026-08-03T19:43:00.331749+00:00,iPhone 17 Pro Max 512GB,512GB,海峡通信,190000,229800,-39800,WAIT,0,-4000,ok,損益が監視ライン以下,https://www.mobile-ichiban.com/Prod/1/01/37
2026-08-03T21:08:08.672107+00:00,iPhone 17 Pro 256GB,256GB,海峡通信,177000,179800,-2800,WAIT,0,-4000,ok,目標未達,https://www.mobile-ichiban.com/Prod/1/01/36
2026-08-03T21:08:08.672107+00:00,iPhone 17 Pro 512GB,512GB,海峡通信,177000,214800,-37800,WAIT,0,-4000,ok,損益が監視ライン以下,https://www.mobile-ichiban.com/Prod/1/01/36
2026-08-03T21:08:08.672107+00:00,iPhone 17 Pro Max 256GB,256GB,海峡通信,190000,194800,-4800,WAIT,0,-4000,ok,目標未達,https://www.mobile-ichiban.com/Prod/1/01/37
2026-08-03T21:08:08.672107+00:00,iPhone 17 Pro Max 512GB,512GB,海峡通信,190000,229800,-39800,WAIT,0,-4000,ok,損益が監視ライン以下,https://www.mobile-ichiban.com/Prod/1/01/37
2026-08-03T23:05:37.445057+00:00,iPhone 17 Pro 256GB,256GB,海峡通信,177000,179800,-2800,WAIT,0,-4000,ok,目標未達,https://www.mobile-ichiban.com/Prod/1/01/36
2026-08-03T23:05:37.445057+00:00,iPhone 17 Pro 512GB,512GB,海峡通信,177000,214800,-37800,WAIT,0,-4000,ok,損益が監視ライン以下,https://www.mobile-ichiban.com/Prod/1/01/36
2026-08-03T23:05:37.445057+00:00,iPhone 17 Pro Max 256GB,256GB,海峡通信,190000,194800,-4800,WAIT,0,-4000,ok,目標未達,https://www.mobile-ichiban.com/Prod/1/01/37
2026-08-03T23:05:37.445057+00:00,iPhone 17 Pro Max 512GB,512GB,海峡通信,190000,229800,-39800,WAIT,0,-4000,ok,損益が監視ライン以下,https://www.mobile-ichiban.com/Prod/1/01/37
2026-08-04T02:53:06.934349+00:00,iPhone 17 Pro 256GB,256GB,海峡通信,179000,179800,-800,WAIT,2000,2000,ok,目標未達,https://www.mobile-ichiban.com/Prod/1/01/36
2026-08-04T02:53:06.934349+00:00,iPhone 17 Pro 512GB,512GB,海峡通信,208000,214800,-6800,WAIT,31000,2000,ok,"前回比 +31,000円",https://www.mobile-ichiban.com/Prod/1/01/36
2026-08-04T02:53:06.934349+00:00,iPhone 17 Pro Max 256GB,256GB,海峡通信,191000,194800,-3800,WAIT,1000,1000,ok,目標未達,https://www.mobile-ichiban.com/Prod/1/01/37
2026-08-04T02:53:06.934349+00:00,iPhone 17 Pro Max 512GB,512GB,海峡通信,221000,229800,-8800,WAIT,31000,0,ok,"前回比 +31,000円",https://www.mobile-ichiban.com/Prod/1/01/37
2026-08-04T05:52:17.086269+00:00,iPhone 17 Pro 256GB,256GB,海峡通信,181000,179800,1200,SELL,2000,4000,ok,売却目標に到達,https://www.mobile-ichiban.com/Prod/1/01/36
2026-08-04T05:52:17.086269+00:00,iPhone 17 Pro 512GB,512GB,海峡通信,209000,214800,-5800,WAIT,1000,3000,ok,目標未達,https://www.mobile-ichiban.com/Prod/1/01/36
2026-08-04T05:52:17.086269+00:00,iPhone 17 Pro Max 256GB,256GB,海峡通信,192000,194800,-2800,WAIT,1000,2000,ok,目標未達,https://www.mobile-ichiban.com/Prod/1/01/37
2026-08-04T05:52:17.086269+00:00,iPhone 17 Pro Max 512GB,512GB,海峡通信,222000,229800,-7800,WAIT,1000,1000,ok,目標未達,https://www.mobile-ichiban.com/Prod/1/01/37
2026-08-04T08:44:29.899004+00:00,iPhone 17 Pro 256GB,256GB,海峡通信,181000,179800,1200,SELL,0,,ok,売却目標に到達,https://www.mobile-ichiban.com/Prod/1/01/36
2026-08-04T08:44:29.899004+00:00,iPhone 17 Pro 512GB,512GB,海峡通信,209000,214800,-5800,WAIT,0,,ok,目標未達,https://www.mobile-ichiban.com/Prod/1/01/36
2026-08-04T08:44:29.899004+00:00,iPhone 17 Pro Max 256GB,256GB,海峡通信,192000,194800,-2800,WAIT,0,,ok,目標未達,https://www.mobile-ichiban.com/Prod/1/01/37
2026-08-04T08:44:29.899004+00:00,iPhone 17 Pro Max 512GB,512GB,海峡通信,222000,229800,-7800,WAIT,0,,ok,目標未達,https://www.mobile-ichiban.com/Prod/1/01/37
2026-08-04T11:27:45.181933+00:00,iPhone 17 Pro 256GB,256GB,海峡通信,,179800,,ALERT,,,failed,"海峡通信の取得に失敗: 3回リトライ後も取得失敗: HTTPSConnectionPool(host='www.mobile-ichiban.com', port=443): Max retries exceeded with url: /Prod/1/01/36 (Caused by ConnectTimeoutError(<HTTPSConnection(host='www.mobile-ichiban.com', port=443) at 0x7fb916fded20>, 'Connection to www.mobile-ichiban.com timed out. (connect timeout=20)'))",https://www.mobile-ichiban.com/Prod/1/01/36
2026-08-04T11:27:45.181933+00:00,iPhone 17 Pro 512GB,512GB,海峡通信,,214800,,ALERT,,,failed,"海峡通信の取得に失敗: 3回リトライ後も取得失敗: HTTPSConnectionPool(host='www.mobile-ichiban.com', port=443): Max retries exceeded with url: /Prod/1/01/36 (Caused by ConnectTimeoutError(<HTTPSConnection(host='www.mobile-ichiban.com', port=443) at 0x7fb916fded20>, 'Connection to www.mobile-ichiban.com timed out. (connect timeout=20)'))",https://www.mobile-ichiban.com/Prod/1/01/36
2026-08-04T11:27:45.181933+00:00,iPhone 17 Pro Max 256GB,256GB,海峡通信,,194800,,ALERT,,,failed,"海峡通信の取得に失敗: 3回リトライ後も取得失敗: HTTPSConnectionPool(host='www.mobile-ichiban.com', port=443): Max retries exceeded with url: /Prod/1/01/37 (Caused by ConnectTimeoutError(<HTTPSConnection(host='www.mobile-ichiban.com', port=443) at 0x7fb9169ab410>, 'Connection to www.mobile-ichiban.com timed out. (connect timeout=20)'))",https://www.mobile-ichiban.com/Prod/1/01/37
2026-08-04T11:27:45.181933+00:00,iPhone 17 Pro Max 512GB,512GB,海峡通信,,229800,,ALERT,,,failed,"海峡通信の取得に失敗: 3回リトライ後も取得失敗: HTTPSConnectionPool(host='www.mobile-ichiban.com', port=443): Max retries exceeded with url: /Prod/1/01/37 (Caused by ConnectTimeoutError(<HTTPSConnection(host='www.mobile-ichiban.com', port=443) at 0x7fb9169ab410>, 'Connection to www.mobile-ichiban.com timed out. (connect timeout=20)'))",https://www.mobile-ichiban.com/Prod/1/01/37
2026-08-04T14:25:21.092086+00:00,iPhone 17 Pro 256GB,256GB,海峡通信,181000,179800,1200,SELL,0,4000,ok,売却目標に到達,https://www.mobile-ichiban.com/Prod/1/01/36
2026-08-04T14:25:21.092086+00:00,iPhone 17 Pro 512GB,512GB,海峡通信,181000,214800,-33800,ALERT,-28000,4000,ok,"前回比 -28,000円",https://www.mobile-ichiban.com/Prod/1/01/36
2026-08-04T14:25:21.092086+00:00,iPhone 17 Pro Max 256GB,256GB,海峡通信,192000,194800,-2800,WAIT,0,2000,ok,目標未達,https://www.mobile-ichiban.com/Prod/1/01/37
2026-08-04T14:25:21.092086+00:00,iPhone 17 Pro Max 512GB,512GB,海峡通信,192000,229800,-37800,ALERT,-30000,2000,ok,"前回比 -30,000円",https://www.mobile-ichiban.com/Prod/1/01/37
2026-08-04T16:55:22.023051+00:00,iPhone 17 Pro 256GB,256GB,海峡通信,,179800,,ALERT,,,failed,"海峡通信の取得に失敗: 3回リトライ後も取得失敗: HTTPSConnectionPool(host='www.mobile-ichiban.com', port=443): Max retries exceeded with url: /Prod/1/01/36 (Caused by ConnectTimeoutError(<HTTPSConnection(host='www.mobile-ichiban.com', port=443) at 0x7f8851290050>, 'Connection to www.mobile-ichiban.com timed out. (connect timeout=20)'))",https://www.mobile-ichiban.com/Prod/1/01/36
2026-08-04T16:55:22.023051+00:00,iPhone 17 Pro 512GB,512GB,海峡通信,,214800,,ALERT,,,failed,"海峡通信の取得に失敗: 3回リトライ後も取得失敗: HTTPSConnectionPool(host='www.mobile-ichiban.com', port=443): Max retries exceeded with url: /Prod/1/01/36 (Caused by ConnectTimeoutError(<HTTPSConnection(host='www.mobile-ichiban.com', port=443) at 0x7f8851290050>, 'Connection to www.mobile-ichiban.com timed out. (connect timeout=20)'))",https://www.mobile-ichiban.com/Prod/1/01/36
2026-08-04T16:55:22.023051+00:00,iPhone 17 Pro Max 256GB,256GB,海峡通信,,194800,,ALERT,,,failed,"海峡通信の取得に失敗: 3回リトライ後も取得失敗: HTTPSConnectionPool(host='www.mobile-ichiban.com', port=443): Max retries exceeded with url: /Prod/1/01/37 (Caused by ConnectTimeoutError(<HTTPSConnection(host='www.mobile-ichiban.com', port=443) at 0x7f885101b530>, 'Connection to www.mobile-ichiban.com timed out. (connect timeout=20)'))",https://www.mobile-ichiban.com/Prod/1/01/37
2026-08-04T16:55:22.023051+00:00,iPhone 17 Pro Max 512GB,512GB,海峡通信,,229800,,ALERT,,,failed,"海峡通信の取得に失敗: 3回リトライ後も取得失敗: HTTPSConnectionPool(host='www.mobile-ichiban.com', port=443): Max retries exceeded with url: /Prod/1/01/37 (Caused by ConnectTimeoutError(<HTTPSConnection(host='www.mobile-ichiban.com', port=443) at 0x7f885101b530>, 'Connection to www.mobile-ichiban.com timed out. (connect timeout=20)'))",https://www.mobile-ichiban.com/Prod/1/01/37
2026-08-04T18:40:55.982494+00:00,iPhone 17 Pro 256GB,256GB,海峡通信,181000,179800,1200,SELL,0,4000,ok,売却目標に到達,https://www.mobile-ichiban.com/Prod/1/01/36
2026-08-04T18:40:55.982494+00:00,iPhone 17 Pro 512GB,512GB,海峡通信,181000,214800,-33800,WAIT,0,4000,ok,損益が監視ライン以下,https://www.mobile-ichiban.com/Prod/1/01/36
2026-08-04T18:40:55.982494+00:00,iPhone 17 Pro Max 256GB,256GB,海峡通信,192000,194800,-2800,WAIT,0,2000,ok,目標未達,https://www.mobile-ichiban.com/Prod/1/01/37
2026-08-04T18:40:55.982494+00:00,iPhone 17 Pro Max 512GB,512GB,海峡通信,192000,229800,-37800,WAIT,0,2000,ok,損益が監視ライン以下,https://www.mobile-ichiban.com/Prod/1/01/37
2026-08-04T20:27:23.467852+00:00,iPhone 17 Pro 256GB,256GB,海峡通信,181000,179800,1200,SELL,0,4000,ok,売却目標に到達,https://www.mobile-ichiban.com/Prod/1/01/36
2026-08-04T20:27:23.467852+00:00,iPhone 17 Pro 512GB,512GB,海峡通信,181000,214800,-33800,WAIT,0,4000,ok,損益が監視ライン以下,https://www.mobile-ichiban.com/Prod/1/01/36
2026-08-04T20:27:23.467852+00:00,iPhone 17 Pro Max 256GB,256GB,海峡通信,192000,194800,-2800,WAIT,0,2000,ok,目標未達,https://www.mobile-ichiban.com/Prod/1/01/37
2026-08-04T20:27:23.467852+00:00,iPhone 17 Pro Max 512GB,512GB,海峡通信,192000,229800,-37800,WAIT,0,2000,ok,損益が監視ライン以下,https://www.mobile-ichiban.com/Prod/1/01/37
2026-08-04T22:16:18.318063+00:00,iPhone 17 Pro 256GB,256GB,海峡通信,181000,179800,1200,SELL,0,4000,ok,売却目標に到達,https://www.mobile-ichiban.com/Prod/1/01/36
2026-08-04T22:16:18.318063+00:00,iPhone 17 Pro 512GB,512GB,海峡通信,181000,214800,-33800,WAIT,0,4000,ok,損益が監視ライン以下,https://www.mobile-ichiban.com/Prod/1/01/36
2026-08-04T22:16:18.318063+00:00,iPhone 17 Pro Max 256GB,256GB,海峡通信,192000,194800,-2800,WAIT,0,2000,ok,目標未達,https://www.mobile-ichiban.com/Prod/1/01/37
2026-08-04T22:16:18.318063+00:00,iPhone 17 Pro Max 512GB,512GB,海峡通信,192000,229800,-37800,WAIT,0,2000,ok,損益が監視ライン以下,https://www.mobile-ichiban.com/Prod/1/01/37
2026-08-05T00:07:51.798132+00:00,iPhone 17 Pro 256GB,256GB,海峡通信,181000,179800,1200,SELL,0,4000,ok,売却目標に到達,https://www.mobile-ichiban.com/Prod/1/01/36
2026-08-05T00:07:51.798132+00:00,iPhone 17 Pro 512GB,512GB,海峡通信,181000,214800,-33800,WAIT,0,4000,ok,損益が監視ライン以下,https://www.mobile-ichiban.com/Prod/1/01/36
2026-08-05T00:07:51.798132+00:00,iPhone 17 Pro Max 256GB,256GB,海峡通信,192000,194800,-2800,WAIT,0,2000,ok,目標未達,https://www.mobile-ichiban.com/Prod/1/01/37
2026-08-05T00:07:51.798132+00:00,iPhone 17 Pro Max 512GB,512GB,海峡通信,192000,229800,-37800,WAIT,0,2000,ok,損益が監視ライン以下,https://www.mobile-ichiban.com/Prod/1/01/37
2026-08-05T04:13:51.753240+00:00,iPhone 17 Pro 256GB,256GB,海峡通信,182000,179800,2200,SELL,1000,3000,ok,売却目標に到達,https://www.mobile-ichiban.com/Prod/1/01/36
2026-08-05T04:13:51.753240+00:00,iPhone 17 Pro 512GB,512GB,海峡通信,210000,214800,-4800,WAIT,29000,2000,ok,"前回比 +29,000円",https://www.mobile-ichiban.com/Prod/1/01/36
2026-08-05T04:13:51.753240+00:00,iPhone 17 Pro Max 256GB,256GB,海峡通信,192500,194800,-2300,WAIT,500,1500,ok,目標未達,https://www.mobile-ichiban.com/Prod/1/01/37
2026-08-05T04:13:51.753240+00:00,iPhone 17 Pro Max 512GB,512GB,海峡通信,222000,229800,-7800,WAIT,30000,1000,ok,"前回比 +30,000円",https://www.mobile-ichiban.com/Prod/1/01/37
2026-08-05T07:42:49.222730+00:00,iPhone 17 Pro 256GB,256GB,海峡通信,183000,179800,3200,SELL,1000,2000,ok,売却目標に到達,https://www.mobile-ichiban.com/Prod/1/01/36
2026-08-05T07:42:49.222730+00:00,iPhone 17 Pro 512GB,512GB,海峡通信,211500,214800,-3300,WAIT,1500,2500,ok,目標未達,https://www.mobile-ichiban.com/Prod/1/01/36
2026-08-05T07:42:49.222730+00:00,iPhone 17 Pro Max 256GB,256GB,海峡通信,193000,194800,-1800,WAIT,500,1000,ok,目標未達,https://www.mobile-ichiban.com/Prod/1/01/37
2026-08-05T07:42:49.222730+00:00,iPhone 17 Pro Max 512GB,512GB,海峡通信,222500,229800,-7300,WAIT,500,500,ok,目標未達,https://www.mobile-ichiban.com/Prod/1/01/37
2026-08-05T10:40:18.381285+00:00,iPhone 17 Pro 256GB,256GB,海峡通信,183000,179800,3200,SELL,0,2000,ok,売却目標に到達,https://www.mobile-ichiban.com/Prod/1/01/36
2026-08-05T10:40:18.381285+00:00,iPhone 17 Pro 512GB,512GB,海峡通信,183000,214800,-31800,ALERT,-28500,-26000,ok,"前回比 -28,500円",https://www.mobile-ichiban.com/Prod/1/01/36
2026-08-05T10:40:18.381285+00:00,iPhone 17 Pro Max 256GB,256GB,海峡通信,193000,194800,-1800,WAIT,0,1000,ok,目標未達,https://www.mobile-ichiban.com/Prod/1/01/37
2026-08-05T10:40:18.381285+00:00,iPhone 17 Pro Max 512GB,512GB,海峡通信,193000,229800,-36800,ALERT,-29500,-29000,ok,"前回比 -29,500円",https://www.mobile-ichiban.com/Prod/1/01/37
2026-08-05T12:57:20.227137+00:00,iPhone 17 Pro 256GB,256GB,海峡通信,183000,179800,3200,SELL,0,2000,ok,売却目標に到達,https://www.mobile-ichiban.com/Prod/1/01/36
2026-08-05T12:57:20.227137+00:00,iPhone 17 Pro 512GB,512GB,海峡通信,183000,214800,-31800,WAIT,0,2000,ok,損益が監視ライン以下,https://www.mobile-ichiban.com/Prod/1/01/36
2026-08-05T12:57:20.227137+00:00,iPhone 17 Pro Max 256GB,256GB,海峡通信,193000,194800,-1800,WAIT,0,1000,ok,目標未達,https://www.mobile-ichiban.com/Prod/1/01/37
2026-08-05T12:57:20.227137+00:00,iPhone 17 Pro Max 512GB,512GB,海峡通信,193000,229800,-36800,WAIT,0,1000,ok,損益が監視ライン以下,https://www.mobile-ichiban.com/Prod/1/01/37
2026-08-05T15:21:51.379360+00:00,iPhone 17 Pro 256GB,256GB,海峡通信,183000,179800,3200,SELL,0,2000,ok,売却目標に到達,https://www.mobile-ichiban.com/Prod/1/01/36
2026-08-05T15:21:51.379360+00:00,iPhone 17 Pro 512GB,512GB,海峡通信,183000,214800,-31800,WAIT,0,2000,ok,損益が監視ライン以下,https://www.mobile-ichiban.com/Prod/1/01/36
2026-08-05T15:21:51.379360+00:00,iPhone 17 Pro Max 256GB,256GB,海峡通信,193000,194800,-1800,WAIT,0,1000,ok,目標未達,https://www.mobile-ichiban.com/Prod/1/01/37
2026-08-05T15:21:51.379360+00:00,iPhone 17 Pro Max 512GB,512GB,海峡通信,193000,229800,-36800,WAIT,0,1000,ok,損益が監視ライン以下,https://www.mobile-ichiban.com/Prod/1/01/37
2026-08-05T17:44:08.332397+00:00,iPhone 17 Pro 256GB,256GB,海峡通信,183000,179800,3200,SELL,0,2000,ok,売却目標に到達,https://www.mobile-ichiban.com/Prod/1/01/36
2026-08-05T17:44:08.332397+00:00,iPhone 17 Pro 512GB,512GB,海峡通信,183000,214800,-31800,WAIT,0,2000,ok,損益が監視ライン以下,https://www.mobile-ichiban.com/Prod/1/01/36
2026-08-05T17:44:08.332397+00:00,iPhone 17 Pro Max 256GB,256GB,海峡通信,193000,194800,-1800,WAIT,0,1000,ok,目標未達,https://www.mobile-ichiban.com/Prod/1/01/37
2026-08-05T17:44:08.332397+00:00,iPhone 17 Pro Max 512GB,512GB,海峡通信,193000,229800,-36800,WAIT,0,1000,ok,損益が監視ライン以下,https://www.mobile-ichiban.com/Prod/1/01/37
2026-08-05T19:41:18.025393+00:00,iPhone 17 Pro 256GB,256GB,海峡通信,183000,179800,3200,SELL,0,2000,ok,売却目標に到達,https://www.mobile-ichiban.com/Prod/1/01/36
2026-08-05T19:41:18.025393+00:00,iPhone 17 Pro 512GB,512GB,海峡通信,183000,214800,-31800,WAIT,0,2000,ok,損益が監視ライン以下,https://www.mobile-ichiban.com/Prod/1/01/36
2026-08-05T19:41:18.025393+00:00,iPhone 17 Pro Max 256GB,256GB,海峡通信,193000,194800,-1800,WAIT,0,1000,ok,目標未達,https://www.mobile-ichiban.com/Prod/1/01/37
2026-08-05T19:41:18.025393+00:00,iPhone 17 Pro Max 512GB,512GB,海峡通信,193000,229800,-36800,WAIT,0,1000,ok,損益が監視ライン以下,https://www.mobile-ichiban.com/Prod/1/01/37
2026-08-05T21:15:30.658749+00:00,iPhone 17 Pro 256GB,256GB,海峡通信,,179800,,ALERT,,,failed,"海峡通信の取得に失敗: 3回リトライ後も取得失敗: HTTPSConnectionPool(host='www.mobile-ichiban.com', port=443): Max retries exceeded with url: /Prod/1/01/36 (Caused by ConnectTimeoutError(<HTTPSConnection(host='www.mobile-ichiban.com', port=443) at 0x7fac56595970>, 'Connection to www.mobile-ichiban.com timed out. (connect timeout=20)'))",https://www.mobile-ichiban.com/Prod/1/01/36
2026-08-05T21:15:30.658749+00:00,iPhone 17 Pro 512GB,512GB,海峡通信,,214800,,ALERT,,,failed,"海峡通信の取得に失敗: 3回リトライ後も取得失敗: HTTPSConnectionPool(host='www.mobile-ichiban.com', port=443): Max retries exceeded with url: /Prod/1/01/36 (Caused by ConnectTimeoutError(<HTTPSConnection(host='www.mobile-ichiban.com', port=443) at 0x7fac56595970>, 'Connection to www.mobile-ichiban.com timed out. (connect timeout=20)'))",https://www.mobile-ichiban.com/Prod/1/01/36
2026-08-05T21:15:30.658749+00:00,iPhone 17 Pro Max 256GB,256GB,海峡通信,,194800,,ALERT,,,failed,"海峡通信の取得に失敗: 3回リトライ後も取得失敗: HTTPSConnectionPool(host='www.mobile-ichiban.com', port=443): Max retries exceeded with url: /Prod/1/01/37 (Caused by ConnectTimeoutError(<HTTPSConnection(host='www.mobile-ichiban.com', port=443) at 0x7fac562b3260>, 'Connection to www.mobile-ichiban.com timed out. (connect timeout=20)'))",https://www.mobile-ichiban.com/Prod/1/01/37
2026-08-05T21:15:30.658749+00:00,iPhone 17 Pro Max 512GB,512GB,海峡通信,,229800,,ALERT,,,failed,"海峡通信の取得に失敗: 3回リトライ後も取得失敗: HTTPSConnectionPool(host='www.mobile-ichiban.com', port=443): Max retries exceeded with url: /Prod/1/01/37 (Caused by ConnectTimeoutError(<HTTPSConnection(host='www.mobile-ichiban.com', port=443) at 0x7fac562b3260>, 'Connection to www.mobile-ichiban.com timed out. (connect timeout=20)'))",https://www.mobile-ichiban.com/Prod/1/01/37
2026-08-05T23:03:54.456141+00:00,iPhone 17 Pro 256GB,256GB,海峡通信,,179800,,ALERT,,,failed,"海峡通信の取得に失敗: 3回リトライ後も取得失敗: HTTPSConnectionPool(host='www.mobile-ichiban.com', port=443): Max retries exceeded with url: /Prod/1/01/36 (Caused by ConnectTimeoutError(<HTTPSConnection(host='www.mobile-ichiban.com', port=443) at 0x7f8424548530>, 'Connection to www.mobile-ichiban.com timed out. (connect timeout=20)'))",https://www.mobile-ichiban.com/Prod/1/01/36
2026-08-05T23:03:54.456141+00:00,iPhone 17 Pro 512GB,512GB,海峡通信,,214800,,ALERT,,,failed,"海峡通信の取得に失敗: 3回リトライ後も取得失敗: HTTPSConnectionPool(host='www.mobile-ichiban.com', port=443): Max retries exceeded with url: /Prod/1/01/36 (Caused by ConnectTimeoutError(<HTTPSConnection(host='www.mobile-ichiban.com', port=443) at 0x7f8424548530>, 'Connection to www.mobile-ichiban.com timed out. (connect timeout=20)'))",https://www.mobile-ichiban.com/Prod/1/01/36
2026-08-05T23:03:54.456141+00:00,iPhone 17 Pro Max 256GB,256GB,海峡通信,,194800,,ALERT,,,failed,"海峡通信の取得に失敗: 3回リトライ後も取得失敗: HTTPSConnectionPool(host='www.mobile-ichiban.com', port=443): Max retries exceeded with url: /Prod/1/01/37 (Caused by ConnectTimeoutError(<HTTPSConnection(host='www.mobile-ichiban.com', port=443) at 0x7f8424007320>, 'Connection to www.mobile-ichiban.com timed out. (connect timeout=20)'))",https://www.mobile-ichiban.com/Prod/1/01/37
2026-08-05T23:03:54.456141+00:00,iPhone 17 Pro Max 512GB,512GB,海峡通信,,229800,,ALERT,,,failed,"海峡通信の取得に失敗: 3回リトライ後も取得失敗: HTTPSConnectionPool(host='www.mobile-ichiban.com', port=443): Max retries exceeded with url: /Prod/1/01/37 (Caused by ConnectTimeoutError(<HTTPSConnection(host='www.mobile-ichiban.com', port=443) at 0x7f8424007320>, 'Connection to www.mobile-ichiban.com timed out. (connect timeout=20)'))",https://www.mobile-ichiban.com/Prod/1/01/37
2026-08-06T02:53:08.123937+00:00,iPhone 17 Pro 256GB,256GB,海峡通信,,179800,,ALERT,,,failed,"海峡通信の取得に失敗: 3回リトライ後も取得失敗: HTTPSConnectionPool(host='www.mobile-ichiban.com', port=443): Max retries exceeded with url: /Prod/1/01/36 (Caused by ConnectTimeoutError(<HTTPSConnection(host='www.mobile-ichiban.com', port=443) at 0x7ffb2e934470>, 'Connection to www.mobile-ichiban.com timed out. (connect timeout=20)'))",https://www.mobile-ichiban.com/Prod/1/01/36
2026-08-06T02:53:08.123937+00:00,iPhone 17 Pro 512GB,512GB,海峡通信,,214800,,ALERT,,,failed,"海峡通信の取得に失敗: 3回リトライ後も取得失敗: HTTPSConnectionPool(host='www.mobile-ichiban.com', port=443): Max retries exceeded with url: /Prod/1/01/36 (Caused by ConnectTimeoutError(<HTTPSConnection(host='www.mobile-ichiban.com', port=443) at 0x7ffb2e934470>, 'Connection to www.mobile-ichiban.com timed out. (connect timeout=20)'))",https://www.mobile-ichiban.com/Prod/1/01/36
2026-08-06T02:53:08.123937+00:00,iPhone 17 Pro Max 256GB,256GB,海峡通信,,194800,,ALERT,,,failed,"海峡通信の取得に失敗: 3回リトライ後も取得失敗: HTTPSConnectionPool(host='www.mobile-ichiban.com', port=443): Max retries exceeded with url: /Prod/1/01/37 (Caused by ConnectTimeoutError(<HTTPSConnection(host='www.mobile-ichiban.com', port=443) at 0x7ffb2e26b1d0>, 'Connection to www.mobile-ichiban.com timed out. (connect timeout=20)'))",https://www.mobile-ichiban.com/Prod/1/01/37
2026-08-06T02:53:08.123937+00:00,iPhone 17 Pro Max 512GB,512GB,海峡通信,,229800,,ALERT,,,failed,"海峡通信の取得に失敗: 3回リトライ後も取得失敗: HTTPSConnectionPool(host='www.mobile-ichiban.com', port=443): Max retries exceeded with url: /Prod/1/01/37 (Caused by ConnectTimeoutError(<HTTPSConnection(host='www.mobile-ichiban.com', port=443) at 0x7ffb2e26b1d0>, 'Connection to www.mobile-ichiban.com timed out. (connect timeout=20)'))",https://www.mobile-ichiban.com/Prod/1/01/37
2026-08-06T05:53:39.008599+00:00,iPhone 17 Pro 256GB,256GB,海峡通信,183000,179800,3200,SELL,0,1000,ok,売却目標に到達,https://www.mobile-ichiban.com/Prod/1/01/36
2026-08-06T05:53:39.008599+00:00,iPhone 17 Pro 512GB,512GB,海峡通信,211500,214800,-3300,WAIT,28500,1500,ok,"前回比 +28,500円",https://www.mobile-ichiban.com/Prod/1/01/36
2026-08-06T05:53:39.008599+00:00,iPhone 17 Pro Max 256GB,256GB,海峡通信,193000,194800,-1800,WAIT,0,500,ok,目標未達,https://www.mobile-ichiban.com/Prod/1/01/37
2026-08-06T05:53:39.008599+00:00,iPhone 17 Pro Max 512GB,512GB,海峡通信,222500,229800,-7300,WAIT,29500,500,ok,"前回比 +29,500円",https://www.mobile-ichiban.com/Prod/1/01/37
2026-08-06T08:43:24.915123+00:00,iPhone 17 Pro 256GB,256GB,海峡通信,183000,179800,3200,SELL,0,0,ok,売却目標に到達,https://www.mobile-ichiban.com/Prod/1/01/36
2026-08-06T08:43:24.915123+00:00,iPhone 17 Pro 512GB,512GB,海峡通信,211500,214800,-3300,WAIT,0,0,ok,目標未達,https://www.mobile-ichiban.com/Prod/1/01/36
2026-08-06T08:43:24.915123+00:00,iPhone 17 Pro Max 256GB,256GB,海峡通信,193000,194800,-1800,WAIT,0,0,ok,目標未達,https://www.mobile-ichiban.com/Prod/1/01/37
2026-08-06T08:43:24.915123+00:00,iPhone 17 Pro Max 512GB,512GB,海峡通信,222500,229800,-7300,WAIT,0,0,ok,目標未達,https://www.mobile-ichiban.com/Prod/1/01/37
2026-08-06T11:26:56.362399+00:00,iPhone 17 Pro 256GB,256GB,海峡通信,183000,179800,3200,SELL,0,0,ok,売却目標に到達,https://www.mobile-ichiban.com/Prod/1/01/36
2026-08-06T11:26:56.362399+00:00,iPhone 17 Pro 512GB,512GB,海峡通信,183000,214800,-31800,ALERT,-28500,0,ok,"前回比 -28,500円",https://www.mobile-ichiban.com/Prod/1/01/36
2026-08-06T11:26:56.362399+00:00,iPhone 17 Pro Max 256GB,256GB,海峡通信,193000,194800,-1800,WAIT,0,0,ok,目標未達,https://www.mobile-ichiban.com/Prod/1/01/37
2026-08-06T11:26:56.362399+00:00,iPhone 17 Pro Max 512GB,512GB,海峡通信,193000,229800,-36800,ALERT,-29500,0,ok,"前回比 -29,500円",https://www.mobile-ichiban.com/Prod/1/01/37
2026-08-06T14:22:03.590581+00:00,iPhone 17 Pro 256GB,256GB,海峡通信,183000,179800,3200,SELL,0,0,ok,売却目標に到達,https://www.mobile-ichiban.com/Prod/1/01/36
2026-08-06T14:22:03.590581+00:00,iPhone 17 Pro 512GB,512GB,海峡通信,183000,214800,-31800,WAIT,0,0,ok,損益が監視ライン以下,https://www.mobile-ichiban.com/Prod/1/01/36
2026-08-06T14:22:03.590581+00:00,iPhone 17 Pro Max 256GB,256GB,海峡通信,193000,194800,-1800,WAIT,0,0,ok,目標未達,https://www.mobile-ichiban.com/Prod/1/01/37
2026-08-06T14:22:03.590581+00:00,iPhone 17 Pro Max 512GB,512GB,海峡通信,193000,229800,-36800,WAIT,0,0,ok,損益が監視ライン以下,https://www.mobile-ichiban.com/Prod/1/01/37
2026-08-07T00:42:15.371373+00:00,iPhone 17 Pro 256GB,256GB,海峡通信,183000,179800,3200,SELL,0,,ok,売却目標に到達,https://www.mobile-ichiban.com/Prod/1/01/36
2026-08-07T00:42:15.371373+00:00,iPhone 17 Pro 512GB,512GB,海峡通信,183000,214800,-31800,WAIT,0,,ok,損益が監視ライン以下,https://www.mobile-ichiban.com/Prod/1/01/36
2026-08-07T00:42:15.371373+00:00,iPhone 17 Pro Max 256GB,256GB,海峡通信,193000,194800,-1800,WAIT,0,,ok,目標未達,https://www.mobile-ichiban.com/Prod/1/01/37
2026-08-07T00:42:15.371373+00:00,iPhone 17 Pro Max 512GB,512GB,海峡通信,193000,229800,-36800,WAIT,0,,ok,損益が監視ライン以下,https://www.mobile-ichiban.com/Prod/1/01/37
2026-08-07T03:52:06.123805+00:00,iPhone 17 Pro 256GB,256GB,海峡通信,183000,179800,3200,SELL,0,0,ok,売却目標に到達,https://www.mobile-ichiban.com/Prod/1/01/36
2026-08-07T03:52:06.123805+00:00,iPhone 17 Pro 512GB,512GB,海峡通信,211500,214800,-3300,WAIT,28500,0,ok,"前回比 +28,500円",https://www.mobile-ichiban.com/Prod/1/01/36
2026-08-07T03:52:06.123805+00:00,iPhone 17 Pro Max 256GB,256GB,海峡通信,194000,194800,-800,WAIT,1000,1000,ok,目標未達,https://www.mobile-ichiban.com/Prod/1/01/37
2026-08-07T03:52:06.123805+00:00,iPhone 17 Pro Max 512GB,512GB,海峡通信,222500,229800,-7300,WAIT,29500,0,ok,"前回比 +29,500円",https://www.mobile-ichiban.com/Prod/1/01/37
2026-08-07T05:43:17.577617+00:00,iPhone 17 Pro 256GB,256GB,海峡通信,183000,179800,3200,SELL,0,0,ok,売却目標に到達,https://www.mobile-ichiban.com/Prod/1/01/36
2026-08-07T05:43:17.577617+00:00,iPhone 17 Pro 512GB,512GB,海峡通信,211500,214800,-3300,WAIT,0,0,ok,目標未達,https://www.mobile-ichiban.com/Prod/1/01/36
2026-08-07T05:43:17.577617+00:00,iPhone 17 Pro Max 256GB,256GB,海峡通信,194000,194800,-800,WAIT,0,1000,ok,目標未達,https://www.mobile-ichiban.com/Prod/1/01/37
2026-08-07T05:43:17.577617+00:00,iPhone 17 Pro Max 512GB,512GB,海峡通信,222500,229800,-7300,WAIT,0,0,ok,目標未達,https://www.mobile-ichiban.com/Prod/1/01/37
2026-08-07T07:22:01.297452+00:00,iPhone 17 Pro 256GB,256GB,海峡通信,183000,179800,3200,SELL,0,0,ok,売却目標に到達,https://www.mobile-ichiban.com/Prod/1/01/36
2026-08-07T07:22:01.297452+00:00,iPhone 17 Pro 512GB,512GB,海峡通信,211500,214800,-3300,WAIT,0,0,ok,目標未達,https://www.mobile-ichiban.com/Prod/1/01/36
2026-08-07T07:22:01.297452+00:00,iPhone 17 Pro Max 256GB,256GB,海峡通信,194000,194800,-800,WAIT,0,1000,ok,目標未達,https://www.mobile-ichiban.com/Prod/1/01/37
2026-08-07T07:22:01.297452+00:00,iPhone 17 Pro Max 512GB,512GB,海峡通信,222500,229800,-7300,WAIT,0,0,ok,目標未達,https://www.mobile-ichiban.com/Prod/1/01/37
2026-08-07T09:03:43.973118+00:00,iPhone 17 Pro 256GB,256GB,海峡通信,183000,179800,3200,SELL,0,0,ok,売却目標に到達,https://www.mobile-ichiban.com/Prod/1/01/36
2026-08-07T09:03:43.973118+00:00,iPhone 17 Pro 512GB,512GB,海峡通信,211500,214800,-3300,WAIT,0,0,ok,目標未達,https://www.mobile-ichiban.com/Prod/1/01/36
2026-08-07T09:03:43.973118+00:00,iPhone 17 Pro Max 256GB,256GB,海峡通信,194000,194800,-800,WAIT,0,1000,ok,目標未達,https://www.mobile-ichiban.com/Prod/1/01/37
2026-08-07T09:03:43.973118+00:00,iPhone 17 Pro Max 512GB,512GB,海峡通信,222500,229800,-7300,WAIT,0,0,ok,目標未達,https://www.mobile-ichiban.com/Prod/1/01/37
2026-08-07T10:56:14.294817+00:00,iPhone 17 Pro 256GB,256GB,海峡通信,183000,179800,3200,SELL,0,0,ok,売却目標に到達,https://www.mobile-ichiban.com/Prod/1/01/36
2026-08-07T10:56:14.294817+00:00,iPhone 17 Pro 512GB,512GB,海峡通信,183000,214800,-31800,ALERT,-28500,0,ok,"前回比 -28,500円",https://www.mobile-ichiban.com/Prod/1/01/36
2026-08-07T10:56:14.294817+00:00,iPhone 17 Pro Max 256GB,256GB,海峡通信,194000,194800,-800,WAIT,0,1000,ok,目標未達,https://www.mobile-ichiban.com/Prod/1/01/37
2026-08-07T10:56:14.294817+00:00,iPhone 17 Pro Max 512GB,512GB,海峡通信,194000,229800,-35800,ALERT,-28500,1000,ok,"前回比 -28,500円",https://www.mobile-ichiban.com/Prod/1/01/37
2026-08-07T11:50:20.713979+00:00,iPhone 17 Pro 256GB,256GB,海峡通信,,179800,,ALERT,,,failed,"海峡通信の取得に失敗: 3回リトライ後も取得失敗: HTTPSConnectionPool(host='www.mobile-ichiban.com', port=443): Max retries exceeded with url: /Prod/1/01/36 (Caused by ConnectTimeoutError(<HTTPSConnection(host='www.mobile-ichiban.com', port=443) at 0x7fefe3130e30>, 'Connection to www.mobile-ichiban.com timed out. (connect timeout=20)'))",https://www.mobile-ichiban.com/Prod/1/01/36
2026-08-07T11:50:20.713979+00:00,iPhone 17 Pro 512GB,512GB,海峡通信,,214800,,ALERT,,,failed,"海峡通信の取得に失敗: 3回リトライ後も取得失敗: HTTPSConnectionPool(host='www.mobile-ichiban.com', port=443): Max retries exceeded with url: /Prod/1/01/36 (Caused by ConnectTimeoutError(<HTTPSConnection(host='www.mobile-ichiban.com', port=443) at 0x7fefe3130e30>, 'Connection to www.mobile-ichiban.com timed out. (connect timeout=20)'))",https://www.mobile-ichiban.com/Prod/1/01/36
2026-08-07T11:50:20.713979+00:00,iPhone 17 Pro Max 256GB,256GB,海峡通信,,194800,,ALERT,,,failed,"海峡通信の取得に失敗: 3回リトライ後も取得失敗: HTTPSConnectionPool(host='www.mobile-ichiban.com', port=443): Max retries exceeded with url: /Prod/1/01/37 (Caused by ConnectTimeoutError(<HTTPSConnection(host='www.mobile-ichiban.com', port=443) at 0x7fefe2a4b530>, 'Connection to www.mobile-ichiban.com timed out. (connect timeout=20)'))",https://www.mobile-ichiban.com/Prod/1/01/37
2026-08-07T11:50:20.713979+00:00,iPhone 17 Pro Max 512GB,512GB,海峡通信,,229800,,ALERT,,,failed,"海峡通信の取得に失敗: 3回リトライ後も取得失敗: HTTPSConnectionPool(host='www.mobile-ichiban.com', port=443): Max retries exceeded with url: /Prod/1/01/37 (Caused by ConnectTimeoutError(<HTTPSConnection(host='www.mobile-ichiban.com', port=443) at 0x7fefe2a4b530>, 'Connection to www.mobile-ichiban.com timed out. (connect timeout=20)'))",https://www.mobile-ichiban.com/Prod/1/01/37
2026-08-07T13:12:41.466646+00:00,iPhone 17 Pro 256GB,256GB,海峡通信,183000,179800,3200,SELL,0,0,ok,売却目標に到達,https://www.mobile-ichiban.com/Prod/1/01/36
2026-08-07T13:12:41.466646+00:00,iPhone 17 Pro 512GB,512GB,海峡通信,183000,214800,-31800,WAIT,0,0,ok,損益が監視ライン以下,https://www.mobile-ichiban.com/Prod/1/01/36
2026-08-07T13:12:41.466646+00:00,iPhone 17 Pro Max 256GB,256GB,海峡通信,194000,194800,-800,WAIT,0,1000,ok,目標未達,https://www.mobile-ichiban.com/Prod/1/01/37
2026-08-07T13:12:41.466646+00:00,iPhone 17 Pro Max 512GB,512GB,海峡通信,194000,229800,-35800,WAIT,0,1000,ok,損益が監視ライン以下,https://www.mobile-ichiban.com/Prod/1/01/37
2026-08-07T14:56:17.881369+00:00,iPhone 17 Pro 256GB,256GB,海峡通信,183000,179800,3200,SELL,0,0,ok,売却目標に到達,https://www.mobile-ichiban.com/Prod/1/01/36
2026-08-07T14:56:17.881369+00:00,iPhone 17 Pro 512GB,512GB,海峡通信,183000,214800,-31800,WAIT,0,0,ok,損益が監視ライン以下,https://www.mobile-ichiban.com/Prod/1/01/36
2026-08-07T14:56:17.881369+00:00,iPhone 17 Pro Max 256GB,256GB,海峡通信,194000,194800,-800,WAIT,0,1000,ok,目標未達,https://www.mobile-ichiban.com/Prod/1/01/37
2026-08-07T14:56:17.881369+00:00,iPhone 17 Pro Max 512GB,512GB,海峡通信,194000,229800,-35800,WAIT,0,1000,ok,損益が監視ライン以下,https://www.mobile-ichiban.com/Prod/1/01/37
2026-08-07T16:01:13.856982+00:00,iPhone 17 Pro 256GB,256GB,海峡通信,183000,179800,3200,SELL,0,0,ok,売却目標に到達,https://www.mobile-ichiban.com/Prod/1/01/36
2026-08-07T16:01:13.856982+00:00,iPhone 17 Pro 512GB,512GB,海峡通信,183000,214800,-31800,WAIT,0,0,ok,損益が監視ライン以下,https://www.mobile-ichiban.com/Prod/1/01/36
2026-08-07T16:01:13.856982+00:00,iPhone 17 Pro Max 256GB,256GB,海峡通信,194000,194800,-800,WAIT,0,1000,ok,目標未達,https://www.mobile-ichiban.com/Prod/1/01/37
2026-08-07T16:01:13.856982+00:00,iPhone 17 Pro Max 512GB,512GB,海峡通信,194000,229800,-35800,WAIT,0,1000,ok,損益が監視ライン以下,https://www.mobile-ichiban.com/Prod/1/01/37
2026-08-07T17:50:45.594332+00:00,iPhone 17 Pro 256GB,256GB,海峡通信,183000,179800,3200,SELL,0,,ok,売却目標に到達,https://www.mobile-ichiban.com/Prod/1/01/36
2026-08-07T17:50:45.594332+00:00,iPhone 17 Pro 512GB,512GB,海峡通信,183000,214800,-31800,WAIT,0,,ok,損益が監視ライン以下,https://www.mobile-ichiban.com/Prod/1/01/36
2026-08-07T17:50:45.594332+00:00,iPhone 17 Pro Max 256GB,256GB,海峡通信,194000,194800,-800,WAIT,0,,ok,目標未達,https://www.mobile-ichiban.com/Prod/1/01/37
2026-08-07T17:50:45.594332+00:00,iPhone 17 Pro Max 512GB,512GB,海峡通信,194000,229800,-35800,WAIT,0,,ok,損益が監視ライン以下,https://www.mobile-ichiban.com/Prod/1/01/37
2026-08-07T19:02:34.100095+00:00,iPhone 17 Pro 256GB,256GB,海峡通信,183000,179800,3200,SELL,0,,ok,売却目標に到達,https://www.mobile-ichiban.com/Prod/1/01/36
2026-08-07T19:02:34.100095+00:00,iPhone 17 Pro 512GB,512GB,海峡通信,183000,214800,-31800,WAIT,0,,ok,損益が監視ライン以下,https://www.mobile-ichiban.com/Prod/1/01/36
2026-08-07T19:02:34.100095+00:00,iPhone 17 Pro Max 256GB,256GB,海峡通信,194000,194800,-800,WAIT,0,,ok,目標未達,https://www.mobile-ichiban.com/Prod/1/01/37
2026-08-07T19:02:34.100095+00:00,iPhone 17 Pro Max 512GB,512GB,海峡通信,194000,229800,-35800,WAIT,0,,ok,損益が監視ライン以下,https://www.mobile-ichiban.com/Prod/1/01/37
2026-08-07T20:45:51.986719+00:00,iPhone 17 Pro 256GB,256GB,海峡通信,183000,179800,3200,SELL,0,,ok,売却目標に到達,https://www.mobile-ichiban.com/Prod/1/01/36
2026-08-07T20:45:51.986719+00:00,iPhone 17 Pro 512GB,512GB,海峡通信,183000,214800,-31800,WAIT,0,,ok,損益が監視ライン以下,https://www.mobile-ichiban.com/Prod/1/01/36
2026-08-07T20:45:51.986719+00:00,iPhone 17 Pro Max 256GB,256GB,海峡通信,194000,194800,-800,WAIT,0,,ok,目標未達,https://www.mobile-ichiban.com/Prod/1/01/37
2026-08-07T20:45:51.986719+00:00,iPhone 17 Pro Max 512GB,512GB,海峡通信,194000,229800,-35800,WAIT,0,,ok,損益が監視ライン以下,https://www.mobile-ichiban.com/Prod/1/01/37
2026-08-07T21:42:37.122544+00:00,iPhone 17 Pro 256GB,256GB,海峡通信,183000,179800,3200,SELL,0,0,ok,売却目標に到達,https://www.mobile-ichiban.com/Prod/1/01/36
2026-08-07T21:42:37.122544+00:00,iPhone 17 Pro 512GB,512GB,海峡通信,183000,214800,-31800,WAIT,0,0,ok,損益が監視ライン以下,https://www.mobile-ichiban.com/Prod/1/01/36
2026-08-07T21:42:37.122544+00:00,iPhone 17 Pro Max 256GB,256GB,海峡通信,194000,194800,-800,WAIT,0,1000,ok,目標未達,https://www.mobile-ichiban.com/Prod/1/01/37
2026-08-07T21:42:37.122544+00:00,iPhone 17 Pro Max 512GB,512GB,海峡通信,194000,229800,-35800,WAIT,0,1000,ok,損益が監視ライン以下,https://www.mobile-ichiban.com/Prod/1/01/37
2026-08-07T22:40:30.975136+00:00,iPhone 17 Pro 256GB,256GB,海峡通信,183000,179800,3200,SELL,0,0,ok,売却目標に到達,https://www.mobile-ichiban.com/Prod/1/01/36
2026-08-07T22:40:30.975136+00:00,iPhone 17 Pro 512GB,512GB,海峡通信,183000,214800,-31800,WAIT,0,0,ok,損益が監視ライン以下,https://www.mobile-ichiban.com/Prod/1/01/36
2026-08-07T22:40:30.975136+00:00,iPhone 17 Pro Max 256GB,256GB,海峡通信,194000,194800,-800,WAIT,0,1000,ok,目標未達,https://www.mobile-ichiban.com/Prod/1/01/37
2026-08-07T22:40:30.975136+00:00,iPhone 17 Pro Max 512GB,512GB,海峡通信,194000,229800,-35800,WAIT,0,1000,ok,損益が監視ライン以下,https://www.mobile-ichiban.com/Prod/1/01/37
2026-08-07T23:36:52.521863+00:00,iPhone 17 Pro 256GB,256GB,海峡通信,183000,179800,3200,SELL,0,0,ok,売却目標に到達,https://www.mobile-ichiban.com/Prod/1/01/36
2026-08-07T23:36:52.521863+00:00,iPhone 17 Pro 512GB,512GB,海峡通信,183000,214800,-31800,WAIT,0,0,ok,損益が監視ライン以下,https://www.mobile-ichiban.com/Prod/1/01/36
2026-08-07T23:36:52.521863+00:00,iPhone 17 Pro Max 256GB,256GB,海峡通信,194000,194800,-800,WAIT,0,1000,ok,目標未達,https://www.mobile-ichiban.com/Prod/1/01/37
2026-08-07T23:36:52.521863+00:00,iPhone 17 Pro Max 512GB,512GB,海峡通信,194000,229800,-35800,WAIT,0,1000,ok,損益が監視ライン以下,https://www.mobile-ichiban.com/Prod/1/01/37
2026-08-08T01:54:03.060366+00:00,iPhone 17 Pro 256GB,256GB,海峡通信,183000,179800,3200,SELL,0,0,ok,売却目標に到達,https://www.mobile-ichiban.com/Prod/1/01/36
2026-08-08T01:54:03.060366+00:00,iPhone 17 Pro 512GB,512GB,海峡通信,211500,214800,-3300,WAIT,28500,28500,ok,"前回比 +28,500円",https://www.mobile-ichiban.com/Prod/1/01/36
2026-08-08T01:54:03.060366+00:00,iPhone 17 Pro Max 256GB,256GB,海峡通信,194000,194800,-800,WAIT,0,1000,ok,目標未達,https://www.mobile-ichiban.com/Prod/1/01/37
2026-08-08T01:54:03.060366+00:00,iPhone 17 Pro Max 512GB,512GB,海峡通信,222500,229800,-7300,WAIT,28500,29500,ok,"前回比 +28,500円",https://www.mobile-ichiban.com/Prod/1/01/37
2026-08-08T03:36:45.023109+00:00,iPhone 17 Pro 256GB,256GB,海峡通信,183000,179800,3200,SELL,0,0,ok,売却目標に到達,https://www.mobile-ichiban.com/Prod/1/01/36
2026-08-08T03:36:45.023109+00:00,iPhone 17 Pro 512GB,512GB,海峡通信,211500,214800,-3300,WAIT,0,0,ok,目標未達,https://www.mobile-ichiban.com/Prod/1/01/36
2026-08-08T03:36:45.023109+00:00,iPhone 17 Pro Max 256GB,256GB,海峡通信,194000,194800,-800,WAIT,0,0,ok,目標未達,https://www.mobile-ichiban.com/Prod/1/01/37
2026-08-08T03:36:45.023109+00:00,iPhone 17 Pro Max 512GB,512GB,海峡通信,222500,229800,-7300,WAIT,0,0,ok,目標未達,https://www.mobile-ichiban.com/Prod/1/01/37
2026-08-08T05:01:23.440473+00:00,iPhone 17 Pro 256GB,256GB,海峡通信,,179800,,ALERT,,,failed,"海峡通信の取得に失敗: 3回リトライ後も取得失敗: HTTPSConnectionPool(host='www.mobile-ichiban.com', port=443): Max retries exceeded with url: /Prod/1/01/36 (Caused by ConnectTimeoutError(<HTTPSConnection(host='www.mobile-ichiban.com', port=443) at 0x7f3d13d62f60>, 'Connection to www.mobile-ichiban.com timed out. (connect timeout=20)'))",https://www.mobile-ichiban.com/Prod/1/01/36
2026-08-08T05:01:23.440473+00:00,iPhone 17 Pro 512GB,512GB,海峡通信,,214800,,ALERT,,,failed,"海峡通信の取得に失敗: 3回リトライ後も取得失敗: HTTPSConnectionPool(host='www.mobile-ichiban.com', port=443): Max retries exceeded with url: /Prod/1/01/36 (Caused by ConnectTimeoutError(<HTTPSConnection(host='www.mobile-ichiban.com', port=443) at 0x7f3d13d62f60>, 'Connection to www.mobile-ichiban.com timed out. (connect timeout=20)'))",https://www.mobile-ichiban.com/Prod/1/01/36
2026-08-08T05:01:23.440473+00:00,iPhone 17 Pro Max 256GB,256GB,海峡通信,,194800,,ALERT,,,failed,"海峡通信の取得に失敗: 3回リトライ後も取得失敗: HTTPSConnectionPool(host='www.mobile-ichiban.com', port=443): Max retries exceeded with url: /Prod/1/01/37 (Caused by ConnectTimeoutError(<HTTPSConnection(host='www.mobile-ichiban.com', port=443) at 0x7f3d13aef0e0>, 'Connection to www.mobile-ichiban.com timed out. (connect timeout=20)'))",https://www.mobile-ichiban.com/Prod/1/01/37
2026-08-08T05:01:23.440473+00:00,iPhone 17 Pro Max 512GB,512GB,海峡通信,,229800,,ALERT,,,failed,"海峡通信の取得に失敗: 3回リトライ後も取得失敗: HTTPSConnectionPool(host='www.mobile-ichiban.com', port=443): Max retries exceeded with url: /Prod/1/01/37 (Caused by ConnectTimeoutError(<HTTPSConnection(host='www.mobile-ichiban.com', port=443) at 0x7f3d13aef0e0>, 'Connection to www.mobile-ichiban.com timed out. (connect timeout=20)'))",https://www.mobile-ichiban.com/Prod/1/01/37
2026-08-08T06:59:19.194213+00:00,iPhone 17 Pro 256GB,256GB,海峡通信,183000,179800,3200,SELL,0,0,ok,売却目標に到達,https://www.mobile-ichiban.com/Prod/1/01/36
2026-08-08T06:59:19.194213+00:00,iPhone 17 Pro 512GB,512GB,海峡通信,211500,214800,-3300,WAIT,0,0,ok,目標未達,https://www.mobile-ichiban.com/Prod/1/01/36
2026-08-08T06:59:19.194213+00:00,iPhone 17 Pro Max 256GB,256GB,海峡通信,194000,194800,-800,WAIT,0,0,ok,目標未達,https://www.mobile-ichiban.com/Prod/1/01/37
2026-08-08T06:59:19.194213+00:00,iPhone 17 Pro Max 512GB,512GB,海峡通信,222500,229800,-7300,WAIT,0,0,ok,目標未達,https://www.mobile-ichiban.com/Prod/1/01/37
2026-08-08T07:54:33.608414+00:00,iPhone 17 Pro 256GB,256GB,海峡通信,183000,179800,3200,SELL,0,0,ok,売却目標に到達,https://www.mobile-ichiban.com/Prod/1/01/36
2026-08-08T07:54:33.608414+00:00,iPhone 17 Pro 512GB,512GB,海峡通信,211500,214800,-3300,WAIT,0,0,ok,目標未達,https://www.mobile-ichiban.com/Prod/1/01/36
2026-08-08T07:54:33.608414+00:00,iPhone 17 Pro Max 256GB,256GB,海峡通信,194000,194800,-800,WAIT,0,0,ok,目標未達,https://www.mobile-ichiban.com/Prod/1/01/37
2026-08-08T07:54:33.608414+00:00,iPhone 17 Pro Max 512GB,512GB,海峡通信,222500,229800,-7300,WAIT,0,0,ok,目標未達,https://www.mobile-ichiban.com/Prod/1/01/37
2026-08-08T08:47:27.783860+00:00,iPhone 17 Pro 256GB,256GB,海峡通信,183000,179800,3200,SELL,0,0,ok,売却目標に到達,https://www.mobile-ichiban.com/Prod/1/01/36
2026-08-08T08:47:27.783860+00:00,iPhone 17 Pro 512GB,512GB,海峡通信,211500,214800,-3300,WAIT,0,0,ok,目標未達,https://www.mobile-ichiban.com/Prod/1/01/36
2026-08-08T08:47:27.783860+00:00,iPhone 17 Pro Max 256GB,256GB,海峡通信,194000,194800,-800,WAIT,0,0,ok,目標未達,https://www.mobile-ichiban.com/Prod/1/01/37
2026-08-08T08:47:27.783860+00:00,iPhone 17 Pro Max 512GB,512GB,海峡通信,222500,229800,-7300,WAIT,0,0,ok,目標未達,https://www.mobile-ichiban.com/Prod/1/01/37
2026-08-08T09:41:06.736830+00:00,iPhone 17 Pro 256GB,256GB,海峡通信,,179800,,ALERT,,,failed,"海峡通信の取得に失敗: 3回リトライ後も取得失敗: HTTPSConnectionPool(host='www.mobile-ichiban.com', port=443): Max retries exceeded with url: /Prod/1/01/36 (Caused by ConnectTimeoutError(<HTTPSConnection(host='www.mobile-ichiban.com', port=443) at 0x7f68561f0590>, 'Connection to www.mobile-ichiban.com timed out. (connect timeout=20)'))",https://www.mobile-ichiban.com/Prod/1/01/36
2026-08-08T09:41:06.736830+00:00,iPhone 17 Pro 512GB,512GB,海峡通信,,214800,,ALERT,,,failed,"海峡通信の取得に失敗: 3回リトライ後も取得失敗: HTTPSConnectionPool(host='www.mobile-ichiban.com', port=443): Max retries exceeded with url: /Prod/1/01/36 (Caused by ConnectTimeoutError(<HTTPSConnection(host='www.mobile-ichiban.com', port=443) at 0x7f68561f0590>, 'Connection to www.mobile-ichiban.com timed out. (connect timeout=20)'))",https://www.mobile-ichiban.com/Prod/1/01/36
2026-08-08T09:41:06.736830+00:00,iPhone 17 Pro Max 256GB,256GB,海峡通信,,194800,,ALERT,,,failed,"海峡通信の取得に失敗: 3回リトライ後も取得失敗: HTTPSConnectionPool(host='www.mobile-ichiban.com', port=443): Max retries exceeded with url: /Prod/1/01/37 (Caused by ConnectTimeoutError(<HTTPSConnection(host='www.mobile-ichiban.com', port=443) at 0x7f6855c338c0>, 'Connection to www.mobile-ichiban.com timed out. (connect timeout=20)'))",https://www.mobile-ichiban.com/Prod/1/01/37
2026-08-08T09:41:06.736830+00:00,iPhone 17 Pro Max 512GB,512GB,海峡通信,,229800,,ALERT,,,failed,"海峡通信の取得に失敗: 3回リトライ後も取得失敗: HTTPSConnectionPool(host='www.mobile-ichiban.com', port=443): Max retries exceeded with url: /Prod/1/01/37 (Caused by ConnectTimeoutError(<HTTPSConnection(host='www.mobile-ichiban.com', port=443) at 0x7f6855c338c0>, 'Connection to www.mobile-ichiban.com timed out. (connect timeout=20)'))",https://www.mobile-ichiban.com/Prod/1/01/37
2026-08-08T10:37:25.723611+00:00,iPhone 17 Pro 256GB,256GB,海峡通信,183000,179800,3200,SELL,0,0,ok,売却目標に到達,https://www.mobile-ichiban.com/Prod/1/01/36
2026-08-08T10:37:25.723611+00:00,iPhone 17 Pro 512GB,512GB,海峡通信,183000,214800,-31800,ALERT,-28500,0,ok,"前回比 -28,500円",https://www.mobile-ichiban.com/Prod/1/01/36
2026-08-08T10:37:25.723611+00:00,iPhone 17 Pro Max 256GB,256GB,海峡通信,194000,194800,-800,WAIT,0,0,ok,目標未達,https://www.mobile-ichiban.com/Prod/1/01/37
2026-08-08T10:37:25.723611+00:00,iPhone 17 Pro Max 512GB,512GB,海峡通信,194000,229800,-35800,ALERT,-28500,0,ok,"前回比 -28,500円",https://www.mobile-ichiban.com/Prod/1/01/37
2026-08-08T11:32:25.266702+00:00,iPhone 17 Pro 256GB,256GB,海峡通信,183000,179800,3200,SELL,0,0,ok,売却目標に到達,https://www.mobile-ichiban.com/Prod/1/01/36
2026-08-08T11:32:25.266702+00:00,iPhone 17 Pro 512GB,512GB,海峡通信,183000,214800,-31800,WAIT,0,0,ok,損益が監視ライン以下,https://www.mobile-ichiban.com/Prod/1/01/36
2026-08-08T11:32:25.266702+00:00,iPhone 17 Pro Max 256GB,256GB,海峡通信,194000,194800,-800,WAIT,0,0,ok,目標未達,https://www.mobile-ichiban.com/Prod/1/01/37
2026-08-08T11:32:25.266702+00:00,iPhone 17 Pro Max 512GB,512GB,海峡通信,194000,229800,-35800,WAIT,0,0,ok,損益が監視ライン以下,https://www.mobile-ichiban.com/Prod/1/01/37
2026-08-08T12:56:07.561218+00:00,iPhone 17 Pro 256GB,256GB,海峡通信,183000,179800,3200,SELL,0,0,ok,売却目標に到達,https://www.mobile-ichiban.com/Prod/1/01/36
2026-08-08T12:56:07.561218+00:00,iPhone 17 Pro 512GB,512GB,海峡通信,183000,214800,-31800,WAIT,0,0,ok,損益が監視ライン以下,https://www.mobile-ichiban.com/Prod/1/01/36
2026-08-08T12:56:07.561218+00:00,iPhone 17 Pro Max 256GB,256GB,海峡通信,194000,194800,-800,WAIT,0,0,ok,目標未達,https://www.mobile-ichiban.com/Prod/1/01/37
2026-08-08T12:56:07.561218+00:00,iPhone 17 Pro Max 512GB,512GB,海峡通信,194000,229800,-35800,WAIT,0,0,ok,損益が監視ライン以下,https://www.mobile-ichiban.com/Prod/1/01/37
2026-08-08T13:50:02.253294+00:00,iPhone 17 Pro 256GB,256GB,海峡通信,,179800,,ALERT,,,failed,"海峡通信の取得に失敗: 3回リトライ後も取得失敗: HTTPSConnectionPool(host='www.mobile-ichiban.com', port=443): Max retries exceeded with url: /Prod/1/01/36 (Caused by ConnectTimeoutError(<HTTPSConnection(host='www.mobile-ichiban.com', port=443) at 0x7fab848b9430>, 'Connection to www.mobile-ichiban.com timed out. (connect timeout=20)'))",https://www.mobile-ichiban.com/Prod/1/01/36
2026-08-08T13:50:02.253294+00:00,iPhone 17 Pro 512GB,512GB,海峡通信,,214800,,ALERT,,,failed,"海峡通信の取得に失敗: 3回リトライ後も取得失敗: HTTPSConnectionPool(host='www.mobile-ichiban.com', port=443): Max retries exceeded with url: /Prod/1/01/36 (Caused by ConnectTimeoutError(<HTTPSConnection(host='www.mobile-ichiban.com', port=443) at 0x7fab848b9430>, 'Connection to www.mobile-ichiban.com timed out. (connect timeout=20)'))",https://www.mobile-ichiban.com/Prod/1/01/36
2026-08-08T13:50:02.253294+00:00,iPhone 17 Pro Max 256GB,256GB,海峡通信,,194800,,ALERT,,,failed,"海峡通信の取得に失敗: 3回リトライ後も取得失敗: HTTPSConnectionPool(host='www.mobile-ichiban.com', port=443): Max retries exceeded with url: /Prod/1/01/37 (Caused by ConnectTimeoutError(<HTTPSConnection(host='www.mobile-ichiban.com', port=443) at 0x7fab845b7470>, 'Connection to www.mobile-ichiban.com timed out. (connect timeout=20)'))",https://www.mobile-ichiban.com/Prod/1/01/37
2026-08-08T13:50:02.253294+00:00,iPhone 17 Pro Max 512GB,512GB,海峡通信,,229800,,ALERT,,,failed,"海峡通信の取得に失敗: 3回リトライ後も取得失敗: HTTPSConnectionPool(host='www.mobile-ichiban.com', port=443): Max retries exceeded with url: /Prod/1/01/37 (Caused by ConnectTimeoutError(<HTTPSConnection(host='www.mobile-ichiban.com', port=443) at 0x7fab845b7470>, 'Connection to www.mobile-ichiban.com timed out. (connect timeout=20)'))",https://www.mobile-ichiban.com/Prod/1/01/37
2026-08-08T14:35:08.337446+00:00,iPhone 17 Pro 256GB,256GB,海峡通信,183000,179800,3200,SELL,0,0,ok,売却目標に到達,https://www.mobile-ichiban.com/Prod/1/01/36
2026-08-08T14:35:08.337446+00:00,iPhone 17 Pro 512GB,512GB,海峡通信,183000,214800,-31800,WAIT,0,0,ok,損益が監視ライン以下,https://www.mobile-ichiban.com/Prod/1/01/36
2026-08-08T14:35:08.337446+00:00,iPhone 17 Pro Max 256GB,256GB,海峡通信,194000,194800,-800,WAIT,0,0,ok,目標未達,https://www.mobile-ichiban.com/Prod/1/01/37
2026-08-08T14:35:08.337446+00:00,iPhone 17 Pro Max 512GB,512GB,海峡通信,194000,229800,-35800,WAIT,0,0,ok,損益が監視ライン以下,https://www.mobile-ichiban.com/Prod/1/01/37
2026-08-08T15:33:50.399204+00:00,iPhone 17 Pro 256GB,256GB,海峡通信,,179800,,ALERT,,,failed,"海峡通信の取得に失敗: 3回リトライ後も取得失敗: HTTPSConnectionPool(host='www.mobile-ichiban.com', port=443): Max retries exceeded with url: /Prod/1/01/36 (Caused by ConnectTimeoutError(<HTTPSConnection(host='www.mobile-ichiban.com', port=443) at 0x7fd053564380>, 'Connection to www.mobile-ichiban.com timed out. (connect timeout=20)'))",https://www.mobile-ichiban.com/Prod/1/01/36
2026-08-08T15:33:50.399204+00:00,iPhone 17 Pro 512GB,512GB,海峡通信,,214800,,ALERT,,,failed,"海峡通信の取得に失敗: 3回リトライ後も取得失敗: HTTPSConnectionPool(host='www.mobile-ichiban.com', port=443): Max retries exceeded with url: /Prod/1/01/36 (Caused by ConnectTimeoutError(<HTTPSConnection(host='www.mobile-ichiban.com', port=443) at 0x7fd053564380>, 'Connection to www.mobile-ichiban.com timed out. (connect timeout=20)'))",https://www.mobile-ichiban.com/Prod/1/01/36
2026-08-08T15:33:50.399204+00:00,iPhone 17 Pro Max 256GB,256GB,海峡通信,,194800,,ALERT,,,failed,"海峡通信の取得に失敗: 3回リトライ後も取得失敗: HTTPSConnectionPool(host='www.mobile-ichiban.com', port=443): Max retries exceeded with url: /Prod/1/01/37 (Caused by ConnectTimeoutError(<HTTPSConnection(host='www.mobile-ichiban.com', port=443) at 0x7fd0535672c0>, 'Connection to www.mobile-ichiban.com timed out. (connect timeout=20)'))",https://www.mobile-ichiban.com/Prod/1/01/37
2026-08-08T15:33:50.399204+00:00,iPhone 17 Pro Max 512GB,512GB,海峡通信,,229800,,ALERT,,,failed,"海峡通信の取得に失敗: 3回リトライ後も取得失敗: HTTPSConnectionPool(host='www.mobile-ichiban.com', port=443): Max retries exceeded with url: /Prod/1/01/37 (Caused by ConnectTimeoutError(<HTTPSConnection(host='www.mobile-ichiban.com', port=443) at 0x7fd0535672c0>, 'Connection to www.mobile-ichiban.com timed out. (connect timeout=20)'))",https://www.mobile-ichiban.com/Prod/1/01/37
2026-08-08T16:38:13.404626+00:00,iPhone 17 Pro 256GB,256GB,海峡通信,183000,179800,3200,SELL,0,0,ok,売却目標に到達,https://www.mobile-ichiban.com/Prod/1/01/36
2026-08-08T16:38:13.404626+00:00,iPhone 17 Pro 512GB,512GB,海峡通信,183000,214800,-31800,WAIT,0,0,ok,損益が監視ライン以下,https://www.mobile-ichiban.com/Prod/1/01/36
2026-08-08T16:38:13.404626+00:00,iPhone 17 Pro Max 256GB,256GB,海峡通信,194000,194800,-800,WAIT,0,0,ok,目標未達,https://www.mobile-ichiban.com/Prod/1/01/37
2026-08-08T16:38:13.404626+00:00,iPhone 17 Pro Max 512GB,512GB,海峡通信,194000,229800,-35800,WAIT,0,0,ok,損益が監視ライン以下,https://www.mobile-ichiban.com/Prod/1/01/37
2026-08-08T17:34:28.518871+00:00,iPhone 17 Pro 256GB,256GB,海峡通信,183000,179800,3200,SELL,0,0,ok,売却目標に到達,https://www.mobile-ichiban.com/Prod/1/01/36
2026-08-08T17:34:28.518871+00:00,iPhone 17 Pro 512GB,512GB,海峡通信,183000,214800,-31800,WAIT,0,0,ok,損益が監視ライン以下,https://www.mobile-ichiban.com/Prod/1/01/36
2026-08-08T17:34:28.518871+00:00,iPhone 17 Pro Max 256GB,256GB,海峡通信,194000,194800,-800,WAIT,0,0,ok,目標未達,https://www.mobile-ichiban.com/Prod/1/01/37
2026-08-08T17:34:28.518871+00:00,iPhone 17 Pro Max 512GB,512GB,海峡通信,194000,229800,-35800,WAIT,0,0,ok,損益が監視ライン以下,https://www.mobile-ichiban.com/Prod/1/01/37
2026-08-08T18:42:36.997783+00:00,iPhone 17 Pro 256GB,256GB,海峡通信,183000,179800,3200,SELL,0,0,ok,売却目標に到達,https://www.mobile-ichiban.com/Prod/1/01/36
2026-08-08T18:42:36.997783+00:00,iPhone 17 Pro 512GB,512GB,海峡通信,183000,214800,-31800,WAIT,0,0,ok,損益が監視ライン以下,https://www.mobile-ichiban.com/Prod/1/01/36
2026-08-08T18:42:36.997783+00:00,iPhone 17 Pro Max 256GB,256GB,海峡通信,194000,194800,-800,WAIT,0,0,ok,目標未達,https://www.mobile-ichiban.com/Prod/1/01/37
2026-08-08T18:42:36.997783+00:00,iPhone 17 Pro Max 512GB,512GB,海峡通信,194000,229800,-35800,WAIT,0,0,ok,損益が監視ライン以下,https://www.mobile-ichiban.com/Prod/1/01/37
2026-08-08T19:33:16.605815+00:00,iPhone 17 Pro 256GB,256GB,海峡通信,,179800,,ALERT,,,failed,"海峡通信の取得に失敗: 3回リトライ後も取得失敗: HTTPSConnectionPool(host='www.mobile-ichiban.com', port=443): Max retries exceeded with url: /Prod/1/01/36 (Caused by ConnectTimeoutError(<HTTPSConnection(host='www.mobile-ichiban.com', port=443) at 0x7f140a32d3a0>, 'Connection to www.mobile-ichiban.com timed out. (connect timeout=20)'))",https://www.mobile-ichiban.com/Prod/1/01/36
2026-08-08T19:33:16.605815+00:00,iPhone 17 Pro 512GB,512GB,海峡通信,,214800,,ALERT,,,failed,"海峡通信の取得に失敗: 3回リトライ後も取得失敗: HTTPSConnectionPool(host='www.mobile-ichiban.com', port=443): Max retries exceeded with url: /Prod/1/01/36 (Caused by ConnectTimeoutError(<HTTPSConnection(host='www.mobile-ichiban.com', port=443) at 0x7f140a32d3a0>, 'Connection to www.mobile-ichiban.com timed out. (connect timeout=20)'))",https://www.mobile-ichiban.com/Prod/1/01/36
2026-08-08T19:33:16.605815+00:00,iPhone 17 Pro Max 256GB,256GB,海峡通信,,194800,,ALERT,,,failed,"海峡通信の取得に失敗: 3回リトライ後も取得失敗: HTTPSConnectionPool(host='www.mobile-ichiban.com', port=443): Max retries exceeded with url: /Prod/1/01/37 (Caused by ConnectTimeoutError(<HTTPSConnection(host='www.mobile-ichiban.com', port=443) at 0x7f14092b31a0>, 'Connection to www.mobile-ichiban.com timed out. (connect timeout=20)'))",https://www.mobile-ichiban.com/Prod/1/01/37
2026-08-08T19:33:16.605815+00:00,iPhone 17 Pro Max 512GB,512GB,海峡通信,,229800,,ALERT,,,failed,"海峡通信の取得に失敗: 3回リトライ後も取得失敗: HTTPSConnectionPool(host='www.mobile-ichiban.com', port=443): Max retries exceeded with url: /Prod/1/01/37 (Caused by ConnectTimeoutError(<HTTPSConnection(host='www.mobile-ichiban.com', port=443) at 0x7f14092b31a0>, 'Connection to www.mobile-ichiban.com timed out. (connect timeout=20)'))",https://www.mobile-ichiban.com/Prod/1/01/37
2026-08-08T20:34:18.769545+00:00,iPhone 17 Pro 256GB,256GB,海峡通信,183000,179800,3200,SELL,0,0,ok,売却目標に到達,https://www.mobile-ichiban.com/Prod/1/01/36
2026-08-08T20:34:18.769545+00:00,iPhone 17 Pro 512GB,512GB,海峡通信,183000,214800,-31800,WAIT,0,0,ok,損益が監視ライン以下,https://www.mobile-ichiban.com/Prod/1/01/36
2026-08-08T20:34:18.769545+00:00,iPhone 17 Pro Max 256GB,256GB,海峡通信,194000,194800,-800,WAIT,0,0,ok,目標未達,https://www.mobile-ichiban.com/Prod/1/01/37
2026-08-08T20:34:18.769545+00:00,iPhone 17 Pro Max 512GB,512GB,海峡通信,194000,229800,-35800,WAIT,0,0,ok,損益が監視ライン以下,https://www.mobile-ichiban.com/Prod/1/01/37
2026-08-08T21:34:23.306670+00:00,iPhone 17 Pro 256GB,256GB,海峡通信,183000,179800,3200,SELL,0,0,ok,売却目標に到達,https://www.mobile-ichiban.com/Prod/1/01/36
2026-08-08T21:34:23.306670+00:00,iPhone 17 Pro 512GB,512GB,海峡通信,183000,214800,-31800,WAIT,0,0,ok,損益が監視ライン以下,https://www.mobile-ichiban.com/Prod/1/01/36
2026-08-08T21:34:23.306670+00:00,iPhone 17 Pro Max 256GB,256GB,海峡通信,194000,194800,-800,WAIT,0,0,ok,目標未達,https://www.mobile-ichiban.com/Prod/1/01/37
2026-08-08T21:34:23.306670+00:00,iPhone 17 Pro Max 512GB,512GB,海峡通信,194000,229800,-35800,WAIT,0,0,ok,損益が監視ライン以下,https://www.mobile-ichiban.com/Prod/1/01/37
2026-08-08T22:33:15.158459+00:00,iPhone 17 Pro 256GB,256GB,海峡通信,183000,179800,3200,SELL,0,0,ok,売却目標に到達,https://www.mobile-ichiban.com/Prod/1/01/36
2026-08-08T22:33:15.158459+00:00,iPhone 17 Pro 512GB,512GB,海峡通信,183000,214800,-31800,WAIT,0,0,ok,損益が監視ライン以下,https://www.mobile-ichiban.com/Prod/1/01/36
2026-08-08T22:33:15.158459+00:00,iPhone 17 Pro Max 256GB,256GB,海峡通信,194000,194800,-800,WAIT,0,0,ok,目標未達,https://www.mobile-ichiban.com/Prod/1/01/37
2026-08-08T22:33:15.158459+00:00,iPhone 17 Pro Max 512GB,512GB,海峡通信,194000,229800,-35800,WAIT,0,0,ok,損益が監視ライン以下,https://www.mobile-ichiban.com/Prod/1/01/37
2026-08-08T23:32:43.651627+00:00,iPhone 17 Pro 256GB,256GB,海峡通信,,179800,,ALERT,,,failed,"海峡通信の取得に失敗: 3回リトライ後も取得失敗: HTTPSConnectionPool(host='www.mobile-ichiban.com', port=443): Max retries exceeded with url: /Prod/1/01/36 (Caused by ConnectTimeoutError(<HTTPSConnection(host='www.mobile-ichiban.com', port=443) at 0x7fd19f395280>, 'Connection to www.mobile-ichiban.com timed out. (connect timeout=20)'))",https://www.mobile-ichiban.com/Prod/1/01/36
2026-08-08T23:32:43.651627+00:00,iPhone 17 Pro 512GB,512GB,海峡通信,,214800,,ALERT,,,failed,"海峡通信の取得に失敗: 3回リトライ後も取得失敗: HTTPSConnectionPool(host='www.mobile-ichiban.com', port=443): Max retries exceeded with url: /Prod/1/01/36 (Caused by ConnectTimeoutError(<HTTPSConnection(host='www.mobile-ichiban.com', port=443) at 0x7fd19f395280>, 'Connection to www.mobile-ichiban.com timed out. (connect timeout=20)'))",https://www.mobile-ichiban.com/Prod/1/01/36
2026-08-08T23:32:43.651627+00:00,iPhone 17 Pro Max 256GB,256GB,海峡通信,,194800,,ALERT,,,failed,"海峡通信の取得に失敗: 3回リトライ後も取得失敗: HTTPSConnectionPool(host='www.mobile-ichiban.com', port=443): Max retries exceeded with url: /Prod/1/01/37 (Caused by ConnectTimeoutError(<HTTPSConnection(host='www.mobile-ichiban.com', port=443) at 0x7fd19ecb73b0>, 'Connection to www.mobile-ichiban.com timed out. (connect timeout=20)'))",https://www.mobile-ichiban.com/Prod/1/01/37
2026-08-08T23:32:43.651627+00:00,iPhone 17 Pro Max 512GB,512GB,海峡通信,,229800,,ALERT,,,failed,"海峡通信の取得に失敗: 3回リトライ後も取得失敗: HTTPSConnectionPool(host='www.mobile-ichiban.com', port=443): Max retries exceeded with url: /Prod/1/01/37 (Caused by ConnectTimeoutError(<HTTPSConnection(host='www.mobile-ichiban.com', port=443) at 0x7fd19ecb73b0>, 'Connection to www.mobile-ichiban.com timed out. (connect timeout=20)'))",https://www.mobile-ichiban.com/Prod/1/01/37
2026-08-09T02:01:24.764897+00:00,iPhone 17 Pro 256GB,256GB,海峡通信,183000,179800,3200,SELL,0,0,ok,売却目標に到達,https://www.mobile-ichiban.com/Prod/1/01/36
2026-08-09T02:01:24.764897+00:00,iPhone 17 Pro 512GB,512GB,海峡通信,211500,214800,-3300,WAIT,28500,0,ok,"前回比 +28,500円",https://www.mobile-ichiban.com/Prod/1/01/36
2026-08-09T02:01:24.764897+00:00,iPhone 17 Pro Max 256GB,256GB,海峡通信,194000,194800,-800,WAIT,0,0,ok,目標未達,https://www.mobile-ichiban.com/Prod/1/01/37
2026-08-09T02:01:24.764897+00:00,iPhone 17 Pro Max 512GB,512GB,海峡通信,222500,229800,-7300,WAIT,28500,0,ok,"前回比 +28,500円",https://www.mobile-ichiban.com/Prod/1/01/37
2026-08-09T04:20:10.514310+00:00,iPhone 17 Pro 256GB,256GB,海峡通信,183000,179800,3200,SELL,0,0,ok,売却目標に到達,https://www.mobile-ichiban.com/Prod/1/01/36
2026-08-09T04:20:10.514310+00:00,iPhone 17 Pro 512GB,512GB,海峡通信,211500,214800,-3300,WAIT,0,0,ok,目標未達,https://www.mobile-ichiban.com/Prod/1/01/36
2026-08-09T04:20:10.514310+00:00,iPhone 17 Pro Max 256GB,256GB,海峡通信,194000,194800,-800,WAIT,0,0,ok,目標未達,https://www.mobile-ichiban.com/Prod/1/01/37
2026-08-09T04:20:10.514310+00:00,iPhone 17 Pro Max 512GB,512GB,海峡通信,222500,229800,-7300,WAIT,0,0,ok,目標未達,https://www.mobile-ichiban.com/Prod/1/01/37
2026-08-09T05:49:01.963242+00:00,iPhone 17 Pro 256GB,256GB,海峡通信,,179800,,ALERT,,,failed,"海峡通信の取得に失敗: 3回リトライ後も取得失敗: HTTPSConnectionPool(host='www.mobile-ichiban.com', port=443): Max retries exceeded with url: /Prod/1/01/36 (Caused by ConnectTimeoutError(<HTTPSConnection(host='www.mobile-ichiban.com', port=443) at 0x7f2294c9eae0>, 'Connection to www.mobile-ichiban.com timed out. (connect timeout=20)'))",https://www.mobile-ichiban.com/Prod/1/01/36
2026-08-09T05:49:01.963242+00:00,iPhone 17 Pro 512GB,512GB,海峡通信,,214800,,ALERT,,,failed,"海峡通信の取得に失敗: 3回リトライ後も取得失敗: HTTPSConnectionPool(host='www.mobile-ichiban.com', port=443): Max retries exceeded with url: /Prod/1/01/36 (Caused by ConnectTimeoutError(<HTTPSConnection(host='www.mobile-ichiban.com', port=443) at 0x7f2294c9eae0>, 'Connection to www.mobile-ichiban.com timed out. (connect timeout=20)'))",https://www.mobile-ichiban.com/Prod/1/01/36
2026-08-09T05:49:01.963242+00:00,iPhone 17 Pro Max 256GB,256GB,海峡通信,,194800,,ALERT,,,failed,"海峡通信の取得に失敗: 3回リトライ後も取得失敗: HTTPSConnectionPool(host='www.mobile-ichiban.com', port=443): Max retries exceeded with url: /Prod/1/01/37 (Caused by ConnectTimeoutError(<HTTPSConnection(host='www.mobile-ichiban.com', port=443) at 0x7f229467b3b0>, 'Connection to www.mobile-ichiban.com timed out. (connect timeout=20)'))",https://www.mobile-ichiban.com/Prod/1/01/37
2026-08-09T05:49:01.963242+00:00,iPhone 17 Pro Max 512GB,512GB,海峡通信,,229800,,ALERT,,,failed,"海峡通信の取得に失敗: 3回リトライ後も取得失敗: HTTPSConnectionPool(host='www.mobile-ichiban.com', port=443): Max retries exceeded with url: /Prod/1/01/37 (Caused by ConnectTimeoutError(<HTTPSConnection(host='www.mobile-ichiban.com', port=443) at 0x7f229467b3b0>, 'Connection to www.mobile-ichiban.com timed out. (connect timeout=20)'))",https://www.mobile-ichiban.com/Prod/1/01/37
2026-08-09T07:02:09.008898+00:00,iPhone 17 Pro 256GB,256GB,海峡通信,183000,179800,3200,SELL,0,0,ok,売却目標に到達,https://www.mobile-ichiban.com/Prod/1/01/36
2026-08-09T07:02:09.008898+00:00,iPhone 17 Pro 512GB,512GB,海峡通信,211500,214800,-3300,WAIT,0,0,ok,目標未達,https://www.mobile-ichiban.com/Prod/1/01/36
2026-08-09T07:02:09.008898+00:00,iPhone 17 Pro Max 256GB,256GB,海峡通信,194000,194800,-800,WAIT,0,0,ok,目標未達,https://www.mobile-ichiban.com/Prod/1/01/37
2026-08-09T07:02:09.008898+00:00,iPhone 17 Pro Max 512GB,512GB,海峡通信,222500,229800,-7300,WAIT,0,0,ok,目標未達,https://www.mobile-ichiban.com/Prod/1/01/37
2026-08-09T08:48:40.771972+00:00,iPhone 17 Pro 256GB,256GB,海峡通信,183000,179800,3200,SELL,0,0,ok,売却目標に到達,https://www.mobile-ichiban.com/Prod/1/01/36
2026-08-09T08:48:40.771972+00:00,iPhone 17 Pro 512GB,512GB,海峡通信,211500,214800,-3300,WAIT,0,0,ok,目標未達,https://www.mobile-ichiban.com/Prod/1/01/36
2026-08-09T08:48:40.771972+00:00,iPhone 17 Pro Max 256GB,256GB,海峡通信,194000,194800,-800,WAIT,0,0,ok,目標未達,https://www.mobile-ichiban.com/Prod/1/01/37
2026-08-09T08:48:40.771972+00:00,iPhone 17 Pro Max 512GB,512GB,海峡通信,222500,229800,-7300,WAIT,0,0,ok,目標未達,https://www.mobile-ichiban.com/Prod/1/01/37
2026-08-09T09:43:31.376939+00:00,iPhone 17 Pro 256GB,256GB,海峡通信,183000,179800,3200,SELL,0,0,ok,売却目標に到達,https://www.mobile-ichiban.com/Prod/1/01/36
2026-08-09T09:43:31.376939+00:00,iPhone 17 Pro 512GB,512GB,海峡通信,211500,214800,-3300,WAIT,0,28500,ok,目標未達,https://www.mobile-ichiban.com/Prod/1/01/36
2026-08-09T09:43:31.376939+00:00,iPhone 17 Pro Max 256GB,256GB,海峡通信,194000,194800,-800,WAIT,0,0,ok,目標未達,https://www.mobile-ichiban.com/Prod/1/01/37
2026-08-09T09:43:31.376939+00:00,iPhone 17 Pro Max 512GB,512GB,海峡通信,222500,229800,-7300,WAIT,0,28500,ok,目標未達,https://www.mobile-ichiban.com/Prod/1/01/37
2026-08-09T10:38:40.543982+00:00,iPhone 17 Pro 256GB,256GB,海峡通信,183000,179800,3200,SELL,0,0,ok,売却目標に到達,https://www.mobile-ichiban.com/Prod/1/01/36
2026-08-09T10:38:40.543982+00:00,iPhone 17 Pro 512GB,512GB,海峡通信,183000,214800,-31800,ALERT,-28500,0,ok,"前回比 -28,500円",https://www.mobile-ichiban.com/Prod/1/01/36
2026-08-09T10:38:40.543982+00:00,iPhone 17 Pro Max 256GB,256GB,海峡通信,194000,194800,-800,WAIT,0,0,ok,目標未達,https://www.mobile-ichiban.com/Prod/1/01/37
2026-08-09T10:38:40.543982+00:00,iPhone 17 Pro Max 512GB,512GB,海峡通信,194000,229800,-35800,ALERT,-28500,0,ok,"前回比 -28,500円",https://www.mobile-ichiban.com/Prod/1/01/37
2026-08-09T11:33:22.479782+00:00,iPhone 17 Pro 256GB,256GB,海峡通信,183000,179800,3200,SELL,0,0,ok,売却目標に到達,https://www.mobile-ichiban.com/Prod/1/01/36
2026-08-09T11:33:22.479782+00:00,iPhone 17 Pro 512GB,512GB,海峡通信,183000,214800,-31800,WAIT,0,0,ok,損益が監視ライン以下,https://www.mobile-ichiban.com/Prod/1/01/36
2026-08-09T11:33:22.479782+00:00,iPhone 17 Pro Max 256GB,256GB,海峡通信,194000,194800,-800,WAIT,0,0,ok,目標未達,https://www.mobile-ichiban.com/Prod/1/01/37
2026-08-09T11:33:22.479782+00:00,iPhone 17 Pro Max 512GB,512GB,海峡通信,194000,229800,-35800,WAIT,0,0,ok,損益が監視ライン以下,https://www.mobile-ichiban.com/Prod/1/01/37
2026-08-09T12:58:46.935492+00:00,iPhone 17 Pro 256GB,256GB,海峡通信,183000,179800,3200,SELL,0,0,ok,売却目標に到達,https://www.mobile-ichiban.com/Prod/1/01/36
2026-08-09T12:58:46.935492+00:00,iPhone 17 Pro 512GB,512GB,海峡通信,183000,214800,-31800,WAIT,0,0,ok,損益が監視ライン以下,https://www.mobile-ichiban.com/Prod/1/01/36
2026-08-09T12:58:46.935492+00:00,iPhone 17 Pro Max 256GB,256GB,海峡通信,194000,194800,-800,WAIT,0,0,ok,目標未達,https://www.mobile-ichiban.com/Prod/1/01/37
2026-08-09T12:58:46.935492+00:00,iPhone 17 Pro Max 512GB,512GB,海峡通信,194000,229800,-35800,WAIT,0,0,ok,損益が監視ライン以下,https://www.mobile-ichiban.com/Prod/1/01/37
2026-08-09T13:54:19.617763+00:00,iPhone 17 Pro 256GB,256GB,海峡通信,,179800,,ALERT,,,failed,"海峡通信の取得に失敗: 3回リトライ後も取得失敗: HTTPSConnectionPool(host='www.mobile-ichiban.com', port=443): Max retries exceeded with url: /Prod/1/01/36 (Caused by ConnectTimeoutError(<HTTPSConnection(host='www.mobile-ichiban.com', port=443) at 0x7fc0327498b0>, 'Connection to www.mobile-ichiban.com timed out. (connect timeout=20)'))",https://www.mobile-ichiban.com/Prod/1/01/36
2026-08-09T13:54:19.617763+00:00,iPhone 17 Pro 512GB,512GB,海峡通信,,214800,,ALERT,,,failed,"海峡通信の取得に失敗: 3回リトライ後も取得失敗: HTTPSConnectionPool(host='www.mobile-ichiban.com', port=443): Max retries exceeded with url: /Prod/1/01/36 (Caused by ConnectTimeoutError(<HTTPSConnection(host='www.mobile-ichiban.com', port=443) at 0x7fc0327498b0>, 'Connection to www.mobile-ichiban.com timed out. (connect timeout=20)'))",https://www.mobile-ichiban.com/Prod/1/01/36
2026-08-09T13:54:19.617763+00:00,iPhone 17 Pro Max 256GB,256GB,海峡通信,,194800,,ALERT,,,failed,"海峡通信の取得に失敗: 3回リトライ後も取得失敗: HTTPSConnectionPool(host='www.mobile-ichiban.com', port=443): Max retries exceeded with url: /Prod/1/01/37 (Caused by ConnectTimeoutError(<HTTPSConnection(host='www.mobile-ichiban.com', port=443) at 0x7fc0321d3560>, 'Connection to www.mobile-ichiban.com timed out. (connect timeout=20)'))",https://www.mobile-ichiban.com/Prod/1/01/37
2026-08-09T13:54:19.617763+00:00,iPhone 17 Pro Max 512GB,512GB,海峡通信,,229800,,ALERT,,,failed,"海峡通信の取得に失敗: 3回リトライ後も取得失敗: HTTPSConnectionPool(host='www.mobile-ichiban.com', port=443): Max retries exceeded with url: /Prod/1/01/37 (Caused by ConnectTimeoutError(<HTTPSConnection(host='www.mobile-ichiban.com', port=443) at 0x7fc0321d3560>, 'Connection to www.mobile-ichiban.com timed out. (connect timeout=20)'))",https://www.mobile-ichiban.com/Prod/1/01/37
2026-08-09T14:38:31.788192+00:00,iPhone 17 Pro 256GB,256GB,海峡通信,,179800,,ALERT,,,failed,"海峡通信の取得に失敗: 3回リトライ後も取得失敗: HTTPSConnectionPool(host='www.mobile-ichiban.com', port=443): Max retries exceeded with url: /Prod/1/01/36 (Caused by ConnectTimeoutError(<HTTPSConnection(host='www.mobile-ichiban.com', port=443) at 0x7fa20ab30e90>, 'Connection to www.mobile-ichiban.com timed out. (connect timeout=20)'))",https://www.mobile-ichiban.com/Prod/1/01/36
2026-08-09T14:38:31.788192+00:00,iPhone 17 Pro 512GB,512GB,海峡通信,,214800,,ALERT,,,failed,"海峡通信の取得に失敗: 3回リトライ後も取得失敗: HTTPSConnectionPool(host='www.mobile-ichiban.com', port=443): Max retries exceeded with url: /Prod/1/01/36 (Caused by ConnectTimeoutError(<HTTPSConnection(host='www.mobile-ichiban.com', port=443) at 0x7fa20ab30e90>, 'Connection to www.mobile-ichiban.com timed out. (connect timeout=20)'))",https://www.mobile-ichiban.com/Prod/1/01/36
2026-08-09T14:38:31.788192+00:00,iPhone 17 Pro Max 256GB,256GB,海峡通信,,194800,,ALERT,,,failed,"海峡通信の取得に失敗: 3回リトライ後も取得失敗: HTTPSConnectionPool(host='www.mobile-ichiban.com', port=443): Max retries exceeded with url: /Prod/1/01/37 (Caused by ConnectTimeoutError(<HTTPSConnection(host='www.mobile-ichiban.com', port=443) at 0x7fa20a453620>, 'Connection to www.mobile-ichiban.com timed out. (connect timeout=20)'))",https://www.mobile-ichiban.com/Prod/1/01/37
2026-08-09T14:38:31.788192+00:00,iPhone 17 Pro Max 512GB,512GB,海峡通信,,229800,,ALERT,,,failed,"海峡通信の取得に失敗: 3回リトライ後も取得失敗: HTTPSConnectionPool(host='www.mobile-ichiban.com', port=443): Max retries exceeded with url: /Prod/1/01/37 (Caused by ConnectTimeoutError(<HTTPSConnection(host='www.mobile-ichiban.com', port=443) at 0x7fa20a453620>, 'Connection to www.mobile-ichiban.com timed out. (connect timeout=20)'))",https://www.mobile-ichiban.com/Prod/1/01/37
2026-08-09T15:35:29.411329+00:00,iPhone 17 Pro 256GB,256GB,海峡通信,183000,179800,3200,SELL,0,0,ok,売却目標に到達,https://www.mobile-ichiban.com/Prod/1/01/36
2026-08-09T15:35:29.411329+00:00,iPhone 17 Pro 512GB,512GB,海峡通信,183000,214800,-31800,WAIT,0,0,ok,損益が監視ライン以下,https://www.mobile-ichiban.com/Prod/1/01/36
2026-08-09T15:35:29.411329+00:00,iPhone 17 Pro Max 256GB,256GB,海峡通信,194000,194800,-800,WAIT,0,0,ok,目標未達,https://www.mobile-ichiban.com/Prod/1/01/37
2026-08-09T15:35:29.411329+00:00,iPhone 17 Pro Max 512GB,512GB,海峡通信,194000,229800,-35800,WAIT,0,0,ok,損益が監視ライン以下,https://www.mobile-ichiban.com/Prod/1/01/37
2026-08-09T16:40:00.076431+00:00,iPhone 17 Pro 256GB,256GB,海峡通信,183000,179800,3200,SELL,0,0,ok,売却目標に到達,https://www.mobile-ichiban.com/Prod/1/01/36
2026-08-09T16:40:00.076431+00:00,iPhone 17 Pro 512GB,512GB,海峡通信,183000,214800,-31800,WAIT,0,0,ok,損益が監視ライン以下,https://www.mobile-ichiban.com/Prod/1/01/36
2026-08-09T16:40:00.076431+00:00,iPhone 17 Pro Max 256GB,256GB,海峡通信,194000,194800,-800,WAIT,0,0,ok,目標未達,https://www.mobile-ichiban.com/Prod/1/01/37
2026-08-09T16:40:00.076431+00:00,iPhone 17 Pro Max 512GB,512GB,海峡通信,194000,229800,-35800,WAIT,0,0,ok,損益が監視ライン以下,https://www.mobile-ichiban.com/Prod/1/01/37
2026-08-09T17:34:52.838414+00:00,iPhone 17 Pro 256GB,256GB,海峡通信,183000,179800,3200,SELL,0,0,ok,売却目標に到達,https://www.mobile-ichiban.com/Prod/1/01/36
2026-08-09T17:34:52.838414+00:00,iPhone 17 Pro 512GB,512GB,海峡通信,183000,214800,-31800,WAIT,0,0,ok,損益が監視ライン以下,https://www.mobile-ichiban.com/Prod/1/01/36
2026-08-09T17:34:52.838414+00:00,iPhone 17 Pro Max 256GB,256GB,海峡通信,194000,194800,-800,WAIT,0,0,ok,目標未達,https://www.mobile-ichiban.com/Prod/1/01/37
2026-08-09T17:34:52.838414+00:00,iPhone 17 Pro Max 512GB,512GB,海峡通信,194000,229800,-35800,WAIT,0,0,ok,損益が監視ライン以下,https://www.mobile-ichiban.com/Prod/1/01/37
2026-08-09T18:47:04.139780+00:00,iPhone 17 Pro 256GB,256GB,海峡通信,,179800,,ALERT,,,failed,"海峡通信の取得に失敗: 3回リトライ後も取得失敗: HTTPSConnectionPool(host='www.mobile-ichiban.com', port=443): Max retries exceeded with url: /Prod/1/01/36 (Caused by ConnectTimeoutError(<HTTPSConnection(host='www.mobile-ichiban.com', port=443) at 0x7f17f572d280>, 'Connection to www.mobile-ichiban.com timed out. (connect timeout=20)'))",https://www.mobile-ichiban.com/Prod/1/01/36
2026-08-09T18:47:04.139780+00:00,iPhone 17 Pro 512GB,512GB,海峡通信,,214800,,ALERT,,,failed,"海峡通信の取得に失敗: 3回リトライ後も取得失敗: HTTPSConnectionPool(host='www.mobile-ichiban.com', port=443): Max retries exceeded with url: /Prod/1/01/36 (Caused by ConnectTimeoutError(<HTTPSConnection(host='www.mobile-ichiban.com', port=443) at 0x7f17f572d280>, 'Connection to www.mobile-ichiban.com timed out. (connect timeout=20)'))",https://www.mobile-ichiban.com/Prod/1/01/36
2026-08-09T18:47:04.139780+00:00,iPhone 17 Pro Max 256GB,256GB,海峡通信,,194800,,ALERT,,,failed,"海峡通信の取得に失敗: 3回リトライ後も取得失敗: HTTPSConnectionPool(host='www.mobile-ichiban.com', port=443): Max retries exceeded with url: /Prod/1/01/37 (Caused by ConnectTimeoutError(<HTTPSConnection(host='www.mobile-ichiban.com', port=443) at 0x7f17f466b200>, 'Connection to www.mobile-ichiban.com timed out. (connect timeout=20)'))",https://www.mobile-ichiban.com/Prod/1/01/37
2026-08-09T18:47:04.139780+00:00,iPhone 17 Pro Max 512GB,512GB,海峡通信,,229800,,ALERT,,,failed,"海峡通信の取得に失敗: 3回リトライ後も取得失敗: HTTPSConnectionPool(host='www.mobile-ichiban.com', port=443): Max retries exceeded with url: /Prod/1/01/37 (Caused by ConnectTimeoutError(<HTTPSConnection(host='www.mobile-ichiban.com', port=443) at 0x7f17f466b200>, 'Connection to www.mobile-ichiban.com timed out. (connect timeout=20)'))",https://www.mobile-ichiban.com/Prod/1/01/37
2026-08-09T19:36:37.596069+00:00,iPhone 17 Pro 256GB,256GB,海峡通信,183000,179800,3200,SELL,0,0,ok,売却目標に到達,https://www.mobile-ichiban.com/Prod/1/01/36
2026-08-09T19:36:37.596069+00:00,iPhone 17 Pro 512GB,512GB,海峡通信,183000,214800,-31800,WAIT,0,0,ok,損益が監視ライン以下,https://www.mobile-ichiban.com/Prod/1/01/36
2026-08-09T19:36:37.596069+00:00,iPhone 17 Pro Max 256GB,256GB,海峡通信,194000,194800,-800,WAIT,0,0,ok,目標未達,https://www.mobile-ichiban.com/Prod/1/01/37
2026-08-09T19:36:37.596069+00:00,iPhone 17 Pro Max 512GB,512GB,海峡通信,194000,229800,-35800,WAIT,0,0,ok,損益が監視ライン以下,https://www.mobile-ichiban.com/Prod/1/01/37
2026-08-09T20:37:00.411117+00:00,iPhone 17 Pro 256GB,256GB,海峡通信,183000,179800,3200,SELL,0,0,ok,売却目標に到達,https://www.mobile-ichiban.com/Prod/1/01/36
2026-08-09T20:37:00.411117+00:00,iPhone 17 Pro 512GB,512GB,海峡通信,183000,214800,-31800,WAIT,0,0,ok,損益が監視ライン以下,https://www.mobile-ichiban.com/Prod/1/01/36
2026-08-09T20:37:00.411117+00:00,iPhone 17 Pro Max 256GB,256GB,海峡通信,194000,194800,-800,WAIT,0,0,ok,目標未達,https://www.mobile-ichiban.com/Prod/1/01/37
2026-08-09T20:37:00.411117+00:00,iPhone 17 Pro Max 512GB,512GB,海峡通信,194000,229800,-35800,WAIT,0,0,ok,損益が監視ライン以下,https://www.mobile-ichiban.com/Prod/1/01/37
2026-08-09T21:36:20.733853+00:00,iPhone 17 Pro 256GB,256GB,海峡通信,183000,179800,3200,SELL,0,0,ok,売却目標に到達,https://www.mobile-ichiban.com/Prod/1/01/36
2026-08-09T21:36:20.733853+00:00,iPhone 17 Pro 512GB,512GB,海峡通信,183000,214800,-31800,WAIT,0,0,ok,損益が監視ライン以下,https://www.mobile-ichiban.com/Prod/1/01/36
2026-08-09T21:36:20.733853+00:00,iPhone 17 Pro Max 256GB,256GB,海峡通信,194000,194800,-800,WAIT,0,0,ok,目標未達,https://www.mobile-ichiban.com/Prod/1/01/37
2026-08-09T21:36:20.733853+00:00,iPhone 17 Pro Max 512GB,512GB,海峡通信,194000,229800,-35800,WAIT,0,0,ok,損益が監視ライン以下,https://www.mobile-ichiban.com/Prod/1/01/37
2026-08-09T22:35:19.493483+00:00,iPhone 17 Pro 256GB,256GB,海峡通信,183000,179800,3200,SELL,0,0,ok,売却目標に到達,https://www.mobile-ichiban.com/Prod/1/01/36
2026-08-09T22:35:19.493483+00:00,iPhone 17 Pro 512GB,512GB,海峡通信,183000,214800,-31800,WAIT,0,0,ok,損益が監視ライン以下,https://www.mobile-ichiban.com/Prod/1/01/36
2026-08-09T22:35:19.493483+00:00,iPhone 17 Pro Max 256GB,256GB,海峡通信,194000,194800,-800,WAIT,0,0,ok,目標未達,https://www.mobile-ichiban.com/Prod/1/01/37
2026-08-09T22:35:19.493483+00:00,iPhone 17 Pro Max 512GB,512GB,海峡通信,194000,229800,-35800,WAIT,0,0,ok,損益が監視ライン以下,https://www.mobile-ichiban.com/Prod/1/01/37
2026-08-09T23:34:42.984032+00:00,iPhone 17 Pro 256GB,256GB,海峡通信,183000,179800,3200,SELL,0,0,ok,売却目標に到達,https://www.mobile-ichiban.com/Prod/1/01/36
2026-08-09T23:34:42.984032+00:00,iPhone 17 Pro 512GB,512GB,海峡通信,183000,214800,-31800,WAIT,0,0,ok,損益が監視ライン以下,https://www.mobile-ichiban.com/Prod/1/01/36
2026-08-09T23:34:42.984032+00:00,iPhone 17 Pro Max 256GB,256GB,海峡通信,194000,194800,-800,WAIT,0,0,ok,目標未達,https://www.mobile-ichiban.com/Prod/1/01/37
2026-08-09T23:34:42.984032+00:00,iPhone 17 Pro Max 512GB,512GB,海峡通信,194000,229800,-35800,WAIT,0,0,ok,損益が監視ライン以下,https://www.mobile-ichiban.com/Prod/1/01/37
2026-08-10T02:06:00.125324+00:00,iPhone 17 Pro 256GB,256GB,海峡通信,,179800,,ALERT,,,failed,"海峡通信の取得に失敗: 3回リトライ後も取得失敗: HTTPSConnectionPool(host='www.mobile-ichiban.com', port=443): Max retries exceeded with url: /Prod/1/01/36 (Caused by ConnectTimeoutError(<HTTPSConnection(host='www.mobile-ichiban.com', port=443) at 0x7f1ba694e9c0>, 'Connection to www.mobile-ichiban.com timed out. (connect timeout=20)'))",https://www.mobile-ichiban.com/Prod/1/01/36
2026-08-10T02:06:00.125324+00:00,iPhone 17 Pro 512GB,512GB,海峡通信,,214800,,ALERT,,,failed,"海峡通信の取得に失敗: 3回リトライ後も取得失敗: HTTPSConnectionPool(host='www.mobile-ichiban.com', port=443): Max retries exceeded with url: /Prod/1/01/36 (Caused by ConnectTimeoutError(<HTTPSConnection(host='www.mobile-ichiban.com', port=443) at 0x7f1ba694e9c0>, 'Connection to www.mobile-ichiban.com timed out. (connect timeout=20)'))",https://www.mobile-ichiban.com/Prod/1/01/36
2026-08-10T02:06:00.125324+00:00,iPhone 17 Pro Max 256GB,256GB,海峡通信,,194800,,ALERT,,,failed,"海峡通信の取得に失敗: 3回リトライ後も取得失敗: HTTPSConnectionPool(host='www.mobile-ichiban.com', port=443): Max retries exceeded with url: /Prod/1/01/37 (Caused by ConnectTimeoutError(<HTTPSConnection(host='www.mobile-ichiban.com', port=443) at 0x7f1ba5b17290>, 'Connection to www.mobile-ichiban.com timed out. (connect timeout=20)'))",https://www.mobile-ichiban.com/Prod/1/01/37
2026-08-10T02:06:00.125324+00:00,iPhone 17 Pro Max 512GB,512GB,海峡通信,,229800,,ALERT,,,failed,"海峡通信の取得に失敗: 3回リトライ後も取得失敗: HTTPSConnectionPool(host='www.mobile-ichiban.com', port=443): Max retries exceeded with url: /Prod/1/01/37 (Caused by ConnectTimeoutError(<HTTPSConnection(host='www.mobile-ichiban.com', port=443) at 0x7f1ba5b17290>, 'Connection to www.mobile-ichiban.com timed out. (connect timeout=20)'))",https://www.mobile-ichiban.com/Prod/1/01/37
2026-08-10T04:41:22.670979+00:00,iPhone 17 Pro 256GB,256GB,海峡通信,183000,179800,3200,SELL,0,0,ok,売却目標に到達,https://www.mobile-ichiban.com/Prod/1/01/36
2026-08-10T04:41:22.670979+00:00,iPhone 17 Pro 512GB,512GB,海峡通信,211500,214800,-3300,WAIT,28500,0,ok,"前回比 +28,500円",https://www.mobile-ichiban.com/Prod/1/01/36
2026-08-10T04:41:22.670979+00:00,iPhone 17 Pro Max 256GB,256GB,海峡通信,194000,194800,-800,WAIT,0,0,ok,目標未達,https://www.mobile-ichiban.com/Prod/1/01/37
2026-08-10T04:41:22.670979+00:00,iPhone 17 Pro Max 512GB,512GB,海峡通信,222500,229800,-7300,WAIT,28500,0,ok,"前回比 +28,500円",https://www.mobile-ichiban.com/Prod/1/01/37
2026-08-10T06:12:29.989328+00:00,iPhone 17 Pro 256GB,256GB,海峡通信,,179800,,ALERT,,,failed,"海峡通信の取得に失敗: 3回リトライ後も取得失敗: HTTPSConnectionPool(host='www.mobile-ichiban.com', port=443): Max retries exceeded with url: /Prod/1/01/36 (Caused by ConnectTimeoutError(<HTTPSConnection(host='www.mobile-ichiban.com', port=443) at 0x7fa087e2d280>, 'Connection to www.mobile-ichiban.com timed out. (connect timeout=20)'))",https://www.mobile-ichiban.com/Prod/1/01/36
2026-08-10T06:12:29.989328+00:00,iPhone 17 Pro 512GB,512GB,海峡通信,,214800,,ALERT,,,failed,"海峡通信の取得に失敗: 3回リトライ後も取得失敗: HTTPSConnectionPool(host='www.mobile-ichiban.com', port=443): Max retries exceeded with url: /Prod/1/01/36 (Caused by ConnectTimeoutError(<HTTPSConnection(host='www.mobile-ichiban.com', port=443) at 0x7fa087e2d280>, 'Connection to www.mobile-ichiban.com timed out. (connect timeout=20)'))",https://www.mobile-ichiban.com/Prod/1/01/36
2026-08-10T06:12:29.989328+00:00,iPhone 17 Pro Max 256GB,256GB,海峡通信,,194800,,ALERT,,,failed,"海峡通信の取得に失敗: 3回リトライ後も取得失敗: HTTPSConnectionPool(host='www.mobile-ichiban.com', port=443): Max retries exceeded with url: /Prod/1/01/37 (Caused by ConnectTimeoutError(<HTTPSConnection(host='www.mobile-ichiban.com', port=443) at 0x7fa086d23140>, 'Connection to www.mobile-ichiban.com timed out. (connect timeout=20)'))",https://www.mobile-ichiban.com/Prod/1/01/37
2026-08-10T06:12:29.989328+00:00,iPhone 17 Pro Max 512GB,512GB,海峡通信,,229800,,ALERT,,,failed,"海峡通信の取得に失敗: 3回リトライ後も取得失敗: HTTPSConnectionPool(host='www.mobile-ichiban.com', port=443): Max retries exceeded with url: /Prod/1/01/37 (Caused by ConnectTimeoutError(<HTTPSConnection(host='www.mobile-ichiban.com', port=443) at 0x7fa086d23140>, 'Connection to www.mobile-ichiban.com timed out. (connect timeout=20)'))",https://www.mobile-ichiban.com/Prod/1/01/37
2026-08-10T08:41:55.321449+00:00,iPhone 17 Pro 256GB,256GB,海峡通信,,179800,,ALERT,,,failed,"海峡通信の取得に失敗: 3回リトライ後も取得失敗: HTTPSConnectionPool(host='www.mobile-ichiban.com', port=443): Max retries exceeded with url: /Prod/1/01/36 (Caused by ConnectTimeoutError(<HTTPSConnection(host='www.mobile-ichiban.com', port=443) at 0x7f8dbe3bce30>, 'Connection to www.mobile-ichiban.com timed out. (connect timeout=20)'))",https://www.mobile-ichiban.com/Prod/1/01/36
2026-08-10T08:41:55.321449+00:00,iPhone 17 Pro 512GB,512GB,海峡通信,,214800,,ALERT,,,failed,"海峡通信の取得に失敗: 3回リトライ後も取得失敗: HTTPSConnectionPool(host='www.mobile-ichiban.com', port=443): Max retries exceeded with url: /Prod/1/01/36 (Caused by ConnectTimeoutError(<HTTPSConnection(host='www.mobile-ichiban.com', port=443) at 0x7f8dbe3bce30>, 'Connection to www.mobile-ichiban.com timed out. (connect timeout=20)'))",https://www.mobile-ichiban.com/Prod/1/01/36
2026-08-10T08:41:55.321449+00:00,iPhone 17 Pro Max 256GB,256GB,海峡通信,,194800,,ALERT,,,failed,"海峡通信の取得に失敗: 3回リトライ後も取得失敗: HTTPSConnectionPool(host='www.mobile-ichiban.com', port=443): Max retries exceeded with url: /Prod/1/01/37 (Caused by ConnectTimeoutError(<HTTPSConnection(host='www.mobile-ichiban.com', port=443) at 0x7f8dbe3bf6b0>, 'Connection to www.mobile-ichiban.com timed out. (connect timeout=20)'))",https://www.mobile-ichiban.com/Prod/1/01/37
2026-08-10T08:41:55.321449+00:00,iPhone 17 Pro Max 512GB,512GB,海峡通信,,229800,,ALERT,,,failed,"海峡通信の取得に失敗: 3回リトライ後も取得失敗: HTTPSConnectionPool(host='www.mobile-ichiban.com', port=443): Max retries exceeded with url: /Prod/1/01/37 (Caused by ConnectTimeoutError(<HTTPSConnection(host='www.mobile-ichiban.com', port=443) at 0x7f8dbe3bf6b0>, 'Connection to www.mobile-ichiban.com timed out. (connect timeout=20)'))",https://www.mobile-ichiban.com/Prod/1/01/37
2026-08-10T10:20:15.475017+00:00,iPhone 17 Pro 256GB,256GB,海峡通信,,179800,,ALERT,,,failed,"海峡通信の取得に失敗: 3回リトライ後も取得失敗: HTTPSConnectionPool(host='www.mobile-ichiban.com', port=443): Max retries exceeded with url: /Prod/1/01/36 (Caused by ConnectTimeoutError(<HTTPSConnection(host='www.mobile-ichiban.com', port=443) at 0x7f52895dd520>, 'Connection to www.mobile-ichiban.com timed out. (connect timeout=20)'))",https://www.mobile-ichiban.com/Prod/1/01/36
2026-08-10T10:20:15.475017+00:00,iPhone 17 Pro 512GB,512GB,海峡通信,,214800,,ALERT,,,failed,"海峡通信の取得に失敗: 3回リトライ後も取得失敗: HTTPSConnectionPool(host='www.mobile-ichiban.com', port=443): Max retries exceeded with url: /Prod/1/01/36 (Caused by ConnectTimeoutError(<HTTPSConnection(host='www.mobile-ichiban.com', port=443) at 0x7f52895dd520>, 'Connection to www.mobile-ichiban.com timed out. (connect timeout=20)'))",https://www.mobile-ichiban.com/Prod/1/01/36
2026-08-10T10:20:15.475017+00:00,iPhone 17 Pro Max 256GB,256GB,海峡通信,,194800,,ALERT,,,failed,"海峡通信の取得に失敗: 3回リトライ後も取得失敗: HTTPSConnectionPool(host='www.mobile-ichiban.com', port=443): Max retries exceeded with url: /Prod/1/01/37 (Caused by ConnectTimeoutError(<HTTPSConnection(host='www.mobile-ichiban.com', port=443) at 0x7f52895df620>, 'Connection to www.mobile-ichiban.com timed out. (connect timeout=20)'))",https://www.mobile-ichiban.com/Prod/1/01/37
2026-08-10T10:20:15.475017+00:00,iPhone 17 Pro Max 512GB,512GB,海峡通信,,229800,,ALERT,,,failed,"海峡通信の取得に失敗: 3回リトライ後も取得失敗: HTTPSConnectionPool(host='www.mobile-ichiban.com', port=443): Max retries exceeded with url: /Prod/1/01/37 (Caused by ConnectTimeoutError(<HTTPSConnection(host='www.mobile-ichiban.com', port=443) at 0x7f52895df620>, 'Connection to www.mobile-ichiban.com timed out. (connect timeout=20)'))",https://www.mobile-ichiban.com/Prod/1/01/37
2026-08-10T11:50:36.166200+00:00,iPhone 17 Pro 256GB,256GB,海峡通信,183000,179800,3200,SELL,0,0,ok,売却目標に到達,https://www.mobile-ichiban.com/Prod/1/01/36
2026-08-10T11:50:36.166200+00:00,iPhone 17 Pro 512GB,512GB,海峡通信,183000,214800,-31800,ALERT,-28500,0,ok,"前回比 -28,500円",https://www.mobile-ichiban.com/Prod/1/01/36
2026-08-10T11:50:36.166200+00:00,iPhone 17 Pro Max 256GB,256GB,海峡通信,194000,194800,-800,WAIT,0,0,ok,目標未達,https://www.mobile-ichiban.com/Prod/1/01/37
2026-08-10T11:50:36.166200+00:00,iPhone 17 Pro Max 512GB,512GB,海峡通信,194000,229800,-35800,ALERT,-28500,0,ok,"前回比 -28,500円",https://www.mobile-ichiban.com/Prod/1/01/37
2026-08-10T13:17:30.140137+00:00,iPhone 17 Pro 256GB,256GB,海峡通信,183000,179800,3200,SELL,0,0,ok,売却目標に到達,https://www.mobile-ichiban.com/Prod/1/01/36
2026-08-10T13:17:30.140137+00:00,iPhone 17 Pro 512GB,512GB,海峡通信,183000,214800,-31800,WAIT,0,0,ok,損益が監視ライン以下,https://www.mobile-ichiban.com/Prod/1/01/36
2026-08-10T13:17:30.140137+00:00,iPhone 17 Pro Max 256GB,256GB,海峡通信,194000,194800,-800,WAIT,0,0,ok,目標未達,https://www.mobile-ichiban.com/Prod/1/01/37
2026-08-10T13:17:30.140137+00:00,iPhone 17 Pro Max 512GB,512GB,海峡通信,194000,229800,-35800,WAIT,0,0,ok,損益が監視ライン以下,https://www.mobile-ichiban.com/Prod/1/01/37
2026-08-10T15:02:24.571782+00:00,iPhone 17 Pro 256GB,256GB,海峡通信,183000,179800,3200,SELL,0,0,ok,売却目標に到達,https://www.mobile-ichiban.com/Prod/1/01/36
2026-08-10T15:02:24.571782+00:00,iPhone 17 Pro 512GB,512GB,海峡通信,183000,214800,-31800,WAIT,0,0,ok,損益が監視ライン以下,https://www.mobile-ichiban.com/Prod/1/01/36
2026-08-10T15:02:24.571782+00:00,iPhone 17 Pro Max 256GB,256GB,海峡通信,194000,194800,-800,WAIT,0,0,ok,目標未達,https://www.mobile-ichiban.com/Prod/1/01/37
2026-08-10T15:02:24.571782+00:00,iPhone 17 Pro Max 512GB,512GB,海峡通信,194000,229800,-35800,WAIT,0,0,ok,損益が監視ライン以下,https://www.mobile-ichiban.com/Prod/1/01/37
2026-08-10T16:57:16.657443+00:00,iPhone 17 Pro 256GB,256GB,海峡通信,183000,179800,3200,SELL,0,0,ok,売却目標に到達,https://www.mobile-ichiban.com/Prod/1/01/36
2026-08-10T16:57:16.657443+00:00,iPhone 17 Pro 512GB,512GB,海峡通信,183000,214800,-31800,WAIT,0,0,ok,損益が監視ライン以下,https://www.mobile-ichiban.com/Prod/1/01/36
2026-08-10T16:57:16.657443+00:00,iPhone 17 Pro Max 256GB,256GB,海峡通信,194000,194800,-800,WAIT,0,0,ok,目標未達,https://www.mobile-ichiban.com/Prod/1/01/37
2026-08-10T16:57:16.657443+00:00,iPhone 17 Pro Max 512GB,512GB,海峡通信,194000,229800,-35800,WAIT,0,0,ok,損益が監視ライン以下,https://www.mobile-ichiban.com/Prod/1/01/37
2026-08-10T17:55:03.795508+00:00,iPhone 17 Pro 256GB,256GB,海峡通信,183000,179800,3200,SELL,0,0,ok,売却目標に到達,https://www.mobile-ichiban.com/Prod/1/01/36
2026-08-10T17:55:03.795508+00:00,iPhone 17 Pro 512GB,512GB,海峡通信,183000,214800,-31800,WAIT,0,0,ok,損益が監視ライン以下,https://www.mobile-ichiban.com/Prod/1/01/36
2026-08-10T17:55:03.795508+00:00,iPhone 17 Pro Max 256GB,256GB,海峡通信,194000,194800,-800,WAIT,0,0,ok,目標未達,https://www.mobile-ichiban.com/Prod/1/01/37
2026-08-10T17:55:03.795508+00:00,iPhone 17 Pro Max 512GB,512GB,海峡通信,194000,229800,-35800,WAIT,0,0,ok,損益が監視ライン以下,https://www.mobile-ichiban.com/Prod/1/01/37
2026-08-10T19:02:37.142480+00:00,iPhone 17 Pro 256GB,256GB,海峡通信,183000,179800,3200,SELL,0,0,ok,売却目標に到達,https://www.mobile-ichiban.com/Prod/1/01/36
2026-08-10T19:02:37.142480+00:00,iPhone 17 Pro 512GB,512GB,海峡通信,183000,214800,-31800,WAIT,0,0,ok,損益が監視ライン以下,https://www.mobile-ichiban.com/Prod/1/01/36
2026-08-10T19:02:37.142480+00:00,iPhone 17 Pro Max 256GB,256GB,海峡通信,194000,194800,-800,WAIT,0,0,ok,目標未達,https://www.mobile-ichiban.com/Prod/1/01/37
2026-08-10T19:02:37.142480+00:00,iPhone 17 Pro Max 512GB,512GB,海峡通信,194000,229800,-35800,WAIT,0,0,ok,損益が監視ライン以下,https://www.mobile-ichiban.com/Prod/1/01/37
2026-08-10T20:47:52.467678+00:00,iPhone 17 Pro 256GB,256GB,海峡通信,,179800,,ALERT,,,failed,"海峡通信の取得に失敗: 3回リトライ後も取得失敗: HTTPSConnectionPool(host='www.mobile-ichiban.com', port=443): Max retries exceeded with url: /Prod/1/01/36 (Caused by ConnectTimeoutError(<HTTPSConnection(host='www.mobile-ichiban.com', port=443) at 0x7f90446e38f0>, 'Connection to www.mobile-ichiban.com timed out. (connect timeout=20)'))",https://www.mobile-ichiban.com/Prod/1/01/36
2026-08-10T20:47:52.467678+00:00,iPhone 17 Pro 512GB,512GB,海峡通信,,214800,,ALERT,,,failed,"海峡通信の取得に失敗: 3回リトライ後も取得失敗: HTTPSConnectionPool(host='www.mobile-ichiban.com', port=443): Max retries exceeded with url: /Prod/1/01/36 (Caused by ConnectTimeoutError(<HTTPSConnection(host='www.mobile-ichiban.com', port=443) at 0x7f90446e38f0>, 'Connection to www.mobile-ichiban.com timed out. (connect timeout=20)'))",https://www.mobile-ichiban.com/Prod/1/01/36
2026-08-10T20:47:52.467678+00:00,iPhone 17 Pro Max 256GB,256GB,海峡通信,,194800,,ALERT,,,failed,"海峡通信の取得に失敗: 3回リトライ後も取得失敗: HTTPSConnectionPool(host='www.mobile-ichiban.com', port=443): Max retries exceeded with url: /Prod/1/01/37 (Caused by ConnectTimeoutError(<HTTPSConnection(host='www.mobile-ichiban.com', port=443) at 0x7f9044093200>, 'Connection to www.mobile-ichiban.com timed out. (connect timeout=20)'))",https://www.mobile-ichiban.com/Prod/1/01/37
2026-08-10T20:47:52.467678+00:00,iPhone 17 Pro Max 512GB,512GB,海峡通信,,229800,,ALERT,,,failed,"海峡通信の取得に失敗: 3回リトライ後も取得失敗: HTTPSConnectionPool(host='www.mobile-ichiban.com', port=443): Max retries exceeded with url: /Prod/1/01/37 (Caused by ConnectTimeoutError(<HTTPSConnection(host='www.mobile-ichiban.com', port=443) at 0x7f9044093200>, 'Connection to www.mobile-ichiban.com timed out. (connect timeout=20)'))",https://www.mobile-ichiban.com/Prod/1/01/37
2026-08-10T21:46:00.680550+00:00,iPhone 17 Pro 256GB,256GB,海峡通信,183000,179800,3200,SELL,0,0,ok,売却目標に到達,https://www.mobile-ichiban.com/Prod/1/01/36
2026-08-10T21:46:00.680550+00:00,iPhone 17 Pro 512GB,512GB,海峡通信,183000,214800,-31800,WAIT,0,0,ok,損益が監視ライン以下,https://www.mobile-ichiban.com/Prod/1/01/36
2026-08-10T21:46:00.680550+00:00,iPhone 17 Pro Max 256GB,256GB,海峡通信,194000,194800,-800,WAIT,0,0,ok,目標未達,https://www.mobile-ichiban.com/Prod/1/01/37
2026-08-10T21:46:00.680550+00:00,iPhone 17 Pro Max 512GB,512GB,海峡通信,194000,229800,-35800,WAIT,0,0,ok,損益が監視ライン以下,https://www.mobile-ichiban.com/Prod/1/01/37
2026-08-10T22:41:30.046307+00:00,iPhone 17 Pro 256GB,256GB,海峡通信,183000,179800,3200,SELL,0,0,ok,売却目標に到達,https://www.mobile-ichiban.com/Prod/1/01/36
2026-08-10T22:41:30.046307+00:00,iPhone 17 Pro 512GB,512GB,海峡通信,183000,214800,-31800,WAIT,0,0,ok,損益が監視ライン以下,https://www.mobile-ichiban.com/Prod/1/01/36
2026-08-10T22:41:30.046307+00:00,iPhone 17 Pro Max 256GB,256GB,海峡通信,194000,194800,-800,WAIT,0,0,ok,目標未達,https://www.mobile-ichiban.com/Prod/1/01/37
2026-08-10T22:41:30.046307+00:00,iPhone 17 Pro Max 512GB,512GB,海峡通信,194000,229800,-35800,WAIT,0,0,ok,損益が監視ライン以下,https://www.mobile-ichiban.com/Prod/1/01/37
2026-08-10T23:38:31.210016+00:00,iPhone 17 Pro 256GB,256GB,海峡通信,183000,179800,3200,SELL,0,0,ok,売却目標に到達,https://www.mobile-ichiban.com/Prod/1/01/36
2026-08-10T23:38:31.210016+00:00,iPhone 17 Pro 512GB,512GB,海峡通信,183000,214800,-31800,WAIT,0,0,ok,損益が監視ライン以下,https://www.mobile-ichiban.com/Prod/1/01/36
2026-08-10T23:38:31.210016+00:00,iPhone 17 Pro Max 256GB,256GB,海峡通信,194000,194800,-800,WAIT,0,0,ok,目標未達,https://www.mobile-ichiban.com/Prod/1/01/37
2026-08-10T23:38:31.210016+00:00,iPhone 17 Pro Max 512GB,512GB,海峡通信,194000,229800,-35800,WAIT,0,0,ok,損益が監視ライン以下,https://www.mobile-ichiban.com/Prod/1/01/37
2026-08-11T02:01:08.830619+00:00,iPhone 17 Pro 256GB,256GB,海峡通信,,179800,,ALERT,,,failed,"海峡通信の取得に失敗: 3回リトライ後も取得失敗: HTTPSConnectionPool(host='www.mobile-ichiban.com', port=443): Max retries exceeded with url: /Prod/1/01/36 (Caused by ConnectTimeoutError(<HTTPSConnection(host='www.mobile-ichiban.com', port=443) at 0x7f86a1b62c60>, 'Connection to www.mobile-ichiban.com timed out. (connect timeout=20)'))",https://www.mobile-ichiban.com/Prod/1/01/36
2026-08-11T02:01:08.830619+00:00,iPhone 17 Pro 512GB,512GB,海峡通信,,214800,,ALERT,,,failed,"海峡通信の取得に失敗: 3回リトライ後も取得失敗: HTTPSConnectionPool(host='www.mobile-ichiban.com', port=443): Max retries exceeded with url: /Prod/1/01/36 (Caused by ConnectTimeoutError(<HTTPSConnection(host='www.mobile-ichiban.com', port=443) at 0x7f86a1b62c60>, 'Connection to www.mobile-ichiban.com timed out. (connect timeout=20)'))",https://www.mobile-ichiban.com/Prod/1/01/36
2026-08-11T02:01:08.830619+00:00,iPhone 17 Pro Max 256GB,256GB,海峡通信,,194800,,ALERT,,,failed,"海峡通信の取得に失敗: 3回リトライ後も取得失敗: HTTPSConnectionPool(host='www.mobile-ichiban.com', port=443): Max retries exceeded with url: /Prod/1/01/37 (Caused by ConnectTimeoutError(<HTTPSConnection(host='www.mobile-ichiban.com', port=443) at 0x7f86a1453470>, 'Connection to www.mobile-ichiban.com timed out. (connect timeout=20)'))",https://www.mobile-ichiban.com/Prod/1/01/37
2026-08-11T02:01:08.830619+00:00,iPhone 17 Pro Max 512GB,512GB,海峡通信,,229800,,ALERT,,,failed,"海峡通信の取得に失敗: 3回リトライ後も取得失敗: HTTPSConnectionPool(host='www.mobile-ichiban.com', port=443): Max retries exceeded with url: /Prod/1/01/37 (Caused by ConnectTimeoutError(<HTTPSConnection(host='www.mobile-ichiban.com', port=443) at 0x7f86a1453470>, 'Connection to www.mobile-ichiban.com timed out. (connect timeout=20)'))",https://www.mobile-ichiban.com/Prod/1/01/37
2026-08-11T04:22:15.265000+00:00,iPhone 17 Pro 256GB,256GB,海峡通信,183000,179800,3200,SELL,0,0,ok,売却目標に到達,https://www.mobile-ichiban.com/Prod/1/01/36
2026-08-11T04:22:15.265000+00:00,iPhone 17 Pro 512GB,512GB,海峡通信,211500,214800,-3300,WAIT,28500,0,ok,"前回比 +28,500円",https://www.mobile-ichiban.com/Prod/1/01/36
2026-08-11T04:22:15.265000+00:00,iPhone 17 Pro Max 256GB,256GB,海峡通信,194000,194800,-800,WAIT,0,0,ok,目標未達,https://www.mobile-ichiban.com/Prod/1/01/37
2026-08-11T04:22:15.265000+00:00,iPhone 17 Pro Max 512GB,512GB,海峡通信,222500,229800,-7300,WAIT,28500,0,ok,"前回比 +28,500円",https://www.mobile-ichiban.com/Prod/1/01/37
2026-08-11T05:54:31.625645+00:00,iPhone 17 Pro 256GB,256GB,海峡通信,183000,179800,3200,SELL,0,0,ok,売却目標に到達,https://www.mobile-ichiban.com/Prod/1/01/36
2026-08-11T05:54:31.625645+00:00,iPhone 17 Pro 512GB,512GB,海峡通信,211500,214800,-3300,WAIT,0,0,ok,目標未達,https://www.mobile-ichiban.com/Prod/1/01/36
2026-08-11T05:54:31.625645+00:00,iPhone 17 Pro Max 256GB,256GB,海峡通信,194000,194800,-800,WAIT,0,0,ok,目標未達,https://www.mobile-ichiban.com/Prod/1/01/37
2026-08-11T05:54:31.625645+00:00,iPhone 17 Pro Max 512GB,512GB,海峡通信,222500,229800,-7300,WAIT,0,0,ok,目標未達,https://www.mobile-ichiban.com/Prod/1/01/37
2026-08-11T07:13:56.643613+00:00,iPhone 17 Pro 256GB,256GB,海峡通信,183000,179800,3200,SELL,0,0,ok,売却目標に到達,https://www.mobile-ichiban.com/Prod/1/01/36
2026-08-11T07:13:56.643613+00:00,iPhone 17 Pro 512GB,512GB,海峡通信,211500,214800,-3300,WAIT,0,0,ok,目標未達,https://www.mobile-ichiban.com/Prod/1/01/36
2026-08-11T07:13:56.643613+00:00,iPhone 17 Pro Max 256GB,256GB,海峡通信,194000,194800,-800,WAIT,0,0,ok,目標未達,https://www.mobile-ichiban.com/Prod/1/01/37
2026-08-11T07:13:56.643613+00:00,iPhone 17 Pro Max 512GB,512GB,海峡通信,222500,229800,-7300,WAIT,0,0,ok,目標未達,https://www.mobile-ichiban.com/Prod/1/01/37
2026-08-11T09:02:25.468417+00:00,iPhone 17 Pro 256GB,256GB,海峡通信,183000,179800,3200,SELL,0,0,ok,売却目標に到達,https://www.mobile-ichiban.com/Prod/1/01/36
2026-08-11T09:02:25.468417+00:00,iPhone 17 Pro 512GB,512GB,海峡通信,211500,214800,-3300,WAIT,0,28500,ok,目標未達,https://www.mobile-ichiban.com/Prod/1/01/36
2026-08-11T09:02:25.468417+00:00,iPhone 17 Pro Max 256GB,256GB,海峡通信,194000,194800,-800,WAIT,0,0,ok,目標未達,https://www.mobile-ichiban.com/Prod/1/01/37
2026-08-11T09:02:25.468417+00:00,iPhone 17 Pro Max 512GB,512GB,海峡通信,222500,229800,-7300,WAIT,0,28500,ok,目標未達,https://www.mobile-ichiban.com/Prod/1/01/37
2026-08-11T10:53:14.281528+00:00,iPhone 17 Pro 256GB,256GB,海峡通信,183000,179800,3200,SELL,0,0,ok,売却目標に到達,https://www.mobile-ichiban.com/Prod/1/01/36
2026-08-11T10:53:14.281528+00:00,iPhone 17 Pro 512GB,512GB,海峡通信,183000,214800,-31800,ALERT,-28500,0,ok,"前回比 -28,500円",https://www.mobile-ichiban.com/Prod/1/01/36
2026-08-11T10:53:14.281528+00:00,iPhone 17 Pro Max 256GB,256GB,海峡通信,194000,194800,-800,WAIT,0,0,ok,目標未達,https://www.mobile-ichiban.com/Prod/1/01/37
2026-08-11T10:53:14.281528+00:00,iPhone 17 Pro Max 512GB,512GB,海峡通信,194000,229800,-35800,ALERT,-28500,0,ok,"前回比 -28,500円",https://www.mobile-ichiban.com/Prod/1/01/37
2026-08-11T11:47:18.806553+00:00,iPhone 17 Pro 256GB,256GB,海峡通信,183000,179800,3200,SELL,0,0,ok,売却目標に到達,https://www.mobile-ichiban.com/Prod/1/01/36
2026-08-11T11:47:18.806553+00:00,iPhone 17 Pro 512GB,512GB,海峡通信,183000,214800,-31800,WAIT,0,0,ok,損益が監視ライン以下,https://www.mobile-ichiban.com/Prod/1/01/36
2026-08-11T11:47:18.806553+00:00,iPhone 17 Pro Max 256GB,256GB,海峡通信,194000,194800,-800,WAIT,0,0,ok,目標未達,https://www.mobile-ichiban.com/Prod/1/01/37
2026-08-11T11:47:18.806553+00:00,iPhone 17 Pro Max 512GB,512GB,海峡通信,194000,229800,-35800,WAIT,0,0,ok,損益が監視ライン以下,https://www.mobile-ichiban.com/Prod/1/01/37
2026-08-11T13:14:12.977660+00:00,iPhone 17 Pro 256GB,256GB,海峡通信,183000,179800,3200,SELL,0,0,ok,売却目標に到達,https://www.mobile-ichiban.com/Prod/1/01/36
2026-08-11T13:14:12.977660+00:00,iPhone 17 Pro 512GB,512GB,海峡通信,183000,214800,-31800,WAIT,0,0,ok,損益が監視ライン以下,https://www.mobile-ichiban.com/Prod/1/01/36
2026-08-11T13:14:12.977660+00:00,iPhone 17 Pro Max 256GB,256GB,海峡通信,194000,194800,-800,WAIT,0,0,ok,目標未達,https://www.mobile-ichiban.com/Prod/1/01/37
2026-08-11T13:14:12.977660+00:00,iPhone 17 Pro Max 512GB,512GB,海峡通信,194000,229800,-35800,WAIT,0,0,ok,損益が監視ライン以下,https://www.mobile-ichiban.com/Prod/1/01/37
2026-08-11T15:01:40.309702+00:00,iPhone 17 Pro 256GB,256GB,海峡通信,183000,179800,3200,SELL,0,0,ok,売却目標に到達,https://www.mobile-ichiban.com/Prod/1/01/36
2026-08-11T15:01:40.309702+00:00,iPhone 17 Pro 512GB,512GB,海峡通信,183000,214800,-31800,WAIT,0,0,ok,損益が監視ライン以下,https://www.mobile-ichiban.com/Prod/1/01/36
2026-08-11T15:01:40.309702+00:00,iPhone 17 Pro Max 256GB,256GB,海峡通信,194000,194800,-800,WAIT,0,0,ok,目標未達,https://www.mobile-ichiban.com/Prod/1/01/37
2026-08-11T15:01:40.309702+00:00,iPhone 17 Pro Max 512GB,512GB,海峡通信,194000,229800,-35800,WAIT,0,0,ok,損益が監視ライン以下,https://www.mobile-ichiban.com/Prod/1/01/37
2026-08-11T17:00:38.214884+00:00,iPhone 17 Pro 256GB,256GB,海峡通信,183000,179800,3200,SELL,0,0,ok,売却目標に到達,https://www.mobile-ichiban.com/Prod/1/01/36
2026-08-11T17:00:38.214884+00:00,iPhone 17 Pro 512GB,512GB,海峡通信,183000,214800,-31800,WAIT,0,0,ok,損益が監視ライン以下,https://www.mobile-ichiban.com/Prod/1/01/36
2026-08-11T17:00:38.214884+00:00,iPhone 17 Pro Max 256GB,256GB,海峡通信,194000,194800,-800,WAIT,0,0,ok,目標未達,https://www.mobile-ichiban.com/Prod/1/01/37
2026-08-11T17:00:38.214884+00:00,iPhone 17 Pro Max 512GB,512GB,海峡通信,194000,229800,-35800,WAIT,0,0,ok,損益が監視ライン以下,https://www.mobile-ichiban.com/Prod/1/01/37
2026-08-11T19:06:56.699890+00:00,iPhone 17 Pro 256GB,256GB,海峡通信,183000,179800,3200,SELL,0,0,ok,売却目標に到達,https://www.mobile-ichiban.com/Prod/1/01/36
2026-08-11T19:06:56.699890+00:00,iPhone 17 Pro 512GB,512GB,海峡通信,183000,214800,-31800,WAIT,0,0,ok,損益が監視ライン以下,https://www.mobile-ichiban.com/Prod/1/01/36
2026-08-11T19:06:56.699890+00:00,iPhone 17 Pro Max 256GB,256GB,海峡通信,194000,194800,-800,WAIT,0,0,ok,目標未達,https://www.mobile-ichiban.com/Prod/1/01/37
2026-08-11T19:06:56.699890+00:00,iPhone 17 Pro Max 512GB,512GB,海峡通信,194000,229800,-35800,WAIT,0,0,ok,損益が監視ライン以下,https://www.mobile-ichiban.com/Prod/1/01/37
2026-08-11T20:50:27.933739+00:00,iPhone 17 Pro 256GB,256GB,海峡通信,183000,179800,3200,SELL,0,0,ok,売却目標に到達,https://www.mobile-ichiban.com/Prod/1/01/36
2026-08-11T20:50:27.933739+00:00,iPhone 17 Pro 512GB,512GB,海峡通信,183000,214800,-31800,WAIT,0,0,ok,損益が監視ライン以下,https://www.mobile-ichiban.com/Prod/1/01/36
2026-08-11T20:50:27.933739+00:00,iPhone 17 Pro Max 256GB,256GB,海峡通信,194000,194800,-800,WAIT,0,0,ok,目標未達,https://www.mobile-ichiban.com/Prod/1/01/37
2026-08-11T20:50:27.933739+00:00,iPhone 17 Pro Max 512GB,512GB,海峡通信,194000,229800,-35800,WAIT,0,0,ok,損益が監視ライン以下,https://www.mobile-ichiban.com/Prod/1/01/37
2026-08-11T21:52:42.719459+00:00,iPhone 17 Pro 256GB,256GB,海峡通信,183000,179800,3200,SELL,0,0,ok,売却目標に到達,https://www.mobile-ichiban.com/Prod/1/01/36
2026-08-11T21:52:42.719459+00:00,iPhone 17 Pro 512GB,512GB,海峡通信,183000,214800,-31800,WAIT,0,0,ok,損益が監視ライン以下,https://www.mobile-ichiban.com/Prod/1/01/36
2026-08-11T21:52:42.719459+00:00,iPhone 17 Pro Max 256GB,256GB,海峡通信,194000,194800,-800,WAIT,0,0,ok,目標未達,https://www.mobile-ichiban.com/Prod/1/01/37
2026-08-11T21:52:42.719459+00:00,iPhone 17 Pro Max 512GB,512GB,海峡通信,194000,229800,-35800,WAIT,0,0,ok,損益が監視ライン以下,https://www.mobile-ichiban.com/Prod/1/01/37
2026-08-11T22:48:28.868862+00:00,iPhone 17 Pro 256GB,256GB,海峡通信,183000,179800,3200,SELL,0,0,ok,売却目標に到達,https://www.mobile-ichiban.com/Prod/1/01/36
2026-08-11T22:48:28.868862+00:00,iPhone 17 Pro 512GB,512GB,海峡通信,183000,214800,-31800,WAIT,0,0,ok,損益が監視ライン以下,https://www.mobile-ichiban.com/Prod/1/01/36
2026-08-11T22:48:28.868862+00:00,iPhone 17 Pro Max 256GB,256GB,海峡通信,194000,194800,-800,WAIT,0,0,ok,目標未達,https://www.mobile-ichiban.com/Prod/1/01/37
2026-08-11T22:48:28.868862+00:00,iPhone 17 Pro Max 512GB,512GB,海峡通信,194000,229800,-35800,WAIT,0,0,ok,損益が監視ライン以下,https://www.mobile-ichiban.com/Prod/1/01/37
2026-08-11T23:45:39.510463+00:00,iPhone 17 Pro 256GB,256GB,海峡通信,183000,179800,3200,SELL,0,0,ok,売却目標に到達,https://www.mobile-ichiban.com/Prod/1/01/36
2026-08-11T23:45:39.510463+00:00,iPhone 17 Pro 512GB,512GB,海峡通信,183000,214800,-31800,WAIT,0,0,ok,損益が監視ライン以下,https://www.mobile-ichiban.com/Prod/1/01/36
2026-08-11T23:45:39.510463+00:00,iPhone 17 Pro Max 256GB,256GB,海峡通信,194000,194800,-800,WAIT,0,0,ok,目標未達,https://www.mobile-ichiban.com/Prod/1/01/37
2026-08-11T23:45:39.510463+00:00,iPhone 17 Pro Max 512GB,512GB,海峡通信,194000,229800,-35800,WAIT,0,0,ok,損益が監視ライン以下,https://www.mobile-ichiban.com/Prod/1/01/37
2026-08-12T02:16:14.003080+00:00,iPhone 17 Pro 256GB,256GB,海峡通信,183000,179800,3200,SELL,0,0,ok,売却目標に到達,https://www.mobile-ichiban.com/Prod/1/01/36
2026-08-12T02:16:14.003080+00:00,iPhone 17 Pro 512GB,512GB,海峡通信,183000,214800,-31800,WAIT,0,-28500,ok,損益が監視ライン以下,https://www.mobile-ichiban.com/Prod/1/01/36
2026-08-12T02:16:14.003080+00:00,iPhone 17 Pro Max 256GB,256GB,海峡通信,194000,194800,-800,WAIT,0,0,ok,目標未達,https://www.mobile-ichiban.com/Prod/1/01/37
2026-08-12T02:16:14.003080+00:00,iPhone 17 Pro Max 512GB,512GB,海峡通信,194000,229800,-35800,WAIT,0,-28500,ok,損益が監視ライン以下,https://www.mobile-ichiban.com/Prod/1/01/37
2026-08-12T04:50:21.170258+00:00,iPhone 17 Pro 256GB,256GB,海峡通信,,179800,,ALERT,,,failed,"海峡通信の取得に失敗: 3回リトライ後も取得失敗: HTTPSConnectionPool(host='www.mobile-ichiban.com', port=443): Max retries exceeded with url: /Prod/1/01/36 (Caused by ConnectTimeoutError(<HTTPSConnection(host='www.mobile-ichiban.com', port=443) at 0x7f65ee1feb70>, 'Connection to www.mobile-ichiban.com timed out. (connect timeout=20)'))",https://www.mobile-ichiban.com/Prod/1/01/36
2026-08-12T04:50:21.170258+00:00,iPhone 17 Pro 512GB,512GB,海峡通信,,214800,,ALERT,,,failed,"海峡通信の取得に失敗: 3回リトライ後も取得失敗: HTTPSConnectionPool(host='www.mobile-ichiban.com', port=443): Max retries exceeded with url: /Prod/1/01/36 (Caused by ConnectTimeoutError(<HTTPSConnection(host='www.mobile-ichiban.com', port=443) at 0x7f65ee1feb70>, 'Connection to www.mobile-ichiban.com timed out. (connect timeout=20)'))",https://www.mobile-ichiban.com/Prod/1/01/36
2026-08-12T04:50:21.170258+00:00,iPhone 17 Pro Max 256GB,256GB,海峡通信,,194800,,ALERT,,,failed,"海峡通信の取得に失敗: 3回リトライ後も取得失敗: HTTPSConnectionPool(host='www.mobile-ichiban.com', port=443): Max retries exceeded with url: /Prod/1/01/37 (Caused by ConnectTimeoutError(<HTTPSConnection(host='www.mobile-ichiban.com', port=443) at 0x7f65ed37f2c0>, 'Connection to www.mobile-ichiban.com timed out. (connect timeout=20)'))",https://www.mobile-ichiban.com/Prod/1/01/37
2026-08-12T04:50:21.170258+00:00,iPhone 17 Pro Max 512GB,512GB,海峡通信,,229800,,ALERT,,,failed,"海峡通信の取得に失敗: 3回リトライ後も取得失敗: HTTPSConnectionPool(host='www.mobile-ichiban.com', port=443): Max retries exceeded with url: /Prod/1/01/37 (Caused by ConnectTimeoutError(<HTTPSConnection(host='www.mobile-ichiban.com', port=443) at 0x7f65ed37f2c0>, 'Connection to www.mobile-ichiban.com timed out. (connect timeout=20)'))",https://www.mobile-ichiban.com/Prod/1/01/37
2026-08-12T06:17:37.721795+00:00,iPhone 17 Pro 256GB,256GB,海峡通信,183000,179800,3200,SELL,0,0,ok,売却目標に到達,https://www.mobile-ichiban.com/Prod/1/01/36
2026-08-12T06:17:37.721795+00:00,iPhone 17 Pro 512GB,512GB,海峡通信,183000,214800,-31800,WAIT,0,-28500,ok,損益が監視ライン以下,https://www.mobile-ichiban.com/Prod/1/01/36
2026-08-12T06:17:37.721795+00:00,iPhone 17 Pro Max 256GB,256GB,海峡通信,194000,194800,-800,WAIT,0,0,ok,目標未達,https://www.mobile-ichiban.com/Prod/1/01/37
2026-08-12T06:17:37.721795+00:00,iPhone 17 Pro Max 512GB,512GB,海峡通信,194000,229800,-35800,WAIT,0,-28500,ok,損益が監視ライン以下,https://www.mobile-ichiban.com/Prod/1/01/37
2026-08-12T08:20:53.902472+00:00,iPhone 17 Pro 256GB,256GB,海峡通信,183000,179800,3200,SELL,0,0,ok,売却目標に到達,https://www.mobile-ichiban.com/Prod/1/01/36
2026-08-12T08:20:53.902472+00:00,iPhone 17 Pro 512GB,512GB,海峡通信,183000,214800,-31800,WAIT,0,-28500,ok,損益が監視ライン以下,https://www.mobile-ichiban.com/Prod/1/01/36
2026-08-12T08:20:53.902472+00:00,iPhone 17 Pro Max 256GB,256GB,海峡通信,194000,194800,-800,WAIT,0,0,ok,目標未達,https://www.mobile-ichiban.com/Prod/1/01/37
2026-08-12T08:20:53.902472+00:00,iPhone 17 Pro Max 512GB,512GB,海峡通信,194000,229800,-35800,WAIT,0,-28500,ok,損益が監視ライン以下,https://www.mobile-ichiban.com/Prod/1/01/37
2026-08-12T10:10:23.548881+00:00,iPhone 17 Pro 256GB,256GB,海峡通信,183000,179800,3200,SELL,0,0,ok,売却目標に到達,https://www.mobile-ichiban.com/Prod/1/01/36
2026-08-12T10:10:23.548881+00:00,iPhone 17 Pro 512GB,512GB,海峡通信,183000,214800,-31800,WAIT,0,0,ok,損益が監視ライン以下,https://www.mobile-ichiban.com/Prod/1/01/36
2026-08-12T10:10:23.548881+00:00,iPhone 17 Pro Max 256GB,256GB,海峡通信,194000,194800,-800,WAIT,0,0,ok,目標未達,https://www.mobile-ichiban.com/Prod/1/01/37
2026-08-12T10:10:23.548881+00:00,iPhone 17 Pro Max 512GB,512GB,海峡通信,194000,229800,-35800,WAIT,0,0,ok,損益が監視ライン以下,https://www.mobile-ichiban.com/Prod/1/01/37
2026-08-12T11:50:24.753336+00:00,iPhone 17 Pro 256GB,256GB,海峡通信,183000,179800,3200,SELL,0,0,ok,売却目標に到達,https://www.mobile-ichiban.com/Prod/1/01/36
2026-08-12T11:50:24.753336+00:00,iPhone 17 Pro 512GB,512GB,海峡通信,183000,214800,-31800,WAIT,0,0,ok,損益が監視ライン以下,https://www.mobile-ichiban.com/Prod/1/01/36
2026-08-12T11:50:24.753336+00:00,iPhone 17 Pro Max 256GB,256GB,海峡通信,194000,194800,-800,WAIT,0,0,ok,目標未達,https://www.mobile-ichiban.com/Prod/1/01/37
2026-08-12T11:50:24.753336+00:00,iPhone 17 Pro Max 512GB,512GB,海峡通信,194000,229800,-35800,WAIT,0,0,ok,損益が監視ライン以下,https://www.mobile-ichiban.com/Prod/1/01/37
2026-08-12T13:18:03.283235+00:00,iPhone 17 Pro 256GB,256GB,海峡通信,183000,179800,3200,SELL,0,0,ok,売却目標に到達,https://www.mobile-ichiban.com/Prod/1/01/36
2026-08-12T13:18:03.283235+00:00,iPhone 17 Pro 512GB,512GB,海峡通信,183000,214800,-31800,WAIT,0,0,ok,損益が監視ライン以下,https://www.mobile-ichiban.com/Prod/1/01/36
2026-08-12T13:18:03.283235+00:00,iPhone 17 Pro Max 256GB,256GB,海峡通信,194000,194800,-800,WAIT,0,0,ok,目標未達,https://www.mobile-ichiban.com/Prod/1/01/37
2026-08-12T13:18:03.283235+00:00,iPhone 17 Pro Max 512GB,512GB,海峡通信,194000,229800,-35800,WAIT,0,0,ok,損益が監視ライン以下,https://www.mobile-ichiban.com/Prod/1/01/37
2026-08-12T15:01:05.402532+00:00,iPhone 17 Pro 256GB,256GB,海峡通信,183000,179800,3200,SELL,0,0,ok,売却目標に到達,https://www.mobile-ichiban.com/Prod/1/01/36
2026-08-12T15:01:05.402532+00:00,iPhone 17 Pro 512GB,512GB,海峡通信,183000,214800,-31800,WAIT,0,0,ok,損益が監視ライン以下,https://www.mobile-ichiban.com/Prod/1/01/36
2026-08-12T15:01:05.402532+00:00,iPhone 17 Pro Max 256GB,256GB,海峡通信,194000,194800,-800,WAIT,0,0,ok,目標未達,https://www.mobile-ichiban.com/Prod/1/01/37
2026-08-12T15:01:05.402532+00:00,iPhone 17 Pro Max 512GB,512GB,海峡通信,194000,229800,-35800,WAIT,0,0,ok,損益が監視ライン以下,https://www.mobile-ichiban.com/Prod/1/01/37
2026-08-12T17:02:12.086990+00:00,iPhone 17 Pro 256GB,256GB,海峡通信,183000,179800,3200,SELL,0,0,ok,売却目標に到達,https://www.mobile-ichiban.com/Prod/1/01/36
2026-08-12T17:02:12.086990+00:00,iPhone 17 Pro 512GB,512GB,海峡通信,183000,214800,-31800,WAIT,0,0,ok,損益が監視ライン以下,https://www.mobile-ichiban.com/Prod/1/01/36
2026-08-12T17:02:12.086990+00:00,iPhone 17 Pro Max 256GB,256GB,海峡通信,194000,194800,-800,WAIT,0,0,ok,目標未達,https://www.mobile-ichiban.com/Prod/1/01/37
2026-08-12T17:02:12.086990+00:00,iPhone 17 Pro Max 512GB,512GB,海峡通信,194000,229800,-35800,WAIT,0,0,ok,損益が監視ライン以下,https://www.mobile-ichiban.com/Prod/1/01/37
2026-08-12T18:01:44.977196+00:00,iPhone 17 Pro 256GB,256GB,海峡通信,183000,179800,3200,SELL,0,0,ok,売却目標に到達,https://www.mobile-ichiban.com/Prod/1/01/36
2026-08-12T18:01:44.977196+00:00,iPhone 17 Pro 512GB,512GB,海峡通信,183000,214800,-31800,WAIT,0,0,ok,損益が監視ライン以下,https://www.mobile-ichiban.com/Prod/1/01/36
2026-08-12T18:01:44.977196+00:00,iPhone 17 Pro Max 256GB,256GB,海峡通信,194000,194800,-800,WAIT,0,0,ok,目標未達,https://www.mobile-ichiban.com/Prod/1/01/37
2026-08-12T18:01:44.977196+00:00,iPhone 17 Pro Max 512GB,512GB,海峡通信,194000,229800,-35800,WAIT,0,0,ok,損益が監視ライン以下,https://www.mobile-ichiban.com/Prod/1/01/37
2026-08-12T20:01:04.713687+00:00,iPhone 17 Pro 256GB,256GB,海峡通信,183000,179800,3200,SELL,0,0,ok,売却目標に到達,https://www.mobile-ichiban.com/Prod/1/01/36
2026-08-12T20:01:04.713687+00:00,iPhone 17 Pro 512GB,512GB,海峡通信,183000,214800,-31800,WAIT,0,0,ok,損益が監視ライン以下,https://www.mobile-ichiban.com/Prod/1/01/36
2026-08-12T20:01:04.713687+00:00,iPhone 17 Pro Max 256GB,256GB,海峡通信,194000,194800,-800,WAIT,0,0,ok,目標未達,https://www.mobile-ichiban.com/Prod/1/01/37
2026-08-12T20:01:04.713687+00:00,iPhone 17 Pro Max 512GB,512GB,海峡通信,194000,229800,-35800,WAIT,0,0,ok,損益が監視ライン以下,https://www.mobile-ichiban.com/Prod/1/01/37
2026-08-12T21:51:07.624024+00:00,iPhone 17 Pro 256GB,256GB,海峡通信,183000,179800,3200,SELL,0,0,ok,売却目標に到達,https://www.mobile-ichiban.com/Prod/1/01/36
2026-08-12T21:51:07.624024+00:00,iPhone 17 Pro 512GB,512GB,海峡通信,183000,214800,-31800,WAIT,0,0,ok,損益が監視ライン以下,https://www.mobile-ichiban.com/Prod/1/01/36
2026-08-12T21:51:07.624024+00:00,iPhone 17 Pro Max 256GB,256GB,海峡通信,194000,194800,-800,WAIT,0,0,ok,目標未達,https://www.mobile-ichiban.com/Prod/1/01/37
2026-08-12T21:51:07.624024+00:00,iPhone 17 Pro Max 512GB,512GB,海峡通信,194000,229800,-35800,WAIT,0,0,ok,損益が監視ライン以下,https://www.mobile-ichiban.com/Prod/1/01/37
2026-08-12T22:45:26.722992+00:00,iPhone 17 Pro 256GB,256GB,海峡通信,183000,179800,3200,SELL,0,0,ok,売却目標に到達,https://www.mobile-ichiban.com/Prod/1/01/36
2026-08-12T22:45:26.722992+00:00,iPhone 17 Pro 512GB,512GB,海峡通信,183000,214800,-31800,WAIT,0,0,ok,損益が監視ライン以下,https://www.mobile-ichiban.com/Prod/1/01/36
2026-08-12T22:45:26.722992+00:00,iPhone 17 Pro Max 256GB,256GB,海峡通信,194000,194800,-800,WAIT,0,0,ok,目標未達,https://www.mobile-ichiban.com/Prod/1/01/37
2026-08-12T22:45:26.722992+00:00,iPhone 17 Pro Max 512GB,512GB,海峡通信,194000,229800,-35800,WAIT,0,0,ok,損益が監視ライン以下,https://www.mobile-ichiban.com/Prod/1/01/37
2026-08-12T23:47:03.888789+00:00,iPhone 17 Pro 256GB,256GB,海峡通信,,179800,,ALERT,,,failed,"海峡通信の取得に失敗: 3回リトライ後も取得失敗: HTTPSConnectionPool(host='www.mobile-ichiban.com', port=443): Max retries exceeded with url: /Prod/1/01/36 (Caused by ConnectTimeoutError(<HTTPSConnection(host='www.mobile-ichiban.com', port=443) at 0x7f12873bc320>, 'Connection to www.mobile-ichiban.com timed out. (connect timeout=20)'))",https://www.mobile-ichiban.com/Prod/1/01/36
2026-08-12T23:47:03.888789+00:00,iPhone 17 Pro 512GB,512GB,海峡通信,,214800,,ALERT,,,failed,"海峡通信の取得に失敗: 3回リトライ後も取得失敗: HTTPSConnectionPool(host='www.mobile-ichiban.com', port=443): Max retries exceeded with url: /Prod/1/01/36 (Caused by ConnectTimeoutError(<HTTPSConnection(host='www.mobile-ichiban.com', port=443) at 0x7f12873bc320>, 'Connection to www.mobile-ichiban.com timed out. (connect timeout=20)'))",https://www.mobile-ichiban.com/Prod/1/01/36
2026-08-12T23:47:03.888789+00:00,iPhone 17 Pro Max 256GB,256GB,海峡通信,,194800,,ALERT,,,failed,"海峡通信の取得に失敗: 3回リトライ後も取得失敗: HTTPSConnectionPool(host='www.mobile-ichiban.com', port=443): Max retries exceeded with url: /Prod/1/01/37 (Caused by ConnectTimeoutError(<HTTPSConnection(host='www.mobile-ichiban.com', port=443) at 0x7f12873e0380>, 'Connection to www.mobile-ichiban.com timed out. (connect timeout=20)'))",https://www.mobile-ichiban.com/Prod/1/01/37
2026-08-12T23:47:03.888789+00:00,iPhone 17 Pro Max 512GB,512GB,海峡通信,,229800,,ALERT,,,failed,"海峡通信の取得に失敗: 3回リトライ後も取得失敗: HTTPSConnectionPool(host='www.mobile-ichiban.com', port=443): Max retries exceeded with url: /Prod/1/01/37 (Caused by ConnectTimeoutError(<HTTPSConnection(host='www.mobile-ichiban.com', port=443) at 0x7f12873e0380>, 'Connection to www.mobile-ichiban.com timed out. (connect timeout=20)'))",https://www.mobile-ichiban.com/Prod/1/01/37
2026-08-13T02:19:50.195336+00:00,iPhone 17 Pro 256GB,256GB,海峡通信,183000,179800,3200,SELL,0,0,ok,売却目標に到達,https://www.mobile-ichiban.com/Prod/1/01/36
2026-08-13T02:19:50.195336+00:00,iPhone 17 Pro 512GB,512GB,海峡通信,183000,214800,-31800,WAIT,0,0,ok,損益が監視ライン以下,https://www.mobile-ichiban.com/Prod/1/01/36
2026-08-13T02:19:50.195336+00:00,iPhone 17 Pro Max 256GB,256GB,海峡通信,194000,194800,-800,WAIT,0,0,ok,目標未達,https://www.mobile-ichiban.com/Prod/1/01/37
2026-08-13T02:19:50.195336+00:00,iPhone 17 Pro Max 512GB,512GB,海峡通信,194000,229800,-35800,WAIT,0,0,ok,損益が監視ライン以下,https://www.mobile-ichiban.com/Prod/1/01/37
2026-08-13T04:54:20.267339+00:00,iPhone 17 Pro 256GB,256GB,海峡通信,183000,179800,3200,SELL,0,0,ok,売却目標に到達,https://www.mobile-ichiban.com/Prod/1/01/36
2026-08-13T04:54:20.267339+00:00,iPhone 17 Pro 512GB,512GB,海峡通信,183000,214800,-31800,WAIT,0,0,ok,損益が監視ライン以下,https://www.mobile-ichiban.com/Prod/1/01/36
2026-08-13T04:54:20.267339+00:00,iPhone 17 Pro Max 256GB,256GB,海峡通信,194000,194800,-800,WAIT,0,0,ok,目標未達,https://www.mobile-ichiban.com/Prod/1/01/37
2026-08-13T04:54:20.267339+00:00,iPhone 17 Pro Max 512GB,512GB,海峡通信,194000,229800,-35800,WAIT,0,0,ok,損益が監視ライン以下,https://www.mobile-ichiban.com/Prod/1/01/37
2026-08-13T06:19:53.114968+00:00,iPhone 17 Pro 256GB,256GB,海峡通信,183000,179800,3200,SELL,0,0,ok,売却目標に到達,https://www.mobile-ichiban.com/Prod/1/01/36
2026-08-13T06:19:53.114968+00:00,iPhone 17 Pro 512GB,512GB,海峡通信,183000,214800,-31800,WAIT,0,0,ok,損益が監視ライン以下,https://www.mobile-ichiban.com/Prod/1/01/36
2026-08-13T06:19:53.114968+00:00,iPhone 17 Pro Max 256GB,256GB,海峡通信,194000,194800,-800,WAIT,0,0,ok,目標未達,https://www.mobile-ichiban.com/Prod/1/01/37
2026-08-13T06:19:53.114968+00:00,iPhone 17 Pro Max 512GB,512GB,海峡通信,194000,229800,-35800,WAIT,0,0,ok,損益が監視ライン以下,https://www.mobile-ichiban.com/Prod/1/01/37
2026-08-13T08:23:59.540985+00:00,iPhone 17 Pro 256GB,256GB,海峡通信,183000,179800,3200,SELL,0,0,ok,売却目標に到達,https://www.mobile-ichiban.com/Prod/1/01/36
2026-08-13T08:23:59.540985+00:00,iPhone 17 Pro 512GB,512GB,海峡通信,183000,214800,-31800,WAIT,0,0,ok,損益が監視ライン以下,https://www.mobile-ichiban.com/Prod/1/01/36
2026-08-13T08:23:59.540985+00:00,iPhone 17 Pro Max 256GB,256GB,海峡通信,194000,194800,-800,WAIT,0,0,ok,目標未達,https://www.mobile-ichiban.com/Prod/1/01/37
2026-08-13T08:23:59.540985+00:00,iPhone 17 Pro Max 512GB,512GB,海峡通信,194000,229800,-35800,WAIT,0,0,ok,損益が監視ライン以下,https://www.mobile-ichiban.com/Prod/1/01/37
2026-08-13T10:11:19.477134+00:00,iPhone 17 Pro 256GB,256GB,海峡通信,183000,179800,3200,SELL,0,0,ok,売却目標に到達,https://www.mobile-ichiban.com/Prod/1/01/36
2026-08-13T10:11:19.477134+00:00,iPhone 17 Pro 512GB,512GB,海峡通信,183000,214800,-31800,WAIT,0,0,ok,損益が監視ライン以下,https://www.mobile-ichiban.com/Prod/1/01/36
2026-08-13T10:11:19.477134+00:00,iPhone 17 Pro Max 256GB,256GB,海峡通信,194000,194800,-800,WAIT,0,0,ok,目標未達,https://www.mobile-ichiban.com/Prod/1/01/37
2026-08-13T10:11:19.477134+00:00,iPhone 17 Pro Max 512GB,512GB,海峡通信,194000,229800,-35800,WAIT,0,0,ok,損益が監視ライン以下,https://www.mobile-ichiban.com/Prod/1/01/37
2026-08-13T11:51:09.808577+00:00,iPhone 17 Pro 256GB,256GB,海峡通信,183000,179800,3200,SELL,0,0,ok,売却目標に到達,https://www.mobile-ichiban.com/Prod/1/01/36
2026-08-13T11:51:09.808577+00:00,iPhone 17 Pro 512GB,512GB,海峡通信,183000,214800,-31800,WAIT,0,0,ok,損益が監視ライン以下,https://www.mobile-ichiban.com/Prod/1/01/36
2026-08-13T11:51:09.808577+00:00,iPhone 17 Pro Max 256GB,256GB,海峡通信,194000,194800,-800,WAIT,0,0,ok,目標未達,https://www.mobile-ichiban.com/Prod/1/01/37
2026-08-13T11:51:09.808577+00:00,iPhone 17 Pro Max 512GB,512GB,海峡通信,194000,229800,-35800,WAIT,0,0,ok,損益が監視ライン以下,https://www.mobile-ichiban.com/Prod/1/01/37
2026-08-13T13:20:04.160498+00:00,iPhone 17 Pro 256GB,256GB,海峡通信,183000,179800,3200,SELL,0,0,ok,売却目標に到達,https://www.mobile-ichiban.com/Prod/1/01/36
2026-08-13T13:20:04.160498+00:00,iPhone 17 Pro 512GB,512GB,海峡通信,183000,214800,-31800,WAIT,0,0,ok,損益が監視ライン以下,https://www.mobile-ichiban.com/Prod/1/01/36
2026-08-13T13:20:04.160498+00:00,iPhone 17 Pro Max 256GB,256GB,海峡通信,194000,194800,-800,WAIT,0,0,ok,目標未達,https://www.mobile-ichiban.com/Prod/1/01/37
2026-08-13T13:20:04.160498+00:00,iPhone 17 Pro Max 512GB,512GB,海峡通信,194000,229800,-35800,WAIT,0,0,ok,損益が監視ライン以下,https://www.mobile-ichiban.com/Prod/1/01/37
2026-08-13T15:01:21.524430+00:00,iPhone 17 Pro 256GB,256GB,海峡通信,183000,179800,3200,SELL,0,0,ok,売却目標に到達,https://www.mobile-ichiban.com/Prod/1/01/36
2026-08-13T15:01:21.524430+00:00,iPhone 17 Pro 512GB,512GB,海峡通信,183000,214800,-31800,WAIT,0,0,ok,損益が監視ライン以下,https://www.mobile-ichiban.com/Prod/1/01/36
2026-08-13T15:01:21.524430+00:00,iPhone 17 Pro Max 256GB,256GB,海峡通信,194000,194800,-800,WAIT,0,0,ok,目標未達,https://www.mobile-ichiban.com/Prod/1/01/37
2026-08-13T15:01:21.524430+00:00,iPhone 17 Pro Max 512GB,512GB,海峡通信,194000,229800,-35800,WAIT,0,0,ok,損益が監視ライン以下,https://www.mobile-ichiban.com/Prod/1/01/37
2026-08-13T16:59:18.896026+00:00,iPhone 17 Pro 256GB,256GB,海峡通信,183000,179800,3200,SELL,0,0,ok,売却目標に到達,https://www.mobile-ichiban.com/Prod/1/01/36
2026-08-13T16:59:18.896026+00:00,iPhone 17 Pro 512GB,512GB,海峡通信,183000,214800,-31800,WAIT,0,0,ok,損益が監視ライン以下,https://www.mobile-ichiban.com/Prod/1/01/36
2026-08-13T16:59:18.896026+00:00,iPhone 17 Pro Max 256GB,256GB,海峡通信,194000,194800,-800,WAIT,0,0,ok,目標未達,https://www.mobile-ichiban.com/Prod/1/01/37
2026-08-13T16:59:18.896026+00:00,iPhone 17 Pro Max 512GB,512GB,海峡通信,194000,229800,-35800,WAIT,0,0,ok,損益が監視ライン以下,https://www.mobile-ichiban.com/Prod/1/01/37
2026-08-13T18:01:57.494372+00:00,iPhone 17 Pro 256GB,256GB,海峡通信,183000,179800,3200,SELL,0,0,ok,売却目標に到達,https://www.mobile-ichiban.com/Prod/1/01/36
2026-08-13T18:01:57.494372+00:00,iPhone 17 Pro 512GB,512GB,海峡通信,183000,214800,-31800,WAIT,0,0,ok,損益が監視ライン以下,https://www.mobile-ichiban.com/Prod/1/01/36
2026-08-13T18:01:57.494372+00:00,iPhone 17 Pro Max 256GB,256GB,海峡通信,194000,194800,-800,WAIT,0,0,ok,目標未達,https://www.mobile-ichiban.com/Prod/1/01/37
2026-08-13T18:01:57.494372+00:00,iPhone 17 Pro Max 512GB,512GB,海峡通信,194000,229800,-35800,WAIT,0,0,ok,損益が監視ライン以下,https://www.mobile-ichiban.com/Prod/1/01/37
2026-08-13T19:56:38.661905+00:00,iPhone 17 Pro 256GB,256GB,海峡通信,,179800,,ALERT,,,failed,"海峡通信の取得に失敗: 3回リトライ後も取得失敗: HTTPSConnectionPool(host='www.mobile-ichiban.com', port=443): Max retries exceeded with url: /Prod/1/01/36 (Caused by ConnectTimeoutError(<HTTPSConnection(host='www.mobile-ichiban.com', port=443) at 0x7f0f02919fa0>, 'Connection to www.mobile-ichiban.com timed out. (connect timeout=20)'))",https://www.mobile-ichiban.com/Prod/1/01/36
2026-08-13T19:56:38.661905+00:00,iPhone 17 Pro 512GB,512GB,海峡通信,,214800,,ALERT,,,failed,"海峡通信の取得に失敗: 3回リトライ後も取得失敗: HTTPSConnectionPool(host='www.mobile-ichiban.com', port=443): Max retries exceeded with url: /Prod/1/01/36 (Caused by ConnectTimeoutError(<HTTPSConnection(host='www.mobile-ichiban.com', port=443) at 0x7f0f02919fa0>, 'Connection to www.mobile-ichiban.com timed out. (connect timeout=20)'))",https://www.mobile-ichiban.com/Prod/1/01/36
2026-08-13T19:56:38.661905+00:00,iPhone 17 Pro Max 256GB,256GB,海峡通信,,194800,,ALERT,,,failed,"海峡通信の取得に失敗: 3回リトライ後も取得失敗: HTTPSConnectionPool(host='www.mobile-ichiban.com', port=443): Max retries exceeded with url: /Prod/1/01/37 (Caused by ConnectTimeoutError(<HTTPSConnection(host='www.mobile-ichiban.com', port=443) at 0x7f0f029385c0>, 'Connection to www.mobile-ichiban.com timed out. (connect timeout=20)'))",https://www.mobile-ichiban.com/Prod/1/01/37
2026-08-13T19:56:38.661905+00:00,iPhone 17 Pro Max 512GB,512GB,海峡通信,,229800,,ALERT,,,failed,"海峡通信の取得に失敗: 3回リトライ後も取得失敗: HTTPSConnectionPool(host='www.mobile-ichiban.com', port=443): Max retries exceeded with url: /Prod/1/01/37 (Caused by ConnectTimeoutError(<HTTPSConnection(host='www.mobile-ichiban.com', port=443) at 0x7f0f029385c0>, 'Connection to www.mobile-ichiban.com timed out. (connect timeout=20)'))",https://www.mobile-ichiban.com/Prod/1/01/37
2026-08-13T20:53:29.861920+00:00,iPhone 17 Pro 256GB,256GB,海峡通信,183000,179800,3200,SELL,0,0,ok,売却目標に到達,https://www.mobile-ichiban.com/Prod/1/01/36
2026-08-13T20:53:29.861920+00:00,iPhone 17 Pro 512GB,512GB,海峡通信,183000,214800,-31800,WAIT,0,0,ok,損益が監視ライン以下,https://www.mobile-ichiban.com/Prod/1/01/36
2026-08-13T20:53:29.861920+00:00,iPhone 17 Pro Max 256GB,256GB,海峡通信,194000,194800,-800,WAIT,0,0,ok,目標未達,https://www.mobile-ichiban.com/Prod/1/01/37
2026-08-13T20:53:29.861920+00:00,iPhone 17 Pro Max 512GB,512GB,海峡通信,194000,229800,-35800,WAIT,0,0,ok,損益が監視ライン以下,https://www.mobile-ichiban.com/Prod/1/01/37
2026-08-13T21:50:56.949615+00:00,iPhone 17 Pro 256GB,256GB,海峡通信,183000,179800,3200,SELL,0,0,ok,売却目標に到達,https://www.mobile-ichiban.com/Prod/1/01/36
2026-08-13T21:50:56.949615+00:00,iPhone 17 Pro 512GB,512GB,海峡通信,183000,214800,-31800,WAIT,0,0,ok,損益が監視ライン以下,https://www.mobile-ichiban.com/Prod/1/01/36
2026-08-13T21:50:56.949615+00:00,iPhone 17 Pro Max 256GB,256GB,海峡通信,194000,194800,-800,WAIT,0,0,ok,目標未達,https://www.mobile-ichiban.com/Prod/1/01/37
2026-08-13T21:50:56.949615+00:00,iPhone 17 Pro Max 512GB,512GB,海峡通信,194000,229800,-35800,WAIT,0,0,ok,損益が監視ライン以下,https://www.mobile-ichiban.com/Prod/1/01/37
2026-08-13T22:47:43.462782+00:00,iPhone 17 Pro 256GB,256GB,海峡通信,183000,179800,3200,SELL,0,0,ok,売却目標に到達,https://www.mobile-ichiban.com/Prod/1/01/36
2026-08-13T22:47:43.462782+00:00,iPhone 17 Pro 512GB,512GB,海峡通信,183000,214800,-31800,WAIT,0,0,ok,損益が監視ライン以下,https://www.mobile-ichiban.com/Prod/1/01/36
2026-08-13T22:47:43.462782+00:00,iPhone 17 Pro Max 256GB,256GB,海峡通信,194000,194800,-800,WAIT,0,0,ok,目標未達,https://www.mobile-ichiban.com/Prod/1/01/37
2026-08-13T22:47:43.462782+00:00,iPhone 17 Pro Max 512GB,512GB,海峡通信,194000,229800,-35800,WAIT,0,0,ok,損益が監視ライン以下,https://www.mobile-ichiban.com/Prod/1/01/37
2026-08-13T23:45:55.115995+00:00,iPhone 17 Pro 256GB,256GB,海峡通信,183000,179800,3200,SELL,0,0,ok,売却目標に到達,https://www.mobile-ichiban.com/Prod/1/01/36
2026-08-13T23:45:55.115995+00:00,iPhone 17 Pro 512GB,512GB,海峡通信,183000,214800,-31800,WAIT,0,0,ok,損益が監視ライン以下,https://www.mobile-ichiban.com/Prod/1/01/36
2026-08-13T23:45:55.115995+00:00,iPhone 17 Pro Max 256GB,256GB,海峡通信,194000,194800,-800,WAIT,0,0,ok,目標未達,https://www.mobile-ichiban.com/Prod/1/01/37
2026-08-13T23:45:55.115995+00:00,iPhone 17 Pro Max 512GB,512GB,海峡通信,194000,229800,-35800,WAIT,0,0,ok,損益が監視ライン以下,https://www.mobile-ichiban.com/Prod/1/01/37
2026-08-14T02:16:33.209981+00:00,iPhone 17 Pro 256GB,256GB,海峡通信,183000,179800,3200,SELL,0,0,ok,売却目標に到達,https://www.mobile-ichiban.com/Prod/1/01/36
2026-08-14T02:16:33.209981+00:00,iPhone 17 Pro 512GB,512GB,海峡通信,183000,214800,-31800,WAIT,0,0,ok,損益が監視ライン以下,https://www.mobile-ichiban.com/Prod/1/01/36
2026-08-14T02:16:33.209981+00:00,iPhone 17 Pro Max 256GB,256GB,海峡通信,194000,194800,-800,WAIT,0,0,ok,目標未達,https://www.mobile-ichiban.com/Prod/1/01/37
2026-08-14T02:16:33.209981+00:00,iPhone 17 Pro Max 512GB,512GB,海峡通信,194000,229800,-35800,WAIT,0,0,ok,損益が監視ライン以下,https://www.mobile-ichiban.com/Prod/1/01/37
2026-08-14T04:51:28.540226+00:00,iPhone 17 Pro 256GB,256GB,海峡通信,,179800,,ALERT,,,failed,"海峡通信の取得に失敗: 3回リトライ後も取得失敗: HTTPSConnectionPool(host='www.mobile-ichiban.com', port=443): Max retries exceeded with url: /Prod/1/01/36 (Caused by ConnectTimeoutError(<HTTPSConnection(host='www.mobile-ichiban.com', port=443) at 0x7f55c8218890>, 'Connection to www.mobile-ichiban.com timed out. (connect timeout=20)'))",https://www.mobile-ichiban.com/Prod/1/01/36
2026-08-14T04:51:28.540226+00:00,iPhone 17 Pro 512GB,512GB,海峡通信,,214800,,ALERT,,,failed,"海峡通信の取得に失敗: 3回リトライ後も取得失敗: HTTPSConnectionPool(host='www.mobile-ichiban.com', port=443): Max retries exceeded with url: /Prod/1/01/36 (Caused by ConnectTimeoutError(<HTTPSConnection(host='www.mobile-ichiban.com', port=443) at 0x7f55c8218890>, 'Connection to www.mobile-ichiban.com timed out. (connect timeout=20)'))",https://www.mobile-ichiban.com/Prod/1/01/36
2026-08-14T04:51:28.540226+00:00,iPhone 17 Pro Max 256GB,256GB,海峡通信,,194800,,ALERT,,,failed,"海峡通信の取得に失敗: 3回リトライ後も取得失敗: HTTPSConnectionPool(host='www.mobile-ichiban.com', port=443): Max retries exceeded with url: /Prod/1/01/37 (Caused by ConnectTimeoutError(<HTTPSConnection(host='www.mobile-ichiban.com', port=443) at 0x7f55c823c620>, 'Connection to www.mobile-ichiban.com timed out. (connect timeout=20)'))",https://www.mobile-ichiban.com/Prod/1/01/37
2026-08-14T04:51:28.540226+00:00,iPhone 17 Pro Max 512GB,512GB,海峡通信,,229800,,ALERT,,,failed,"海峡通信の取得に失敗: 3回リトライ後も取得失敗: HTTPSConnectionPool(host='www.mobile-ichiban.com', port=443): Max retries exceeded with url: /Prod/1/01/37 (Caused by ConnectTimeoutError(<HTTPSConnection(host='www.mobile-ichiban.com', port=443) at 0x7f55c823c620>, 'Connection to www.mobile-ichiban.com timed out. (connect timeout=20)'))",https://www.mobile-ichiban.com/Prod/1/01/37
2026-08-14T06:17:21.230270+00:00,iPhone 17 Pro 256GB,256GB,海峡通信,183000,179800,3200,SELL,0,0,ok,売却目標に到達,https://www.mobile-ichiban.com/Prod/1/01/36
2026-08-14T06:17:21.230270+00:00,iPhone 17 Pro 512GB,512GB,海峡通信,183000,214800,-31800,WAIT,0,0,ok,損益が監視ライン以下,https://www.mobile-ichiban.com/Prod/1/01/36
2026-08-14T06:17:21.230270+00:00,iPhone 17 Pro Max 256GB,256GB,海峡通信,194000,194800,-800,WAIT,0,0,ok,目標未達,https://www.mobile-ichiban.com/Prod/1/01/37
2026-08-14T06:17:21.230270+00:00,iPhone 17 Pro Max 512GB,512GB,海峡通信,194000,229800,-35800,WAIT,0,0,ok,損益が監視ライン以下,https://www.mobile-ichiban.com/Prod/1/01/37
